file,line,text
src/components/calculator/MortgageCalculatorWidget.tsx,26,"const [interestRate, setInterestRate] = useState<number>(6.5); // Updated to 2026 average"
src/components/calculator/MortgageCalculatorWidget.tsx,27,"const [loanTerm, setLoanTerm] = useState<number>(30); // Standard term"
src/components/calculator/MortgageCalculatorWidget.tsx,28,"const [propertyTax, setPropertyTax] = useState<number>(Math.round(initialHomePrice * 0.011)); // 1.1% avg"
src/components/calculator/MortgageCalculatorWidget.tsx,29,"const [insurance, setInsurance] = useState<number>(Math.round(initialHomePrice * 0.0035)); // 0.35% avg"
src/components/calculator/MortgageCalculatorWidget.tsx,30,"const [hoa, setHoa] = useState<number>(0);"
src/components/calculator/CalculatorContainer.tsx,38,"<div className={cn(""w-full lg:w-[45%] bg-surface-container-highest rounded-2xl p-6 sm:p-8 shadow-sm"", className)}>"
src/components/calculator/CalculatorContainer.tsx,62,"<div className={cn(""w-full min-w-0 lg:w-[55%] flex flex-col gap-10"", className)}>"
src/components/pseo/PSEOPageTemplate.tsx,37,monthlyPayment = monthlyGross * 0.28; // Standard 28% housing rule
src/components/pseo/PSEOPageTemplate.tsx,141,"Pro Tip: Did you know that increasing your payment by just 10% each month could shave years off your mortgage and save you thousands in total interest? See our guide on <Link href=""/blog/fixed-vs-variable-mortgage"" className=""text-primary hover:underline font-bold"">fixed vs variable mortgages</Link> for more strategy."
src/components/pseo/PSEOPageTemplate.tsx,233,Join thousands of smart borrowers who used our calculators to plan their future with 100% mathematical certainty.
src/components/blog/FixedVsVariableWidget.tsx,9,"const [loanAmount, setLoanAmount] = useState<number>(350000);"
src/components/blog/FixedVsVariableWidget.tsx,10,"const [fixedRate, setFixedRate] = useState<number>(6.5);"
src/components/blog/FixedVsVariableWidget.tsx,11,"const [variableRate, setVariableRate] = useState<number>(5.5);"
src/components/blog/FixedVsVariableWidget.tsx,12,"const [fixedPayment, setFixedPayment] = useState<number>(0);"
src/components/blog/FixedVsVariableWidget.tsx,13,"const [variablePayment, setVariablePayment] = useState<number>(0);"
src/components/blog/FixedVsVariableWidget.tsx,78,"<span className=""text-xs bg-teal-100 text-teal-700 dark:bg-teal-900/30 dark:text-teal-400 px-2 py-1 rounded-full font-bold"">100% Locked</span>"
src/components/blog/BorrowingCalculatorWidget.tsx,9,"const [income, setIncome] = useState<number>(75000);"
src/components/blog/BorrowingCalculatorWidget.tsx,10,"const [debts, setDebts] = useState<number>(400);"
src/components/blog/BorrowingCalculatorWidget.tsx,11,"const [rate, setRate] = useState<number>(6.5);"
src/components/blog/BorrowingCalculatorWidget.tsx,12,"const [term, setTerm] = useState<number>(30);"
src/components/blog/BorrowingCalculatorWidget.tsx,14,"const [frontEndLimit, setFrontEndLimit] = useState<number>(0);"
src/components/blog/BorrowingCalculatorWidget.tsx,15,"const [backEndLimit, setBackEndLimit] = useState<number>(0);"
src/components/blog/BorrowingCalculatorWidget.tsx,16,"const [maxLoanAmount, setMaxLoanAmount] = useState<number>(0);"
src/components/blog/BorrowingCalculatorWidget.tsx,20,// Estimating $250 for property taxes and insurance (PITI - PI = TI)
src/components/blog/BorrowingCalculatorWidget.tsx,138,"Based on the {limitingFactor === ""front"" ? ""28% Front-End"" : ""36% Back-End""} rule, this is the maximum loan amount you may qualify for given current market assumptions."
src/components/blog/BorrowingCalculatorWidget.tsx,146,"<span className=""text-xs font-bold text-on-surface-variant uppercase"">Front-End (28%)</span>"
src/components/blog/BorrowingCalculatorWidget.tsx,150,"<div className=""h-full bg-primary"" style={{ width: '100%' }}></div>"
src/components/blog/BorrowingCalculatorWidget.tsx,157,"<span className=""text-xs font-bold text-on-surface-variant uppercase"">Back-End (36%)</span>"
src/components/blog/BorrowingCalculatorWidget.tsx,181,This estimate assumes approximately $250/month for taxes and insurance. Real-world costs vary significantly by zip code and down payment amount. Always consult a licensed professional before making financial commitments.
src/components/blog/BlogThumbnail.tsx,87,"<div className=""absolute top-[-10%] left-[-10%] w-1/2 h-1/2 rounded-full bg-white blur-3xl"" />"
src/components/blog/BlogThumbnail.tsx,88,"<div className=""absolute bottom-[-10%] right-[-10%] w-1/2 h-1/2 rounded-full bg-primary blur-3xl"" />"
src/lib/pseo-data.ts,31,"amount: 300000,"
src/lib/pseo-data.ts,32,"rate: 6,"
src/lib/pseo-data.ts,33,"term: 30,"
src/lib/pseo-data.ts,35,"customTitle: ""$300,000 Mortgage at 6%: Your Complete Payment Breakdown"","
src/lib/pseo-data.ts,36,"customDescription: ""What is the monthly payment on a $300,000 mortgage at 6% interest? See your exact P&I payment, full PITI breakdown, total interest cost, income requirements, and amortization schedule."","
src/lib/pseo-data.ts,37,"customH1: ""$300,000 Mortgage at 6%: Your Complete Payment Breakdown"","
src/lib/pseo-data.ts,38,"customIntro: ""A $300,000 mortgage at 6% is one of the most common loan scenarios in the US — typical for first-time buyers in affordable to mid-range markets across the Midwest, South, and Mountain West in 2026. This page gives you the exact monthly payment at every term, a full PITI breakdown including taxes and insurance, the income you need to qualify, and a rate sensitivity table showing exactly what a better or worse rate would cost. Use the <a href='/mortgage-calculator'>mortgage calculator</a> above to adjust for your specific down payment and term."","
src/lib/pseo-data.ts,40,"<h2>Monthly Payment on a $300,000 Mortgage at 6%</h2>"
src/lib/pseo-data.ts,41,"<p>The term of your loan is the biggest factor in determining your monthly cash flow versus your total interest savings. Here is the breakdown for a $300,000 balance at a 6% fixed rate:</p>"
src/lib/pseo-data.ts,54,"<tr class=""border-b border-outline-variant/30""><td class=""py-3 px-4 text-sm"">10 years</td><td class=""py-3 px-4 text-sm"">$3,330</td><td class=""py-3 px-4 text-sm"">$99,600</td><td class=""py-3 px-4 text-sm"">$399,600</td></tr>"
src/lib/pseo-data.ts,55,"<tr class=""border-b border-outline-variant/30 font-bold bg-primary/5""><td class=""py-3 px-4 text-sm"">15 years</td><td class=""py-3 px-4 text-sm"">$2,532</td><td class=""py-3 px-4 text-sm"">$155,760</td><td class=""py-3 px-4 text-sm"">$455,760</td></tr>"
src/lib/pseo-data.ts,56,"<tr class=""border-b border-outline-variant/30""><td class=""py-3 px-4 text-sm"">20 years</td><td class=""py-3 px-4 text-sm"">$2,149</td><td class=""py-3 px-4 text-sm"">$215,760</td><td class=""py-3 px-4 text-sm"">$515,760</td></tr>"
src/lib/pseo-data.ts,57,"<tr class=""border-b border-outline-variant/30""><td class=""py-3 px-4 text-sm"">25 years</td><td class=""py-3 px-4 text-sm"">$1,933</td><td class=""py-3 px-4 text-sm"">$279,900</td><td class=""py-3 px-4 text-sm"">$579,900</td></tr>"
src/lib/pseo-data.ts,58,"<tr class=""border-b border-outline-variant/30 font-bold text-primary""><td class=""py-3 px-4 text-sm"">30 years</td><td class=""py-3 px-4 text-sm"">$1,799</td><td class=""py-3 px-4 text-sm"">$347,640</td><td class=""py-3 px-4 text-sm"">$647,640</td></tr>"
src/lib/pseo-data.ts,63,"<p>At 6% over 30 years the monthly principal and interest payment is $1,799 — and the total interest paid over the life of the loan is $347,640. Choosing a <a href=""/blog/15-vs-30-year-mortgage"">15-year vs 30-year mortgage comparison</a> shows that the shorter term saves $191,880 in interest but adds $733 to the monthly payment. You can view the full year-by-year equity growth on our <a href=""/amortization-schedule"">amortization schedule</a>.</p>"
src/lib/pseo-data.ts,66,"<p>Your actual check to the bank includes more than just principal and interest. Here is a realistic breakdown for a $334,000 home purchase with 10% down ($34,000), resulting in a $300,000 loan at 6% over 30 years:</p>"
src/lib/pseo-data.ts,69,"<li><strong>Principal and Interest:</strong> $1,799</li>"
src/lib/pseo-data.ts,70,<li><strong>Property Tax (1.1%/yr):</strong> $306</li>
src/lib/pseo-data.ts,71,<li><strong>Homeowners Insurance:</strong> $110</li>
src/lib/pseo-data.ts,72,<li><strong>Private Mortgage Insurance (PMI):</strong> $125</li>
src/lib/pseo-data.ts,73,"<li><strong>Total Monthly Payment:</strong> $2,340</li>"
src/lib/pseo-data.ts,76,"<p>Note that PMI typically cancels once you reach 20% equity (as defined by the <a href=""https://www.consumerfinance.gov"" target=""_blank"" rel=""noopener noreferrer"">Consumer Financial Protection Bureau</a>), dropping your total monthly cost to approximately $2,215. Property taxes vary significantly by state — please use our <a href=""/mortgage-calculator"">mortgage calculator</a> for a personalised PITI breakdown based on your local rates. Also, check our <a href=""/blog/down-payment-guide"">down payment guide</a> for more on avoiding PMI.</p>"
src/lib/pseo-data.ts,78,"<h2>What Income Do You Need for a $300,000 Mortgage at 6%?</h2>"
src/lib/pseo-data.ts,79,"<p>Most lenders follow the 28% rule, which states your housing costs shouldn't exceed 28% of your gross monthly income. Here is the income required for a <strong>$300000 mortgage monthly payment 6 percent</strong> scenario:</p>"
src/lib/pseo-data.ts,91,"<tr class=""border-b border-outline-variant/30""><td>P&I only</td><td>$1,799</td><td>~$77,100</td></tr>"
src/lib/pseo-data.ts,92,"<tr class=""border-b border-outline-variant/30 font-bold bg-primary/5""><td>Full PITI (example)</td><td>$2,340</td><td>~$100,286</td></tr>"
src/lib/pseo-data.ts,93,"<tr class=""border-b border-outline-variant/30""><td>With $400 other debts</td><td>$2,740</td><td>~$117,429</td></tr>"
src/lib/pseo-data.ts,97,"<p>Most buyers will need a household income between $77,000 and $117,000 to comfortably qualify depending on existing debts and local property taxes. You can get a personalized requirement using our <a href=""/affordability-calculator"">affordability calculator</a> or read about <a href=""/blog/how-much-house-can-i-afford"">how much house you can afford</a>.</p>"
src/lib/pseo-data.ts,99,"<h2>How 6% Compares to Other Rates on a $300,000 Loan</h2>"
src/lib/pseo-data.ts,100,"<p>How does 6% sit relative to current benchmarks? According to <a href=""https://fred.stlouisfed.org"" target=""_blank"" rel=""noopener noreferrer"">Federal Reserve Economic Data</a>, small rate movements have big consequences. Here is the sensitivity for a 30-year term:</p>"
src/lib/pseo-data.ts,108,"<th class=""py-3 px-4 font-bold text-sm"">Difference vs 6%</th>"
src/lib/pseo-data.ts,113,"<tr class=""border-b border-outline-variant/30""><td>5.0%</td><td>$1,610</td><td>−$189/month</td><td>$279,600</td></tr>"
src/lib/pseo-data.ts,114,"<tr class=""border-b border-outline-variant/30""><td>5.5%</td><td>$1,703</td><td>−$96/month</td><td>$313,080</td></tr>"
src/lib/pseo-data.ts,115,"<tr class=""border-b border-outline-variant/30 font-bold text-primary""><td>6.0%</td><td>$1,799</td><td>—</td><td>$347,640</td></tr>"
src/lib/pseo-data.ts,116,"<tr class=""border-b border-outline-variant/30""><td>6.5%</td><td>$1,896</td><td>+$97/month</td><td>$382,560</td></tr>"
src/lib/pseo-data.ts,117,"<tr class=""border-b border-outline-variant/30""><td>7.0%</td><td>$1,996</td><td>+$197/month</td><td>$418,560</td></tr>"
src/lib/pseo-data.ts,118,"<tr class=""border-b border-outline-variant/30 bg-primary/5""><td>7.5%</td><td>$2,098</td><td>+$299/month</td><td>$455,280</td></tr>"
src/lib/pseo-data.ts,122,"<p>A 1% rate increase adds approximately $197–$299/month and over $70,000 in total interest. Check out our <a href=""/blog/interest-rate-impact"">how your rate affects total cost</a> guide for more. If rates drop after you close, the <a href=""/refinancing-calculator"">refinancing calculator</a> can help you find your break-even point. Also, see our related guides on a <a href=""/calculator/400k-mortgage-monthly-payment-4-percent"">$400,000 mortgage at 4%</a> and a <a href=""/calculator/250k-mortgage-monthly-payment-3-5-percent"">$250,000 mortgage at 3.5%</a>.</p>"
src/lib/pseo-data.ts,140,"<h2>Is $300,000 the Right Loan Amount for You?</h2>"
src/lib/pseo-data.ts,141,"<p>$300,000 sits in a comfortable middle ground for U.S. buyers, but the right number depends on what you're financing and how much monthly cushion you want. Using the same 6% rate as this page, a $350,000 loan runs $2,098/month in principal and interest — $299 more than the $300,000 payment above, and it requires roughly $12,800 more in annual income to qualify under the standard 28% rule. See the full <a href=""/calculator/350k-mortgage-monthly-payment-6-5-percent"">$350,000 mortgage breakdown</a>. Drop to $250,000 instead and the payment falls to $1,499/month, a $300 cushion that matters if savings are tight or you're carrying other debt — compare it on the <a href=""/calculator/250k-mortgage-monthly-payment-3-5-percent"">$250,000 mortgage page</a>.</p>"
src/lib/pseo-data.ts,142,"<p>A $300,000 loan amount also sits well under the national conforming loan limit for 2026. The <a href=""https://www.fhfa.gov/news/news-release/fhfa-announces-conforming-loan-limit-values-for-2026"" target=""_blank"" rel=""noopener noreferrer"">Federal Housing Finance Agency</a> set the baseline one-unit conforming loan limit at $832,750 for most of the U.S. for 2026, with higher ceilings in designated high-cost areas. Staying under that limit keeps you eligible for standard conforming financing, which typically means simpler underwriting and better pricing than a jumbo loan requires once a loan amount crosses it.</p>"
src/lib/pseo-data.ts,146,"question: ""What is the monthly payment on a $300,000 mortgage at 6%?"","
src/lib/pseo-data.ts,147,"answer: ""The monthly principal and interest payment is $1,799 on a 30-year term. For a **$300000 mortgage monthly payment 6 percent** scenario including taxes and insurance, the total PITI is closer to $2,340."""
src/lib/pseo-data.ts,150,"question: ""What income do I need for a $300,000 mortgage?"","
src/lib/pseo-data.ts,151,"answer: ""To qualify for a $300,000 mortgage at 6%, most lenders look for a household income between $77,000 and $100,000 depending on your other monthly debts."""
src/lib/pseo-data.ts,154,"question: ""How much total interest do I pay on a $300,000 mortgage at 6%?"","
src/lib/pseo-data.ts,155,"answer: ""Over 30 years, you will pay a total of $347,640 in interest. If you choose a 15-year term, that interest cost drops to $155,760."""
src/lib/pseo-data.ts,158,"question: ""Is 6% a good mortgage rate in 2026?"","
src/lib/pseo-data.ts,159,"answer: ""In the 2026 market, 6% is considered a solid, mid-range rate for a 30-year fixed mortgage. Always check **Federal Reserve Economic Data** for the most current national benchmarks."""
src/lib/pseo-data.ts,166,"amount: 350000,"
src/lib/pseo-data.ts,167,"rate: 6.5,"
src/lib/pseo-data.ts,168,"term: 30,"
src/lib/pseo-data.ts,170,"customTitle: ""$350,000 Mortgage at 6.5%: Your Complete Payment Breakdown"","
src/lib/pseo-data.ts,171,"customDescription: ""What is the monthly payment on a $350,000 mortgage at 6.5%? P&I, full PITI, income requirements, and rate sensitivity for move-up buyers in 2026."","
src/lib/pseo-data.ts,172,"customH1: ""$350,000 Mortgage at 6.5%: Your Complete Payment Breakdown"","
src/lib/pseo-data.ts,173,"customIntro: ""A $350,000 mortgage at 6.5% is one of the most common move-up buyer scenarios in 2026 — typical for families upgrading to a larger home in growing suburbs of Dallas, Phoenix, Charlotte, and similar mid-major metros where median prices sit in the $380,000–$420,000 range. At this loan size, a 0.5% rate improvement saves meaningful money monthly and tens of thousands over the life of the loan. This page gives you the exact payment at every term, a full PITI estimate, income requirements, and a rate sensitivity table. Use the <a href='/mortgage-calculator'>mortgage calculator</a> above to model your specific down payment and term."","
src/lib/pseo-data.ts,175,"<h2>Monthly Payment on a $350,000 Mortgage at 6.5%</h2>"
src/lib/pseo-data.ts,176,"<p>Here is how a $350,000 loan at a fixed 6.5% rate breaks down across every common repayment term:</p>"
src/lib/pseo-data.ts,189,"<tr class=""border-b border-outline-variant/30""><td class=""py-3 px-4 text-sm"">10 years</td><td class=""py-3 px-4 text-sm"">$3,976</td><td class=""py-3 px-4 text-sm"">$127,120</td><td class=""py-3 px-4 text-sm"">$477,120</td></tr>"
src/lib/pseo-data.ts,190,"<tr class=""border-b border-outline-variant/30 font-bold bg-primary/5""><td class=""py-3 px-4 text-sm"">15 years</td><td class=""py-3 px-4 text-sm"">$3,049</td><td class=""py-3 px-4 text-sm"">$198,820</td><td class=""py-3 px-4 text-sm"">$548,820</td></tr>"
src/lib/pseo-data.ts,191,"<tr class=""border-b border-outline-variant/30""><td class=""py-3 px-4 text-sm"">20 years</td><td class=""py-3 px-4 text-sm"">$2,611</td><td class=""py-3 px-4 text-sm"">$276,640</td><td class=""py-3 px-4 text-sm"">$626,640</td></tr>"
src/lib/pseo-data.ts,192,"<tr class=""border-b border-outline-variant/30""><td class=""py-3 px-4 text-sm"">25 years</td><td class=""py-3 px-4 text-sm"">$2,363</td><td class=""py-3 px-4 text-sm"">$358,900</td><td class=""py-3 px-4 text-sm"">$708,900</td></tr>"
src/lib/pseo-data.ts,193,"<tr class=""border-b border-outline-variant/30 font-bold text-primary""><td class=""py-3 px-4 text-sm"">30 years</td><td class=""py-3 px-4 text-sm"">$2,212</td><td class=""py-3 px-4 text-sm"">$446,320</td><td class=""py-3 px-4 text-sm"">$796,320</td></tr>"
src/lib/pseo-data.ts,198,"<p>At 6.5% over 30 years the monthly P&amp;I is $2,212. Choosing a 15-year term saves $247,500 in interest but adds $837/month to your payment. See the full equity schedule on our <a href=""/amortization-schedule"">amortization schedule</a>.</p>"
src/lib/pseo-data.ts,201,"<p>Here is a realistic PITI breakdown for a $389,000 home purchase with 10% down ($39,000), resulting in a $350,000 loan at 6.5% over 30 years:</p>"
src/lib/pseo-data.ts,203,"<li><strong>Principal and Interest:</strong> $2,212</li>"
src/lib/pseo-data.ts,204,<li><strong>Property Tax (1.1%/yr):</strong> $357</li>
src/lib/pseo-data.ts,205,<li><strong>Homeowners Insurance:</strong> $127</li>
src/lib/pseo-data.ts,206,<li><strong>PMI (~0.5%):</strong> $146</li>
src/lib/pseo-data.ts,207,"<li><strong>Total Monthly Payment:</strong> $2,842</li>"
src/lib/pseo-data.ts,209,"<p>PMI cancels once you reach 20% equity per <a href=""https://www.consumerfinance.gov"" target=""_blank"" rel=""noopener noreferrer"">CFPB</a> guidelines, reducing the total to approximately $2,696. Property taxes vary widely by state — use the <a href=""/mortgage-calculator"">mortgage calculator</a> for a personalised PITI. Read our <a href=""/blog/down-payment-guide"">down payment guide</a> for strategies to avoid PMI entirely.</p>"
src/lib/pseo-data.ts,211,"<h2>What Income Do You Need for a $350,000 Mortgage at 6.5%?</h2>"
src/lib/pseo-data.ts,222,"<tr class=""border-b border-outline-variant/30""><td class=""py-3 px-4 text-sm"">P&amp;I only</td><td class=""py-3 px-4 text-sm"">$2,212</td><td class=""py-3 px-4 text-sm"">~$94,800</td></tr>"
src/lib/pseo-data.ts,223,"<tr class=""border-b border-outline-variant/30 font-bold bg-primary/5""><td class=""py-3 px-4 text-sm"">Full PITI (example)</td><td class=""py-3 px-4 text-sm"">$2,842</td><td class=""py-3 px-4 text-sm"">~$121,800</td></tr>"
src/lib/pseo-data.ts,224,"<tr class=""border-b border-outline-variant/30""><td class=""py-3 px-4 text-sm"">With $400 other debts</td><td class=""py-3 px-4 text-sm"">$3,242</td><td class=""py-3 px-4 text-sm"">~$138,943</td></tr>"
src/lib/pseo-data.ts,228,"<p>Most buyers will need a household income between $95,000 and $139,000 depending on debts and local taxes. Dial in your personalised number with our <a href=""/affordability-calculator"">affordability calculator</a>.</p>"
src/lib/pseo-data.ts,230,"<h2>Rate Sensitivity: $350,000 Mortgage Over 30 Years</h2>"
src/lib/pseo-data.ts,237,"<th class=""py-3 px-4 font-bold text-sm"">Difference vs 6.5%</th>"
src/lib/pseo-data.ts,242,"<tr class=""border-b border-outline-variant/30""><td class=""py-3 px-4 text-sm"">5.0%</td><td class=""py-3 px-4 text-sm"">$1,880</td><td class=""py-3 px-4 text-sm"">−$332/month</td><td class=""py-3 px-4 text-sm"">$326,800</td></tr>"
src/lib/pseo-data.ts,243,"<tr class=""border-b border-outline-variant/30""><td class=""py-3 px-4 text-sm"">5.5%</td><td class=""py-3 px-4 text-sm"">$1,988</td><td class=""py-3 px-4 text-sm"">−$224/month</td><td class=""py-3 px-4 text-sm"">$365,680</td></tr>"
src/lib/pseo-data.ts,244,"<tr class=""border-b border-outline-variant/30""><td class=""py-3 px-4 text-sm"">6.0%</td><td class=""py-3 px-4 text-sm"">$2,100</td><td class=""py-3 px-4 text-sm"">−$112/month</td><td class=""py-3 px-4 text-sm"">$406,000</td></tr>"
src/lib/pseo-data.ts,245,"<tr class=""border-b border-outline-variant/30 font-bold text-primary""><td class=""py-3 px-4 text-sm"">6.5%</td><td class=""py-3 px-4 text-sm"">$2,212</td><td class=""py-3 px-4 text-sm"">—</td><td class=""py-3 px-4 text-sm"">$446,320</td></tr>"
src/lib/pseo-data.ts,246,"<tr class=""border-b border-outline-variant/30""><td class=""py-3 px-4 text-sm"">7.0%</td><td class=""py-3 px-4 text-sm"">$2,328</td><td class=""py-3 px-4 text-sm"">+$116/month</td><td class=""py-3 px-4 text-sm"">$488,080</td></tr>"
src/lib/pseo-data.ts,247,"<tr class=""border-b border-outline-variant/30""><td class=""py-3 px-4 text-sm"">7.5%</td><td class=""py-3 px-4 text-sm"">$2,447</td><td class=""py-3 px-4 text-sm"">+$235/month</td><td class=""py-3 px-4 text-sm"">$530,920</td></tr>"
src/lib/pseo-data.ts,248,"<tr class=""border-b border-outline-variant/30 bg-primary/5""><td class=""py-3 px-4 text-sm"">8.0%</td><td class=""py-3 px-4 text-sm"">$2,569</td><td class=""py-3 px-4 text-sm"">+$357/month</td><td class=""py-3 px-4 text-sm"">$574,840</td></tr>"
src/lib/pseo-data.ts,252,"<p>A 1.5% rate improvement on a $350,000 loan saves $119,520 in lifetime interest. Track current national benchmarks at <a href=""https://fred.stlouisfed.org"" target=""_blank"" rel=""noopener noreferrer"">Federal Reserve Economic Data</a>. Use the <a href=""/refinancing-calculator"">refinancing calculator</a> if rates drop after you close. Compare to a <a href=""/calculator/400k-mortgage-monthly-payment-4-percent"">$400,000 mortgage at 4%</a>.</p>"
src/lib/pseo-data.ts,267,<h2>How $350k Compares to Nearby Loan Amounts</h2>
src/lib/pseo-data.ts,268,"<p>A $350,000 loan sits squarely between two other common loan sizes on this site. Here's how the monthly payment and total interest compare at the same 6.5% rate over a 30-year term, calculated straight from the same amortization formula used above:</p>"
src/lib/pseo-data.ts,280,"<tr class=""border-b border-outline-variant/30""><td class=""py-3 px-4 text-sm"">$300,000</td><td class=""py-3 px-4 text-sm"">$1,896</td><td class=""py-3 px-4 text-sm"">$382,633</td></tr>"
src/lib/pseo-data.ts,281,"<tr class=""border-b border-outline-variant/30 font-bold text-primary""><td class=""py-3 px-4 text-sm"">$350,000</td><td class=""py-3 px-4 text-sm"">$2,212</td><td class=""py-3 px-4 text-sm"">$446,406</td></tr>"
src/lib/pseo-data.ts,282,"<tr class=""border-b border-outline-variant/30""><td class=""py-3 px-4 text-sm"">$400,000</td><td class=""py-3 px-4 text-sm"">$2,528</td><td class=""py-3 px-4 text-sm"">$510,178</td></tr>"
src/lib/pseo-data.ts,287,"<p>Each additional $50,000 borrowed adds roughly $316/month and about $64,000 in lifetime interest at this rate. Whether it's worth stretching from $350,000 to $400,000 comes down to debt-to-income math more than desire. Under the standard 28% housing-ratio guideline, lenders want to see about $94,810 in annual income to support the $350,000 payment (P&I only) versus $108,355 for the $400,000 payment — a gap of roughly $13,545. If existing debts already push your DTI close to the 36–43% ceiling most lenders enforce, staying at $350,000 preserves headroom; if your income clears the higher bar comfortably, the extra $50,000 in home may be worth the higher payment. Compare the full breakdown for a <a href=""/calculator/300k-mortgage-monthly-payment-6-percent"">$300,000 mortgage</a> or a <a href=""/calculator/400k-mortgage-monthly-payment-4-percent"">$400,000 mortgage</a>.</p>"
src/lib/pseo-data.ts,291,"question: ""What is the monthly payment on a $350,000 mortgage at 6.5%?"","
src/lib/pseo-data.ts,292,"answer: ""The monthly principal and interest payment is $2,212 on a 30-year fixed term. Including taxes, insurance, and PMI the total PITI is approximately $2,842 for a buyer purchasing a $389,000 home with 10% down."""
src/lib/pseo-data.ts,295,"question: ""What income do I need for a $350,000 mortgage at 6.5%?"","
src/lib/pseo-data.ts,296,"answer: ""Using the 28% front-end rule, you need approximately $95,000–$122,000 in gross annual household income. Carrying $400 in other monthly debts pushes the requirement to roughly $139,000."""
src/lib/pseo-data.ts,299,"question: ""How much total interest do I pay on a $350,000 mortgage at 6.5%?"","
src/lib/pseo-data.ts,300,"answer: ""Over 30 years you will pay $446,320 in total interest. Choosing a 15-year term reduces that to $198,820 — a saving of $247,500 — but the monthly payment rises by $837."""
src/lib/pseo-data.ts,303,"question: ""Is $350,000 a typical mortgage for move-up buyers in 2026?"","
src/lib/pseo-data.ts,304,"answer: ""Yes. In growing suburbs of Dallas, Phoenix, Charlotte, and other mid-major metros where median home prices sit in the $380,000–$430,000 range, a $350,000 mortgage is very common for families upgrading from a starter home with existing equity."""
src/lib/pseo-data.ts,311,"amount: 700000,"
src/lib/pseo-data.ts,312,"rate: 7,"
src/lib/pseo-data.ts,313,"term: 30,"
src/lib/pseo-data.ts,315,"customTitle: ""$700,000 Mortgage at 7%: Your Complete Payment Breakdown"","
src/lib/pseo-data.ts,316,"customDescription: ""What is the monthly payment on a $700,000 mortgage at 7.0%? P&I, full PITI, income requirements, and rate sensitivity for buyers in high-cost metro areas."","
src/lib/pseo-data.ts,317,"customH1: ""$700,000 Mortgage at 7%: Your Complete Payment Breakdown"","
src/lib/pseo-data.ts,318,"customIntro: ""A $700,000 mortgage at 7% is the standard borrowing range for move-up buyers in high-cost metros — San Francisco Bay Area suburbs, Greater Boston, coastal Southern California, and metro New York markets where a $750,000–$850,000 home is firmly mid-market. At this loan size, buyers are often in jumbo or near-jumbo territory and should know that rates can diverge from conforming loan benchmarks. Income requirements are substantial and typically require two professional incomes or a single very high earner. This page gives you the exact payment at every term, full PITI breakdown, income requirements, and a rate sensitivity table. Use the <a href='/mortgage-calculator'>mortgage calculator</a> to model your scenario."","
src/lib/pseo-data.ts,320,"<h2>Monthly Payment on a $700,000 Mortgage at 7%</h2>"
src/lib/pseo-data.ts,321,"<p>Here is how a $700,000 loan at a fixed 7% rate breaks down across every common repayment term:</p>"
src/lib/pseo-data.ts,334,"<tr class=""border-b border-outline-variant/30""><td class=""py-3 px-4 text-sm"">10 years</td><td class=""py-3 px-4 text-sm"">$8,127</td><td class=""py-3 px-4 text-sm"">$275,240</td><td class=""py-3 px-4 text-sm"">$975,240</td></tr>"
src/lib/pseo-data.ts,335,"<tr class=""border-b border-outline-variant/30 font-bold bg-primary/5""><td class=""py-3 px-4 text-sm"">15 years</td><td class=""py-3 px-4 text-sm"">$6,286</td><td class=""py-3 px-4 text-sm"">$431,480</td><td class=""py-3 px-4 text-sm"">$1,131,480</td></tr>"
src/lib/pseo-data.ts,336,"<tr class=""border-b border-outline-variant/30""><td class=""py-3 px-4 text-sm"">20 years</td><td class=""py-3 px-4 text-sm"">$5,425</td><td class=""py-3 px-4 text-sm"">$602,000</td><td class=""py-3 px-4 text-sm"">$1,302,000</td></tr>"
src/lib/pseo-data.ts,337,"<tr class=""border-b border-outline-variant/30""><td class=""py-3 px-4 text-sm"">25 years</td><td class=""py-3 px-4 text-sm"">$4,949</td><td class=""py-3 px-4 text-sm"">$784,700</td><td class=""py-3 px-4 text-sm"">$1,484,700</td></tr>"
src/lib/pseo-data.ts,338,"<tr class=""border-b border-outline-variant/30 font-bold text-primary""><td class=""py-3 px-4 text-sm"">30 years</td><td class=""py-3 px-4 text-sm"">$4,657</td><td class=""py-3 px-4 text-sm"">$976,520</td><td class=""py-3 px-4 text-sm"">$1,676,520</td></tr>"
src/lib/pseo-data.ts,343,"<p>At 7% over 30 years the monthly P&amp;I is $4,657 — total interest paid is $976,520, meaning you repay $1,676,520 on a $700,000 loan. The 15-year term saves $545,040 in interest but adds $1,629/month. See the full equity schedule on our <a href=""/amortization-schedule"">amortization schedule</a>.</p>"
src/lib/pseo-data.ts,346,"<p>Here is a realistic PITI breakdown for a $778,000 home purchase with 10% down ($78,000), resulting in a $700,000 loan at 7% over 30 years:</p>"
src/lib/pseo-data.ts,348,"<li><strong>Principal and Interest:</strong> $4,657</li>"
src/lib/pseo-data.ts,349,<li><strong>Property Tax (1.1%/yr):</strong> $713</li>
src/lib/pseo-data.ts,350,<li><strong>Homeowners Insurance:</strong> $240</li>
src/lib/pseo-data.ts,351,<li><strong>PMI (~0.5%):</strong> $292</li>
src/lib/pseo-data.ts,352,"<li><strong>Total Monthly Payment:</strong> $5,902</li>"
src/lib/pseo-data.ts,354,"<p>PMI cancels at 20% equity per <a href=""https://www.consumerfinance.gov"" target=""_blank"" rel=""noopener noreferrer"">CFPB</a> guidelines, reducing the total to approximately $5,610. Note that property taxes in high-cost metros often exceed 1.1% — use the <a href=""/mortgage-calculator"">mortgage calculator</a> for a personalised PITI. A 20% down payment ($172,000 on a ~$875,000 home) eliminates PMI entirely.</p>"
src/lib/pseo-data.ts,356,"<h2>What Income Do You Need for a $700,000 Mortgage at 7%?</h2>"
src/lib/pseo-data.ts,367,"<tr class=""border-b border-outline-variant/30""><td class=""py-3 px-4 text-sm"">P&amp;I only</td><td class=""py-3 px-4 text-sm"">$4,657</td><td class=""py-3 px-4 text-sm"">~$199,586</td></tr>"
src/lib/pseo-data.ts,368,"<tr class=""border-b border-outline-variant/30 font-bold bg-primary/5""><td class=""py-3 px-4 text-sm"">Full PITI (example)</td><td class=""py-3 px-4 text-sm"">$5,902</td><td class=""py-3 px-4 text-sm"">~$252,943</td></tr>"
src/lib/pseo-data.ts,369,"<tr class=""border-b border-outline-variant/30""><td class=""py-3 px-4 text-sm"">With $400 other debts</td><td class=""py-3 px-4 text-sm"">$6,302</td><td class=""py-3 px-4 text-sm"">~$270,086</td></tr>"
src/lib/pseo-data.ts,373,"<p>Most buyers will need a household income of $200,000–$270,000. At this level, lenders scrutinise the full debt picture carefully. Confirm your qualification threshold with our <a href=""/affordability-calculator"">affordability calculator</a>.</p>"
src/lib/pseo-data.ts,375,"<h2>Rate Sensitivity: $700,000 Mortgage Over 30 Years</h2>"
src/lib/pseo-data.ts,382,"<th class=""py-3 px-4 font-bold text-sm"">Difference vs 7%</th>"
src/lib/pseo-data.ts,387,"<tr class=""border-b border-outline-variant/30""><td class=""py-3 px-4 text-sm"">5.0%</td><td class=""py-3 px-4 text-sm"">$3,759</td><td class=""py-3 px-4 text-sm"">−$898/month</td><td class=""py-3 px-4 text-sm"">$653,240</td></tr>"
src/lib/pseo-data.ts,388,"<tr class=""border-b border-outline-variant/30""><td class=""py-3 px-4 text-sm"">5.5%</td><td class=""py-3 px-4 text-sm"">$3,976</td><td class=""py-3 px-4 text-sm"">−$681/month</td><td class=""py-3 px-4 text-sm"">$731,360</td></tr>"
src/lib/pseo-data.ts,389,"<tr class=""border-b border-outline-variant/30""><td class=""py-3 px-4 text-sm"">6.0%</td><td class=""py-3 px-4 text-sm"">$4,200</td><td class=""py-3 px-4 text-sm"">−$457/month</td><td class=""py-3 px-4 text-sm"">$812,000</td></tr>"
src/lib/pseo-data.ts,390,"<tr class=""border-b border-outline-variant/30""><td class=""py-3 px-4 text-sm"">6.5%</td><td class=""py-3 px-4 text-sm"">$4,424</td><td class=""py-3 px-4 text-sm"">−$233/month</td><td class=""py-3 px-4 text-sm"">$892,640</td></tr>"
src/lib/pseo-data.ts,391,"<tr class=""border-b border-outline-variant/30 font-bold text-primary""><td class=""py-3 px-4 text-sm"">7.0%</td><td class=""py-3 px-4 text-sm"">$4,657</td><td class=""py-3 px-4 text-sm"">—</td><td class=""py-3 px-4 text-sm"">$976,520</td></tr>"
src/lib/pseo-data.ts,392,"<tr class=""border-b border-outline-variant/30""><td class=""py-3 px-4 text-sm"">7.5%</td><td class=""py-3 px-4 text-sm"">$4,893</td><td class=""py-3 px-4 text-sm"">+$236/month</td><td class=""py-3 px-4 text-sm"">$1,061,480</td></tr>"
src/lib/pseo-data.ts,393,"<tr class=""border-b border-outline-variant/30 bg-primary/5""><td class=""py-3 px-4 text-sm"">8.0%</td><td class=""py-3 px-4 text-sm"">$5,138</td><td class=""py-3 px-4 text-sm"">+$481/month</td><td class=""py-3 px-4 text-sm"">$1,149,680</td></tr>"
src/lib/pseo-data.ts,397,"<p>A 2% rate improvement on a $700,000 loan saves $323,280 in lifetime interest. Monitor benchmarks at <a href=""https://fred.stlouisfed.org"" target=""_blank"" rel=""noopener noreferrer"">Federal Reserve Economic Data</a>. If rates fall after closing, use the <a href=""/refinancing-calculator"">refinancing calculator</a> to find your break-even. Compare to a <a href=""/calculator/300k-mortgage-monthly-payment-6-percent"">$300,000 mortgage at 6%</a> or a <a href=""/calculator/400k-mortgage-monthly-payment-4-percent"">$400,000 mortgage at 4%</a>.</p>"
src/lib/pseo-data.ts,412,<h2>Jumbo Loan Considerations at $700k</h2>
src/lib/pseo-data.ts,413,"<p>A $700,000 loan sits just under the 2026 national baseline conforming loan limit of $832,750, set by the <a href=""https://www.fhfa.gov/news/news-release/fhfa-announces-conforming-loan-limit-values-for-2026"" target=""_blank"" rel=""noopener noreferrer"">Federal Housing Finance Agency</a>. In most U.S. counties, a $700,000 loan on its own still qualifies for standard conforming financing rather than a jumbo loan — the baseline applies everywhere, with higher ceilings up to $1,249,125 in designated high-cost areas. Buyers more commonly cross into jumbo territory when the total loan amount itself climbs past the local limit, which can happen fast with a thin down payment on a $750,000+ home.</p>"
src/lib/pseo-data.ts,414,"<p>If your financing does end up needing a jumbo loan — because your down payment is small or you're borrowing more than the local limit — expect stricter underwriting than a conforming loan. Lenders typically require a higher credit score (often 700+), a larger down payment (10–20% is common versus as little as 3–5% for conforming loans), significant cash reserves, and a tighter debt-to-income ratio. Jumbo rates can run higher or lower than conforming rates depending on the lender, so it's worth shopping multiple lenders. See what <a href=""/calculator/income-required-for-700k-house"">income you'd need for a $700,000 house</a> to plan the full budget, not just the loan.</p>"
src/lib/pseo-data.ts,418,"question: ""What is the monthly payment on a $700,000 mortgage at 7%?"","
src/lib/pseo-data.ts,419,"answer: ""The monthly principal and interest payment is $4,657 on a 30-year fixed term. Including taxes, insurance, and PMI the total PITI is approximately $5,902 for a buyer purchasing a $778,000 home with 10% down."""
src/lib/pseo-data.ts,422,"question: ""What income do I need for a $700,000 mortgage at 7%?"","
src/lib/pseo-data.ts,423,"answer: ""Using the 28% front-end rule, you need approximately $200,000–$253,000 in gross annual household income. With $400 in other monthly debts the requirement rises to roughly $270,000 — typically requiring two high-earning professionals."""
src/lib/pseo-data.ts,426,"question: ""How much total interest do I pay on a $700,000 mortgage at 7%?"","
src/lib/pseo-data.ts,427,"answer: ""Over 30 years you will pay $976,520 in total interest, bringing the total repaid to $1,676,520. Choosing a 15-year term cuts that to $431,480 — a saving of $545,040 — but raises the monthly payment by $1,629."""
src/lib/pseo-data.ts,430,"question: ""Is a $700,000 mortgage considered a jumbo loan in 2026?"","
src/lib/pseo-data.ts,431,"answer: ""In 2026, the conforming loan limit for most of the US is $832,750, so a $700,000 mortgage stays comfortably within conforming territory in standard markets. In high-cost areas like San Francisco and New York, where the limit is even higher, it remains conforming as well. Jumbo loans often carry different rates and qualifying criteria, so always confirm the current limit with your lender."""
src/lib/pseo-data.ts,440,"amount: 250000,"
src/lib/pseo-data.ts,441,"rate: 3.5,"
src/lib/pseo-data.ts,442,"term: 30,"
src/lib/pseo-data.ts,444,"customTitle: ""$250,000 Mortgage at 3.5%: Your Complete Payment Breakdown"","
src/lib/pseo-data.ts,445,"customDescription: ""What is the monthly payment on a $250,000 mortgage at 3.5% interest? See your exact P&I payment, full PITI breakdown, total interest cost, income requirements, and how this compares to current 2026 rates."","
src/lib/pseo-data.ts,446,"customH1: ""$250,000 Mortgage at 3.5%: Your Complete Payment Breakdown"","
src/lib/pseo-data.ts,447,"customIntro: ""A $250,000 mortgage at 3.5% is a scenario most relevant to two groups of buyers in 2026: homeowners who locked in this rate during the low-rate period of 2020–2021 and want to understand their remaining loan cost, and first-time buyers exploring FHA loans — which sometimes carry rates closer to 3.5% with the right credit profile and market conditions. This page gives you the exact monthly payment at every term, a full PITI breakdown, the income needed to qualify, and a direct comparison to what the same loan costs at current 2026 market rates. Use the <a href='/mortgage-calculator'>mortgage calculator</a> above to adjust for your specific situation."","
src/lib/pseo-data.ts,449,"<h2>Monthly Payment on a $250,000 Mortgage at 3.5%</h2>"
src/lib/pseo-data.ts,450,"<p>The interest rate is the single most powerful lever in your mortgage budget. Here is how a $250,000 loan at a 3.5% fixed rate breaks down across common repayment terms:</p>"
src/lib/pseo-data.ts,463,"<tr class=""border-b border-outline-variant/30""><td class=""py-3 px-4 text-sm"">10 years</td><td class=""py-3 px-4 text-sm"">$2,472</td><td class=""py-3 px-4 text-sm"">$46,640</td><td class=""py-3 px-4 text-sm"">$296,640</td></tr>"
src/lib/pseo-data.ts,464,"<tr class=""border-b border-outline-variant/30 font-bold bg-primary/5""><td class=""py-3 px-4 text-sm"">15 years</td><td class=""py-3 px-4 text-sm"">$1,787</td><td class=""py-3 px-4 text-sm"">$71,660</td><td class=""py-3 px-4 text-sm"">$321,660</td></tr>"
src/lib/pseo-data.ts,465,"<tr class=""border-b border-outline-variant/30""><td class=""py-3 px-4 text-sm"">20 years</td><td class=""py-3 px-4 text-sm"">$1,449</td><td class=""py-3 px-4 text-sm"">$97,760</td><td class=""py-3 px-4 text-sm"">$347,760</td></tr>"
src/lib/pseo-data.ts,466,"<tr class=""border-b border-outline-variant/30""><td class=""py-3 px-4 text-sm"">25 years</td><td class=""py-3 px-4 text-sm"">$1,252</td><td class=""py-3 px-4 text-sm"">$125,600</td><td class=""py-3 px-4 text-sm"">$375,600</td></tr>"
src/lib/pseo-data.ts,467,"<tr class=""border-b border-outline-variant/30 font-bold text-primary""><td class=""py-3 px-4 text-sm"">30 years</td><td class=""py-3 px-4 text-sm"">$1,123</td><td class=""py-3 px-4 text-sm"">$154,280</td><td class=""py-3 px-4 text-sm"">$404,280</td></tr>"
src/lib/pseo-data.ts,472,"<p>At 3.5% over 30 years the monthly principal and interest payment is $1,123 — and the total interest paid over the life of the loan is $154,280. Compared to the same loan at 6.8%, this saves $251,680 in total interest and $838/month — one of the most dramatic illustrations of how much the rate environment affects lifetime borrowing cost. See the complete month-by-month impact on our <a href=""/amortization-schedule"">amortization schedule</a>.</p>"
src/lib/pseo-data.ts,475,"<p>Your bank payment consists of four main parts: Principal, Interest, Taxes, and Insurance. Here is a realistic breakdown for a $278,000 home purchase with 10% down ($28,000), resulting in a $250,000 loan at 3.5% over 30 years:</p>"
src/lib/pseo-data.ts,478,"<li><strong>Principal and Interest:</strong> $1,123</li>"
src/lib/pseo-data.ts,479,<li><strong>Property Tax (1.1%/yr):</strong> $255</li>
src/lib/pseo-data.ts,480,<li><strong>Homeowners Insurance:</strong> $95</li>
src/lib/pseo-data.ts,481,<li><strong>Private Mortgage Insurance (PMI):</strong> $104</li>
src/lib/pseo-data.ts,482,"<li><strong>Total Monthly Payment:</strong> $1,577</li>"
src/lib/pseo-data.ts,485,"<p>Note that Private Mortgage Insurance (PMI) cancels once you reach 20% equity. At a 3.5% interest rate, your monthly payment is low, making homeownership unusually accessible. To get your own specific numbers, check our <a href=""/mortgage-calculator"">mortgage calculator</a> for a personalised PITI breakdown. Also, see our <a href=""/blog/down-payment-guide"">down payment guide</a> for more on cost management.</p>"
src/lib/pseo-data.ts,487,"<h2>What Income Do You Need for a $250,000 Mortgage at 3.5%?</h2>"
src/lib/pseo-data.ts,488,<p>Lenders use the DTI (Debt-to-Income) ratio to ensure you aren't overleveraged. Here is the income required for a <strong>$250000 mortgage monthly payment 3.5 percent</strong> scenario:</p>
src/lib/pseo-data.ts,500,"<tr class=""border-b border-outline-variant/30""><td>P&I only</td><td>$1,123</td><td>~$48,129</td></tr>"
src/lib/pseo-data.ts,501,"<tr class=""border-b border-outline-variant/30 font-bold bg-primary/5""><td>Full PITI (example)</td><td>$1,577</td><td>~$67,586</td></tr>"
src/lib/pseo-data.ts,502,"<tr class=""border-b border-outline-variant/30""><td>With $300 other debts</td><td>$1,877</td><td>~$80,443</td></tr>"
src/lib/pseo-data.ts,506,"<p>A $250,000 mortgage at 3.5% is highly accessible — requiring significantly less income than at current 2026 rates of 6.8%, which requires $83,000–$115,000. You can confirm your buying power with our <a href=""/affordability-calculator"">affordability calculator</a> or read about <a href=""/blog/how-much-house-can-i-afford"">how much house you can afford</a>.</p>"
src/lib/pseo-data.ts,508,<h2>3.5% vs. Current Rates: The Full Cost Comparison</h2>
src/lib/pseo-data.ts,509,"<p>How does 3.5% compare to recent benchmarks? Historical data from <a href=""https://fred.stlouisfed.org"" target=""_blank"" rel=""noopener noreferrer"">Federal Reserve Economic Data</a> highlights the advantage of low rates. Here is the comparison for a $250,000 loan over 30 years:</p>"
src/lib/pseo-data.ts,519,"<th class=""py-3 px-4 font-bold text-sm"">Extra Cost vs 3.5%</th>"
src/lib/pseo-data.ts,523,"<tr class=""border-b border-outline-variant/30 font-bold text-primary""><td>3.5%</td><td>$1,123</td><td>—</td><td>$154,280</td><td>—</td></tr>"
src/lib/pseo-data.ts,524,"<tr class=""border-b border-outline-variant/30""><td>4.5%</td><td>$1,267</td><td>+$144/month</td><td>$206,120</td><td>+$51,840</td></tr>"
src/lib/pseo-data.ts,525,"<tr class=""border-b border-outline-variant/30""><td>5.5%</td><td>$1,419</td><td>+$296/month</td><td>$260,840</td><td>+$106,560</td></tr>"
src/lib/pseo-data.ts,526,"<tr class=""border-b border-outline-variant/30""><td>6.0%</td><td>$1,499</td><td>+$376/month</td><td>$289,640</td><td>+$135,360</td></tr>"
src/lib/pseo-data.ts,527,"<tr class=""border-b border-outline-variant/30""><td>6.5%</td><td>$1,580</td><td>+$457/month</td><td>$318,800</td><td>+$164,520</td></tr>"
src/lib/pseo-data.ts,528,"<tr class=""border-b border-outline-variant/30 bg-primary/5 font-bold""><td>6.8%</td><td>$1,632</td><td>+$509/month</td><td>$337,920</td><td>+$183,640</td></tr>"
src/lib/pseo-data.ts,529,"<tr class=""border-b border-outline-variant/30""><td>7.5%</td><td>$1,748</td><td>+$625/month</td><td>$379,280</td><td>+$224,400</td></tr>"
src/lib/pseo-data.ts,534,"<p>Homeowners with a 3.5% rate save over $500 per month compared to those entering the market at 2026 rates. If you target a lower rate through an <a href=""https://www.hud.gov"" target=""_blank"" rel=""noopener noreferrer"">FHA loan</a> or future refinance, use the <a href=""/refinancing-calculator"">refinancing calculator</a> to find when it becomes worthwhile. See our <a href=""/blog/when-to-refinance"">when refinancing makes sense</a> and <a href=""/blog/interest-rate-impact"">how your rate affects total cost</a> guides for more. Also compare this to a <a href=""/calculator/300k-mortgage-monthly-payment-6-percent"">$300,000 mortgage at 6%</a> or a <a href=""/calculator/400k-mortgage-monthly-payment-4-percent"">$400,000 mortgage at 4%</a>. For those torn between payment plans, see the <a href=""/blog/15-vs-30-year-mortgage"">15-year vs 30-year mortgage comparison</a>.</p>"
src/lib/pseo-data.ts,537,"<p>Model your exact situation using the mortgage calculator above to see your full lifetime cost breakdown instantly. If you are comparing future possibilities, the <a href=""/refinancing-calculator"">refinancing calculator</a> can help you see exactly how much you would save by dropping to 3.5% today. To learn more about the components of your bill, read <a href=""/blog/mortgage-payment-guide"">how mortgage payments are calculated</a>.</p>"
src/lib/pseo-data.ts,554,"question: ""What is the monthly payment on a $250,000 mortgage at 3.5%?"","
src/lib/pseo-data.ts,555,"answer: ""The monthly principal and interest payment is $1,123 for a 30-year fixed term. For a **$250000 mortgage monthly payment 3.5 percent** scenario including estimated taxes and insurance, the total PITI is typically around $1,577."""
src/lib/pseo-data.ts,558,"question: ""How much do I save with a 3.5% rate vs 6.8% on a $250,000 mortgage?"","
src/lib/pseo-data.ts,559,"answer: ""A 3.5% rate saves you approximately $509 per month in principal and interest compared to a 6.8% rate. Over 30 years, this translates to roughly $183,640 in interest savings."""
src/lib/pseo-data.ts,562,"question: ""What income do I need for a $250,000 mortgage at 3.5%?"","
src/lib/pseo-data.ts,563,"answer: ""To qualify comfortably, you typically need a gross annual household income between $48,000 and $68,000, assuming a moderate down payment and minimal existing debts."""
src/lib/pseo-data.ts,566,"question: ""Can I still get a 3.5% mortgage rate in 2026?"","
src/lib/pseo-data.ts,567,"answer: ""In 2026, 3.5% is significantly below market averages, though it remains a common target for refinancing if rates drop. Some specialized **HUD** FHA loan programs may offer rates closer to this for eligible buyers."""
src/lib/pseo-data.ts,574,"amount: 400000,"
src/lib/pseo-data.ts,575,"rate: 4,"
src/lib/pseo-data.ts,576,"term: 30,"
src/lib/pseo-data.ts,578,"customTitle: ""$400,000 Mortgage at 4%: Your Complete Payment Breakdown"","
src/lib/pseo-data.ts,579,"customDescription: ""What is the monthly payment on a $400,000 mortgage at 4% interest? See your exact P&I payment, full PITI breakdown, total interest cost, income requirements, and how this compares to current 2026 rates."","
src/lib/pseo-data.ts,580,"customH1: ""$400,000 Mortgage at 4%: Your Complete Payment Breakdown"","
src/lib/pseo-data.ts,581,"customIntro: ""A $400,000 mortgage at 4% represents one of the most financially favorable loan scenarios available — either locked in during the low-rate era of 2020–2021 or a potential future scenario if rates fall significantly from their 2026 levels. This page gives you the exact monthly payment at every term, a full PITI breakdown, the income needed to qualify, and a direct comparison to what the same loan costs at current 2026 rates — showing exactly how much the rate environment affects your total cost. Use the <a href='/mortgage-calculator'>mortgage calculator</a> above to adjust for your specific situation."","
src/lib/pseo-data.ts,583,"<h2>Monthly Payment on a $400,000 Mortgage at 4%</h2>"
src/lib/pseo-data.ts,584,"<p>A lower interest rate dramatically reduces your monthly commitment. Here is how a $400,000 loan at a 4% fixed rate breaks down across different common terms:</p>"
src/lib/pseo-data.ts,597,"<tr class=""border-b border-outline-variant/30""><td class=""py-3 px-4 text-sm"">10 years</td><td class=""py-3 px-4 text-sm"">$4,041</td><td class=""py-3 px-4 text-sm"">$84,920</td><td class=""py-3 px-4 text-sm"">$484,920</td></tr>"
src/lib/pseo-data.ts,598,"<tr class=""border-b border-outline-variant/30 font-bold bg-primary/5""><td class=""py-3 px-4 text-sm"">15 years</td><td class=""py-3 px-4 text-sm"">$2,959</td><td class=""py-3 px-4 text-sm"">$132,620</td><td class=""py-3 px-4 text-sm"">$532,620</td></tr>"
src/lib/pseo-data.ts,599,"<tr class=""border-b border-outline-variant/30""><td class=""py-3 px-4 text-sm"">20 years</td><td class=""py-3 px-4 text-sm"">$2,424</td><td class=""py-3 px-4 text-sm"">$181,760</td><td class=""py-3 px-4 text-sm"">$581,760</td></tr>"
src/lib/pseo-data.ts,600,"<tr class=""border-b border-outline-variant/30""><td class=""py-3 px-4 text-sm"">25 years</td><td class=""py-3 px-4 text-sm"">$2,112</td><td class=""py-3 px-4 text-sm"">$233,600</td><td class=""py-3 px-4 text-sm"">$633,600</td></tr>"
src/lib/pseo-data.ts,601,"<tr class=""border-b border-outline-variant/30 font-bold text-primary""><td class=""py-3 px-4 text-sm"">30 years</td><td class=""py-3 px-4 text-sm"">$1,910</td><td class=""py-3 px-4 text-sm"">$287,480</td><td class=""py-3 px-4 text-sm"">$687,480</td></tr>"
src/lib/pseo-data.ts,606,"<p>At 4% over 30 years the monthly principal and interest payment is $1,910 — and the total interest paid over the life of the loan is $287,480. Compared to the same loan at 6.8%, this saves $253,920 in total interest and $605/month — illustrating exactly why the rate environment matters so much. Review the complete year-by-year breakdown on our <a href=""/amortization-schedule"">amortization schedule</a>.</p>"
src/lib/pseo-data.ts,609,"<p>To understand your total monthly check to the lender, you must account for taxes and insurance. Here is a realistic breakdown for a $445,000 home purchase with 10% down ($45,000), resulting in a $400,000 loan at 4% over 30 years:</p>"
src/lib/pseo-data.ts,612,"<li><strong>Principal and Interest:</strong> $1,910</li>"
src/lib/pseo-data.ts,613,<li><strong>Property Tax (1.1%/yr):</strong> $407</li>
src/lib/pseo-data.ts,614,<li><strong>Homeowners Insurance:</strong> $140</li>
src/lib/pseo-data.ts,615,<li><strong>Private Mortgage Insurance (PMI):</strong> $167</li>
src/lib/pseo-data.ts,616,"<li><strong>Total Monthly Payment:</strong> $2,624</li>"
src/lib/pseo-data.ts,619,"<p>Private Mortgage Insurance (PMI) typically cancels once you reach 20% equity under the <a href=""https://www.consumerfinance.gov"" target=""_blank"" rel=""noopener noreferrer"">Consumer Financial Protection Bureau</a> (CFPB) rules. Once cancelled, your total cost drops to approximately $2,457. Because interest costs are lower at 4%, your equity builds significantly faster than it would at higher rates. To see your specific scenario, check our <a href=""/mortgage-calculator"">mortgage calculator</a> for a personalised PITI breakdown.</p>"
src/lib/pseo-data.ts,621,"<h2>What Income Do You Need for a $400,000 Mortgage at 4%?</h2>"
src/lib/pseo-data.ts,622,"<p>Using the gold-standard 28% rule, here is the annual income required to qualify for a <strong>$400000 mortgage monthly payment 4 percent</strong> scenario:</p>"
src/lib/pseo-data.ts,634,"<tr class=""border-b border-outline-variant/30""><td>P&I only</td><td>$1,910</td><td>~$81,857</td></tr>"
src/lib/pseo-data.ts,635,"<tr class=""border-b border-outline-variant/30 font-bold bg-primary/5""><td>Full PITI (example)</td><td>$2,624</td><td>~$112,457</td></tr>"
src/lib/pseo-data.ts,636,"<tr class=""border-b border-outline-variant/30""><td>With $500 other debts</td><td>$3,124</td><td>~$133,886</td></tr>"
src/lib/pseo-data.ts,640,"<p>A $400,000 mortgage at 4% is significantly more accessible than the same loan at current 2026 rates of 6.8%, which requires a household income of $108,000–$160,000. You can confirm your own buying power with our <a href=""/affordability-calculator"">affordability calculator</a>.</p>"
src/lib/pseo-data.ts,642,<h2>4% vs. Current Rates: The Full Cost Comparison</h2>
src/lib/pseo-data.ts,643,"<p>This comparison shows exactly why the low-rate environment of previous years was so powerful. Here is the cost difference on a $400,000 loan over 30 years compared to recent benchmarks:</p>"
src/lib/pseo-data.ts,653,"<th class=""py-3 px-4 font-bold text-sm"">Extra Cost vs 4%</th>"
src/lib/pseo-data.ts,657,"<tr class=""border-b border-outline-variant/30 font-bold text-primary""><td>4.0%</td><td>$1,910</td><td>—</td><td>$287,480</td><td>—</td></tr>"
src/lib/pseo-data.ts,658,"<tr class=""border-b border-outline-variant/30""><td>5.0%</td><td>$2,147</td><td>+$237/month</td><td>$372,920</td><td>+$85,440</td></tr>"
src/lib/pseo-data.ts,659,"<tr class=""border-b border-outline-variant/30""><td>5.5%</td><td>$2,271</td><td>+$361/month</td><td>$417,560</td><td>+$130,080</td></tr>"
src/lib/pseo-data.ts,660,"<tr class=""border-b border-outline-variant/30""><td>6.0%</td><td>$2,398</td><td>+$488/month</td><td>$463,280</td><td>+$175,800</td></tr>"
src/lib/pseo-data.ts,661,"<tr class=""border-b border-outline-variant/30""><td>6.5%</td><td>$2,528</td><td>+$618/month</td><td>$510,080</td><td>+$222,600</td></tr>"
src/lib/pseo-data.ts,662,"<tr class=""border-b border-outline-variant/30 bg-primary/5 font-bold""><td>6.8%</td><td>$2,615</td><td>+$705/month</td><td>$541,400</td><td>+$253,920</td></tr>"
src/lib/pseo-data.ts,663,"<tr class=""border-b border-outline-variant/30""><td>7.0%</td><td>$2,661</td><td>+$751/month</td><td>$557,960</td><td>+$270,480</td></tr>"
src/lib/pseo-data.ts,668,"<p>Borrowers with a 4% rate are paying significantly less than current market participants. For buyers today, this data reinforces the importance of using a <a href=""/refinancing-calculator"">refinancing calculator</a> to identify exactly when a future rate drop makes a refinance profitable. Read more on <a href=""/blog/when-to-refinance"">when refinancing makes sense</a> and <a href=""/blog/interest-rate-impact"">how your rate affects total cost</a>.</p>"
src/lib/pseo-data.ts,671,"<p>Whether you are comparing a historical rate or planning for the future, use the mortgage calculator above to run your specific numbers. Also, compare this scenario to a <a href=""/calculator/300k-mortgage-monthly-payment-6-percent"">$300,000 mortgage at 6%</a> or a <a href=""/calculator/700k-mortgage-monthly-payment-7-percent"">$700,000 mortgage at 7%</a>. For those torn between terms, see our <a href=""/blog/15-vs-30-year-mortgage"">15-year vs 30-year mortgage comparison</a>.</p>"
src/lib/pseo-data.ts,688,"question: ""What is the monthly payment on a $400,000 mortgage at 4%?"","
src/lib/pseo-data.ts,689,"answer: ""The monthly principal and interest payment is $1,910 for a 30-year fixed term. When including property taxes and insurance, the total **$400000 mortgage monthly payment 4 percent** typically comes to around $2,624."""
src/lib/pseo-data.ts,692,"question: ""How much do I save with a 4% rate vs a 7% rate on a $400,000 mortgage?"","
src/lib/pseo-data.ts,693,"answer: ""A 4% rate saves you roughly $751 per month in principal and interest compared to a 7% rate. Over 30 years, this results in a staggering $270,480 in interest savings."""
src/lib/pseo-data.ts,696,"question: ""What income do I need for a $400,000 mortgage at 4%?"","
src/lib/pseo-data.ts,697,"answer: ""To qualify comfortably, you typically need a gross annual household income between $82,000 and $112,000, assuming you have moderate down payment and minimal other monthly debts."""
src/lib/pseo-data.ts,700,"question: ""Can I still get a 4% mortgage rate in 2026?"","
src/lib/pseo-data.ts,701,"answer: ""While 4% is significantly lower than current 2026 market benchmarks, it remains a common target for refinancing if the economy shifts. Review **Federal Reserve Economic Data** (FRED) to see where today's national averages sit."""
src/lib/pseo-data.ts,710,"amount: 10000,"
src/lib/pseo-data.ts,711,"rate: 10,"
src/lib/pseo-data.ts,712,"term: 3,"
src/lib/pseo-data.ts,714,"customTitle: ""$10,000 Personal Loan at 10%: Full Repayment Breakdown"","
src/lib/pseo-data.ts,715,"customDescription: ""What are the monthly payments on a $10,000 personal loan at 10% interest? See exact payments for every term, total interest cost, how to compare lenders, and tips to qualify for a lower rate."","
src/lib/pseo-data.ts,716,"customH1: ""$10,000 Personal Loan at 10%: Full Repayment Breakdown"","
src/lib/pseo-data.ts,717,"customIntro: ""A $10,000 personal loan at 10% APR is one of the most common borrowing scenarios in the US — used for debt consolidation, home improvements, medical expenses, and major purchases. The monthly payment and total interest cost vary significantly depending on the loan term you choose. This page gives you the exact repayment figures at every common term, a comparison of how term length affects total cost, and the income and credit requirements to qualify at 10% APR. Use the <a href='/loan-calculator'>loan calculator</a> above to adjust for your specific rate and term."","
src/lib/pseo-data.ts,719,"<h2>Monthly Payments on a $10,000 Loan at 10%</h2>"
src/lib/pseo-data.ts,720,"<p>The repayment term you choose is the biggest factor in your monthly budget. A shorter term saves you money on interest, while a longer term provides a more manageable monthly payment. Here is the breakdown for a $10,000 loan at a 10% fixed rate:</p>"
src/lib/pseo-data.ts,733,"<tr class=""border-b border-outline-variant/30""><td>1 year</td><td>$879</td><td>$548</td><td>$10,548</td></tr>"
src/lib/pseo-data.ts,734,"<tr class=""border-b border-outline-variant/30""><td>2 years</td><td>$461</td><td>$1,064</td><td>$11,064</td></tr>"
src/lib/pseo-data.ts,735,"<tr class=""border-b border-outline-variant/30 font-bold bg-primary/5 text-primary""><td>3 years</td><td>$323</td><td>$1,616</td><td>$11,616</td></tr>"
src/lib/pseo-data.ts,736,"<tr class=""border-b border-outline-variant/30""><td>4 years</td><td>$254</td><td>$2,192</td><td>$12,192</td></tr>"
src/lib/pseo-data.ts,737,"<tr class=""border-b border-outline-variant/30 font-bold bg-primary/5""><td>5 years</td><td>$212</td><td>$2,748</td><td>$12,748</td></tr>"
src/lib/pseo-data.ts,738,"<tr class=""border-b border-outline-variant/30""><td>7 years</td><td>$166</td><td>$3,944</td><td>$13,944</td></tr>"
src/lib/pseo-data.ts,743,"<p>At 10% over 3 years — the most common personal loan term — the monthly payment is $323 and total interest is $1,616. Choosing a 5-year term instead drops the payment by $111/month but adds $1,132 in total interest. Use our <a href=""/total-interest-calculator"">total interest calculator</a> to see how much you could save by paying the loan off early.</p>"
src/lib/pseo-data.ts,746,"<p>Your credit profile determines the interest rate you are offered. Small shifts in your APR have massive consequences for a $10,000 loan balance over a 3-year term:</p>"
src/lib/pseo-data.ts,759,"<tr class=""border-b border-outline-variant/30""><td>6%</td><td>$304</td><td>$944</td><td>$10,944</td></tr>"
src/lib/pseo-data.ts,760,"<tr class=""border-b border-outline-variant/30""><td>8%</td><td>$313</td><td>$1,128</td><td>$11,128</td></tr>"
src/lib/pseo-data.ts,761,"<tr class=""border-b border-outline-variant/30 font-bold text-primary""><td>10%</td><td>$323</td><td>$1,616</td><td>$11,616</td></tr>"
src/lib/pseo-data.ts,762,"<tr class=""border-b border-outline-variant/30""><td>12%</td><td>$332</td><td>$1,952</td><td>$11,952</td></tr>"
src/lib/pseo-data.ts,763,"<tr class=""border-b border-outline-variant/30 bg-primary/5""><td>15%</td><td>$347</td><td>$2,492</td><td>$12,492</td></tr>"
src/lib/pseo-data.ts,764,"<tr class=""border-b border-outline-variant/30""><td>20%</td><td>$372</td><td>$3,392</td><td>$13,392</td></tr>"
src/lib/pseo-data.ts,765,"<tr class=""border-b border-outline-variant/30 font-bold""><td>25%</td><td>$398</td><td>$4,328</td><td>$14,328</td></tr>"
src/lib/pseo-data.ts,769,"<p>The difference between a 6% and 25% rate is $3,384 in total interest. This is why checking your credit score at <a href=""https://www.annualcreditreport.com"" target=""_blank"" rel=""noopener noreferrer"">AnnualCreditReport.com</a> and improving it before you apply is critical. Read more in our <a href=""/blog/interest-rate-impact"">how your rate affects total cost</a> guide.</p>"
src/lib/pseo-data.ts,771,<h2>What You Need to Qualify for a 10% Personal Loan Rate</h2>
src/lib/pseo-data.ts,772,"<p>Securing a 10% rate generally requires a ""good"" credit profile. Here are the typical thresholds lenders look for:</p>"
src/lib/pseo-data.ts,785,"<tr class=""border-b border-outline-variant/30""><td>Annual income</td><td>~$20,000</td><td>$45,000+</td></tr>"
src/lib/pseo-data.ts,786,"<tr class=""border-b border-outline-variant/30""><td>DTI ratio</td><td>Below 40%</td><td>Below 30%</td></tr>"
src/lib/pseo-data.ts,792,"<p>Personal loan interest rates vary significantly between lenders. Before you commit, learn <a href=""/blog/compare-loan-offers"">how to compare loan offers</a> and use our <a href=""/blog/loan-calculator-explained"">loan calculator guide</a> to understand the math. For larger needs, you can also see our analysis of a <a href=""/calculator/25k-personal-loan-repayment-8-percent"">$25,000 personal loan at 8%</a>.</p>"
src/lib/pseo-data.ts,794,<h2>10% APR vs. Nominal Rate: An Important Distinction</h2>
src/lib/pseo-data.ts,795,"<p>Under the Truth in Lending Act enforced by the <a href=""https://www.consumerfinance.gov"" target=""_blank"" rel=""noopener noreferrer"">Consumer Financial Protection Bureau</a>, lenders must disclose the APR. This includes not just the interest rate, but any origination fees. A 10% APR gives you a true cost comparison. For example, on a $10,000 loan, a 1% APR difference over 3 years costs approximately $160 extra in total interest — small but worth knowing when comparing offers using a <a href=""/monthly-payment-calculator"">monthly payment calculator</a>.</p>"
src/lib/pseo-data.ts,798,"<p>Ready to see your exact numbers? Use the <a href=""/loan-calculator"">loan calculator</a> above to enter $10,000 and your quoted rate. You can also dive deeper with our guides on <a href=""/blog/total-interest-explained"">total interest explained</a> and <a href=""/blog/monthly-payment-formula"">the monthly payment formula</a>. Comparing multiple lenders is the easiest way to ensure you aren't overpaying.</p>"
src/lib/pseo-data.ts,815,"question: ""What is the monthly payment on a $10,000 loan at 10% interest?"","
src/lib/pseo-data.ts,816,"answer: ""On a 3-year term, your monthly payment is $323. For a **$10000 personal loan repayment 10 percent** scenario over 5 years, the payment drops to $212."""
src/lib/pseo-data.ts,819,"question: ""How much total interest do I pay on a $10,000 personal loan at 10%?"","
src/lib/pseo-data.ts,820,"answer: ""Over a 3-year term, you will pay a total of $1,616 in interest. Shifting to a 5-year term increases the total interest to $2,748."""
src/lib/pseo-data.ts,823,"question: ""What credit score do I need for a 10% personal loan rate?"","
src/lib/pseo-data.ts,824,"answer: ""Typically, a credit score of 680–720 or higher is required to qualify for personal loan rates in the 10% range from major online and traditional lenders."""
src/lib/pseo-data.ts,827,"question: ""Is a 3-year or 5-year term better for a $10,000 loan?"","
src/lib/pseo-data.ts,835,"amount: 25000,"
src/lib/pseo-data.ts,836,"rate: 8,"
src/lib/pseo-data.ts,837,"term: 5,"
src/lib/pseo-data.ts,839,"customTitle: ""$25,000 Personal Loan at 8%: Full Repayment Breakdown"","
src/lib/pseo-data.ts,840,"customDescription: ""What are the monthly payments on a $25,000 personal loan at 8% interest? See exact payments for every term, total interest cost, income requirements, and how to qualify for the best rate on a $25k loan."","
src/lib/pseo-data.ts,841,"customH1: ""$25,000 Personal Loan at 8%: Full Repayment Breakdown"","
src/lib/pseo-data.ts,842,"customIntro: ""A $25,000 personal loan at 8% APR is a common scenario for borrowers financing home improvements, consolidating credit card debt, covering medical expenses, or funding a major life event. At 8%, this is a competitive rate that typically requires a credit score above 700 and stable income. This page gives you the exact monthly payment at every common term, the total interest cost of each option, what income and credit you need to qualify at 8%, and a rate comparison showing exactly what a higher or lower rate would cost. Use the <a href='/loan-calculator'>loan calculator</a> above to adjust for your specific rate and term."","
src/lib/pseo-data.ts,844,"<h2>Monthly Payments on a $25,000 Loan at 8%</h2>"
src/lib/pseo-data.ts,845,"<p>The repayment term you choose balances your monthly lifestyle costs against the total lifetime cost of the loan. A $25,000 loan balance carries a significant monthly weight, making it critical to find your target payment-to-income ratio:</p>"
src/lib/pseo-data.ts,858,"<tr class=""border-b border-outline-variant/30 font-bold bg-primary/5""><td>1 year</td><td>$2,172</td><td>$1,064</td><td>$26,064</td></tr>"
src/lib/pseo-data.ts,859,"<tr class=""border-b border-outline-variant/30""><td>2 years</td><td>$1,130</td><td>$2,120</td><td>$27,120</td></tr>"
src/lib/pseo-data.ts,860,"<tr class=""border-b border-outline-variant/30""><td>3 years</td><td>$783</td><td>$3,188</td><td>$28,188</td></tr>"
src/lib/pseo-data.ts,861,"<tr class=""border-b border-outline-variant/30""><td>4 years</td><td>$610</td><td>$4,280</td><td>$29,280</td></tr>"
src/lib/pseo-data.ts,862,"<tr class=""border-b border-outline-variant/30 font-bold text-primary""><td>5 years</td><td>$507</td><td>$5,420</td><td>$30,420</td></tr>"
src/lib/pseo-data.ts,863,"<tr class=""border-b border-outline-variant/30""><td>7 years</td><td>$389</td><td>$7,676</td><td>$32,676</td></tr>"
src/lib/pseo-data.ts,868,"<p>At 8% over 5 years — the most popular term for a $25,000 loan — the monthly payment is $507 and total interest is $5,420. Choosing a 3-year term increases the payment by $276/month but saves $2,232 in total interest. If your budget can absorb the higher payment, the 3-year term is almost always the better financial choice. Use our <a href=""/total-interest-calculator"">total interest calculator</a> to see your exact savings based on early payoff goals.</p>"
src/lib/pseo-data.ts,871,"<p>Qualified rates for a $25,000 loan vary significantly based on your debt-to-income (DTI) ratio and credit score. Here is what a 5-year repayment plan looks like across the rate spectrum:</p>"
src/lib/pseo-data.ts,884,"<tr class=""border-b border-outline-variant/30""><td>5%</td><td>$472</td><td>$3,320</td><td>$28,320</td></tr>"
src/lib/pseo-data.ts,885,"<tr class=""border-b border-outline-variant/30 font-bold bg-primary/5 text-primary""><td>6%</td><td>$483</td><td>$4,980</td><td>$29,980</td></tr>"
src/lib/pseo-data.ts,886,"<tr class=""border-b border-outline-variant/30""><td>8%</td><td>$507</td><td>$5,420</td><td>$30,420</td></tr>"
src/lib/pseo-data.ts,887,"<tr class=""border-b border-outline-variant/30""><td>10%</td><td>$531</td><td>$6,860</td><td>$31,860</td></tr>"
src/lib/pseo-data.ts,888,"<tr class=""border-b border-outline-variant/30 bg-primary/5""><td>12%</td><td>$556</td><td>$8,360</td><td>$33,360</td></tr>"
src/lib/pseo-data.ts,889,"<tr class=""border-b border-outline-variant/30""><td>15%</td><td>$595</td><td>$10,700</td><td>$35,700</td></tr>"
src/lib/pseo-data.ts,890,"<tr class=""border-b border-outline-variant/30 font-bold""><td>20%</td><td>$663</td><td>$14,780</td><td>$39,780</td></tr>"
src/lib/pseo-data.ts,894,"<p>The difference between an 8% and 20% rate over 5 years is $9,360 in total interest — more than a third of the original loan amount. Check your credit score at <a href=""https://www.annualcreditreport.com"" target=""_blank"" rel=""noopener noreferrer"">AnnualCreditReport.com</a> before applying to understand where you land on this table. Read more in our <a href=""/blog/interest-rate-impact"">how your rate affects total cost</a> guide.</p>"
src/lib/pseo-data.ts,896,"<h2>What You Need to Qualify for 8% on a $25,000 Loan</h2>"
src/lib/pseo-data.ts,897,"<p>Lenders consider $25,000 a major personal loan, often requiring more rigorous income verification than smaller loans. Here is the typical profile needed to secure an 8% APR:</p>"
src/lib/pseo-data.ts,905,"<th class=""py-3 px-4 font-bold text-sm"">Required for 8% Rate</th>"
src/lib/pseo-data.ts,910,"<tr class=""border-b border-outline-variant/30""><td>Annual income</td><td>~$30,000</td><td>$50,000+</td></tr>"
src/lib/pseo-data.ts,911,"<tr class=""border-b border-outline-variant/30""><td>DTI ratio</td><td>Below 40%</td><td>Below 30%</td></tr>"
src/lib/pseo-data.ts,919,"<h2>Using a $25,000 Loan for Debt Consolidation: Does the Math Work?</h2>"
src/lib/pseo-data.ts,920,"<p>Under the Truth in Lending Act by the <a href=""https://www.consumerfinance.gov"" target=""_blank"" rel=""noopener noreferrer"">Consumer Financial Protection Bureau</a>, lenders must disclose the APR. Consolidating credit card debt is the most common use for a $25,000 loan. Consider this comparison:</p>"
src/lib/pseo-data.ts,923,"<li><strong>Consolidating 4 credit cards at 21% APR:</strong> Minimum payments of ~$625/month, paying off in ~9 years with ~$18,900 in total interest.</li>"
src/lib/pseo-data.ts,924,"<li><strong>$25,000 Personal Loan at 8% (5 yrs):</strong> Lower monthly payment of $507/month, paying off 4 years faster with only $5,420 in total interest.</li>"
src/lib/pseo-data.ts,927,"<p>The math results in a staggering ~$13,480 in interest savings. Learn more in our <a href=""/blog/total-interest-explained"">total interest explained</a> guide and verify your own savings with the <a href=""/loan-calculator"">loan calculator</a>. For comparison, also see our breakdown of a <a href=""/calculator/10k-personal-loan-repayment-10-percent"">$10,000 personal loan at 10%</a>.</p>"
src/lib/pseo-data.ts,930,"<p>Before you sign, enter $25,000 into the loan calculator above with your quoted APR. You can also model how different payments affect <a href=""/blog/monthly-payment-formula"">the monthly payment formula</a>. Use our <a href=""/monthly-payment-calculator"">monthly payment calculator</a> to find a term that leaves you with sufficient budget surplus.</p>"
src/lib/pseo-data.ts,947,"question: ""What is the monthly payment on a $25,000 loan at 8% interest?"","
src/lib/pseo-data.ts,948,"answer: ""On a 5-year term, your monthly payment is $507. For a **$25000 personal loan repayment 8 percent** scenario over a 3-year term, the payment increases to $783."""
src/lib/pseo-data.ts,951,"question: ""How much total interest do I pay on a $25,000 personal loan at 8%?"","
src/lib/pseo-data.ts,952,"answer: ""Over a 5-year term, you will pay a total of $5,420 in interest. Opting for a 3-year term reduces the total interest to $3,188."""
src/lib/pseo-data.ts,955,"question: ""What credit score do I need for an 8% personal loan rate?"","
src/lib/pseo-data.ts,956,"answer: ""For a $25,000 loan amount, an 8% rate usually requires a 'Very Good' credit score of 700–720 or higher, along with a low DTI and stable employment history."""
src/lib/pseo-data.ts,959,"question: ""Is a $25,000 personal loan a good idea for debt consolidation?"","
src/lib/pseo-data.ts,960,"answer: ""Yes, if you qualify for an 8% rate, consolidating credit cards at 20%+ APR can save you over $13,000 in interest and shorten your payoff time by several years."""
src/lib/pseo-data.ts,969,"amount: 5000,"
src/lib/pseo-data.ts,970,"rate: 12,"
src/lib/pseo-data.ts,971,"term: 3,"
src/lib/pseo-data.ts,973,"customTitle: ""$5,000 Personal Loan at 12%: Payments, Costs & Timeline"","
src/lib/pseo-data.ts,974,"customDescription: ""Monthly payment on a $5,000 personal loan at 12% is $166 over 3 years — $976 total interest. Full term table, APR sensitivity, and qualification guide."","
src/lib/pseo-data.ts,975,"customH1: ""How Much Does a $5,000 Personal Loan at 12% Really Cost?"","
src/lib/pseo-data.ts,976,"customIntro: ""A $5,000 personal loan at 12% APR is a practical option for first-time borrowers covering emergency expenses, replacing a broken appliance, or consolidating a small credit card balance. At this loan size, lenders are generally more flexible on credit requirements — 12% is accessible to borrowers with fair-to-good credit who may not yet qualify for the best rates. This page gives you the exact monthly payment at every common term, a full APR sensitivity table, and the income and credit requirements to qualify. Use the <a href='/loan-calculator'>loan calculator</a> above to adjust for your specific rate and term."","
src/lib/pseo-data.ts,978,"<h2>Monthly Payments on a $5,000 Loan at 12%</h2>"
src/lib/pseo-data.ts,979,"<p>Choosing your repayment term controls how much you pay each month and how much you pay overall. Here is the full breakdown for a $5,000 loan at 12% fixed APR:</p>"
src/lib/pseo-data.ts,992,"<tr class=""border-b border-outline-variant/30""><td class=""py-3 px-4 text-sm"">1 year</td><td class=""py-3 px-4 text-sm"">$444</td><td class=""py-3 px-4 text-sm"">$328</td><td class=""py-3 px-4 text-sm"">$5,328</td></tr>"
src/lib/pseo-data.ts,993,"<tr class=""border-b border-outline-variant/30""><td class=""py-3 px-4 text-sm"">2 years</td><td class=""py-3 px-4 text-sm"">$235</td><td class=""py-3 px-4 text-sm"">$640</td><td class=""py-3 px-4 text-sm"">$5,640</td></tr>"
src/lib/pseo-data.ts,994,"<tr class=""border-b border-outline-variant/30 font-bold bg-primary/5""><td class=""py-3 px-4 text-sm"">3 years</td><td class=""py-3 px-4 text-sm"">$166</td><td class=""py-3 px-4 text-sm"">$976</td><td class=""py-3 px-4 text-sm"">$5,976</td></tr>"
src/lib/pseo-data.ts,995,"<tr class=""border-b border-outline-variant/30""><td class=""py-3 px-4 text-sm"">5 years</td><td class=""py-3 px-4 text-sm"">$111</td><td class=""py-3 px-4 text-sm"">$1,660</td><td class=""py-3 px-4 text-sm"">$6,660</td></tr>"
src/lib/pseo-data.ts,996,"<tr class=""border-b border-outline-variant/30""><td class=""py-3 px-4 text-sm"">7 years</td><td class=""py-3 px-4 text-sm"">$88</td><td class=""py-3 px-4 text-sm"">$2,392</td><td class=""py-3 px-4 text-sm"">$7,392</td></tr>"
src/lib/pseo-data.ts,1001,"<p>At 12% over 3 years — the most common personal loan term — the monthly payment is $166 and total interest is $976. Stretching to 5 years cuts the payment by $55 per month but adds $684 in total interest. For most borrowers with a $5,000 balance, the 3-year term is the better financial choice if the payment fits the budget. Use our <a href=""/total-interest-calculator"">total interest calculator</a> to model early payoff scenarios.</p>"
src/lib/pseo-data.ts,1003,"<h2>How Your Rate Affects the Cost of a $5,000 Loan</h2>"
src/lib/pseo-data.ts,1017,"<tr class=""border-b border-outline-variant/30""><td class=""py-3 px-4 text-sm"">6%</td><td class=""py-3 px-4 text-sm"">$152</td><td class=""py-3 px-4 text-sm"">$472</td><td class=""py-3 px-4 text-sm"">$5,472</td></tr>"
src/lib/pseo-data.ts,1018,"<tr class=""border-b border-outline-variant/30""><td class=""py-3 px-4 text-sm"">8%</td><td class=""py-3 px-4 text-sm"">$157</td><td class=""py-3 px-4 text-sm"">$652</td><td class=""py-3 px-4 text-sm"">$5,652</td></tr>"
src/lib/pseo-data.ts,1019,"<tr class=""border-b border-outline-variant/30""><td class=""py-3 px-4 text-sm"">10%</td><td class=""py-3 px-4 text-sm"">$161</td><td class=""py-3 px-4 text-sm"">$796</td><td class=""py-3 px-4 text-sm"">$5,796</td></tr>"
src/lib/pseo-data.ts,1020,"<tr class=""border-b border-outline-variant/30 font-bold bg-primary/5""><td class=""py-3 px-4 text-sm"">12%</td><td class=""py-3 px-4 text-sm"">$166</td><td class=""py-3 px-4 text-sm"">$976</td><td class=""py-3 px-4 text-sm"">$5,976</td></tr>"
src/lib/pseo-data.ts,1021,"<tr class=""border-b border-outline-variant/30""><td class=""py-3 px-4 text-sm"">15%</td><td class=""py-3 px-4 text-sm"">$173</td><td class=""py-3 px-4 text-sm"">$1,228</td><td class=""py-3 px-4 text-sm"">$6,228</td></tr>"
src/lib/pseo-data.ts,1022,"<tr class=""border-b border-outline-variant/30""><td class=""py-3 px-4 text-sm"">20%</td><td class=""py-3 px-4 text-sm"">$186</td><td class=""py-3 px-4 text-sm"">$1,696</td><td class=""py-3 px-4 text-sm"">$6,696</td></tr>"
src/lib/pseo-data.ts,1023,"<tr class=""border-b border-outline-variant/30""><td class=""py-3 px-4 text-sm"">25%</td><td class=""py-3 px-4 text-sm"">$202</td><td class=""py-3 px-4 text-sm"">$2,272</td><td class=""py-3 px-4 text-sm"">$7,272</td></tr>"
src/lib/pseo-data.ts,1027,"<p>The difference between a 10% and 20% APR on a $5,000 loan over 3 years is $900 in total interest — nearly a fifth of what you borrowed. Check your credit at <a href=""https://www.annualcreditreport.com"" target=""_blank"" rel=""noopener noreferrer"">AnnualCreditReport.com</a> before applying to know where you stand on this table.</p>"
src/lib/pseo-data.ts,1029,"<h2>What You Need to Qualify for a 12% Rate on a $5,000 Loan</h2>"
src/lib/pseo-data.ts,1030,"<p>At $5,000, lenders have more flexibility than with larger amounts. Here are the typical thresholds for approval and for securing the 12% rate shown on this page:</p>"
src/lib/pseo-data.ts,1038,"<th class=""py-3 px-4 font-bold text-sm"">For 12% Rate</th>"
src/lib/pseo-data.ts,1043,"<tr class=""border-b border-outline-variant/30""><td class=""py-3 px-4 text-sm"">Annual income</td><td class=""py-3 px-4 text-sm"">~$15,000</td><td class=""py-3 px-4 text-sm"">~$20,000+</td></tr>"
src/lib/pseo-data.ts,1044,"<tr class=""border-b border-outline-variant/30""><td class=""py-3 px-4 text-sm"">DTI ratio</td><td class=""py-3 px-4 text-sm"">Below 40%</td><td class=""py-3 px-4 text-sm"">Below 30%</td></tr>"
src/lib/pseo-data.ts,1050,"<h2>$5,000 Personal Loan vs. Credit Card at 24%</h2>"
src/lib/pseo-data.ts,1051,"<p>The most direct comparison for a $5,000 balance is carrying it on a credit card at a typical 24% APR and paying it off over 3 years. At 24% over 36 months, the monthly payment is $196 and you pay $2,056 in total interest. A personal loan at 12% cuts the monthly payment to $166 and total interest to $976 — saving you $30 per month and $1,080 over the life of the balance. That is a meaningful saving on a $5,000 amount. For a deeper comparison, see our <a href=""/calculator/10k-personal-loan-repayment-10-percent"">$10,000 personal loan at 10%</a> breakdown or our <a href=""/calculator/15k-loan-monthly-payment-10-percent"">$15,000 loan at 10%</a> page.</p>"
src/lib/pseo-data.ts,1070,"question: ""What is the monthly payment on a $5,000 loan at 12%?"","
src/lib/pseo-data.ts,1071,"answer: ""On a 3-year term, your monthly payment is $166. Over 5 years it drops to $111 per month. The shorter term saves $684 in total interest."""
src/lib/pseo-data.ts,1074,"question: ""How much total interest do I pay on a $5,000 personal loan at 12%?"","
src/lib/pseo-data.ts,1075,"answer: ""On the standard 3-year term, total interest is $976. Extending to 5 years raises that to $1,660. Use the total interest calculator to model any term."""
src/lib/pseo-data.ts,1078,"question: ""Is a personal loan better than a credit card for a $5,000 balance?"","
src/lib/pseo-data.ts,1079,"answer: ""Usually yes. A credit card at 24% APR costs $2,056 in interest over 3 years on a $5,000 balance. A personal loan at 12% costs $976 — a saving of $1,080 and $30 per month."""
src/lib/pseo-data.ts,1082,"question: ""What credit score do I need for a $5,000 personal loan at 12%?"","
src/lib/pseo-data.ts,1083,"answer: ""A credit score of 620 or higher is typically sufficient for a 12% rate on a $5,000 loan. Borrowers with scores below 620 may still qualify but will likely face higher rates."""
src/lib/pseo-data.ts,1090,"amount: 15000,"
src/lib/pseo-data.ts,1091,"rate: 10,"
src/lib/pseo-data.ts,1092,"term: 3,"
src/lib/pseo-data.ts,1094,"customTitle: ""$15,000 Personal Loan at 10%: Full Repayment Breakdown"","
src/lib/pseo-data.ts,1095,"customDescription: ""$15,000 personal loan at 10%: $484/month over 3 years, $2,424 total interest. Full term comparison, APR sensitivity table, and qualification requirements."","
src/lib/pseo-data.ts,1096,"customH1: ""$15,000 Personal Loan at 10%: What You Will Actually Pay"","
src/lib/pseo-data.ts,1097,"customIntro: ""A $15,000 personal loan at 10% APR fits borrowers financing a car repair gap, consolidating moderate credit card balances, or covering unexpected medical expenses. At this loan amount, lenders expect a solid credit profile — a 640+ score and stable income put you in range for a 10% rate. This page gives you the exact monthly payment at every common term, a rate comparison table showing what better or worse credit costs you, and the qualification thresholds for a 10% offer. Use the <a href='/loan-calculator'>loan calculator</a> above to adjust for your specific rate and term."","
src/lib/pseo-data.ts,1099,"<h2>Monthly Payments on a $15,000 Loan at 10%</h2>"
src/lib/pseo-data.ts,1100,"<p>The repayment term you choose directly trades monthly payment against total interest cost. Here is the full breakdown for a $15,000 balance at 10% fixed APR:</p>"
src/lib/pseo-data.ts,1113,"<tr class=""border-b border-outline-variant/30""><td class=""py-3 px-4 text-sm"">1 year</td><td class=""py-3 px-4 text-sm"">$1,319</td><td class=""py-3 px-4 text-sm"">$828</td><td class=""py-3 px-4 text-sm"">$15,828</td></tr>"
src/lib/pseo-data.ts,1114,"<tr class=""border-b border-outline-variant/30""><td class=""py-3 px-4 text-sm"">2 years</td><td class=""py-3 px-4 text-sm"">$692</td><td class=""py-3 px-4 text-sm"">$1,608</td><td class=""py-3 px-4 text-sm"">$16,608</td></tr>"
src/lib/pseo-data.ts,1115,"<tr class=""border-b border-outline-variant/30 font-bold bg-primary/5""><td class=""py-3 px-4 text-sm"">3 years</td><td class=""py-3 px-4 text-sm"">$484</td><td class=""py-3 px-4 text-sm"">$2,424</td><td class=""py-3 px-4 text-sm"">$17,424</td></tr>"
src/lib/pseo-data.ts,1116,"<tr class=""border-b border-outline-variant/30""><td class=""py-3 px-4 text-sm"">5 years</td><td class=""py-3 px-4 text-sm"">$319</td><td class=""py-3 px-4 text-sm"">$4,140</td><td class=""py-3 px-4 text-sm"">$19,140</td></tr>"
src/lib/pseo-data.ts,1117,"<tr class=""border-b border-outline-variant/30""><td class=""py-3 px-4 text-sm"">7 years</td><td class=""py-3 px-4 text-sm"">$249</td><td class=""py-3 px-4 text-sm"">$5,916</td><td class=""py-3 px-4 text-sm"">$20,916</td></tr>"
src/lib/pseo-data.ts,1122,"<p>At 10% over 3 years, the monthly payment is $484 and total interest is $2,424. Choosing a 5-year term instead saves $165 per month but adds $1,716 in interest over the life of the loan. If the budget can absorb $484 a month, the 3-year term wins. Use our <a href=""/total-interest-calculator"">total interest calculator</a> to see savings from paying extra each month.</p>"
src/lib/pseo-data.ts,1124,"<h2>How Your Rate Affects the Cost of a $15,000 Loan</h2>"
src/lib/pseo-data.ts,1125,"<p>Small APR differences compound quickly on a $15,000 balance. Here is what the full rate spectrum looks like over a 3-year term:</p>"
src/lib/pseo-data.ts,1138,"<tr class=""border-b border-outline-variant/30""><td class=""py-3 px-4 text-sm"">6%</td><td class=""py-3 px-4 text-sm"">$456</td><td class=""py-3 px-4 text-sm"">$1,416</td><td class=""py-3 px-4 text-sm"">$16,416</td></tr>"
src/lib/pseo-data.ts,1139,"<tr class=""border-b border-outline-variant/30""><td class=""py-3 px-4 text-sm"">8%</td><td class=""py-3 px-4 text-sm"">$470</td><td class=""py-3 px-4 text-sm"">$1,920</td><td class=""py-3 px-4 text-sm"">$16,920</td></tr>"
src/lib/pseo-data.ts,1140,"<tr class=""border-b border-outline-variant/30 font-bold bg-primary/5""><td class=""py-3 px-4 text-sm"">10%</td><td class=""py-3 px-4 text-sm"">$484</td><td class=""py-3 px-4 text-sm"">$2,424</td><td class=""py-3 px-4 text-sm"">$17,424</td></tr>"
src/lib/pseo-data.ts,1141,"<tr class=""border-b border-outline-variant/30""><td class=""py-3 px-4 text-sm"">12%</td><td class=""py-3 px-4 text-sm"">$498</td><td class=""py-3 px-4 text-sm"">$2,928</td><td class=""py-3 px-4 text-sm"">$17,928</td></tr>"
src/lib/pseo-data.ts,1142,"<tr class=""border-b border-outline-variant/30""><td class=""py-3 px-4 text-sm"">15%</td><td class=""py-3 px-4 text-sm"">$520</td><td class=""py-3 px-4 text-sm"">$3,720</td><td class=""py-3 px-4 text-sm"">$18,720</td></tr>"
src/lib/pseo-data.ts,1143,"<tr class=""border-b border-outline-variant/30""><td class=""py-3 px-4 text-sm"">20%</td><td class=""py-3 px-4 text-sm"">$557</td><td class=""py-3 px-4 text-sm"">$5,052</td><td class=""py-3 px-4 text-sm"">$20,052</td></tr>"
src/lib/pseo-data.ts,1144,"<tr class=""border-b border-outline-variant/30""><td class=""py-3 px-4 text-sm"">25%</td><td class=""py-3 px-4 text-sm"">$605</td><td class=""py-3 px-4 text-sm"">$6,780</td><td class=""py-3 px-4 text-sm"">$21,780</td></tr>"
src/lib/pseo-data.ts,1148,"<p>Moving from 10% to 20% APR on a $15,000 loan over 3 years adds $2,628 in total interest — the difference between qualifying with decent credit and applying with poor credit is material at this loan size.</p>"
src/lib/pseo-data.ts,1150,"<h2>What You Need to Qualify for 10% on a $15,000 Loan</h2>"
src/lib/pseo-data.ts,1151,"<p>Lenders treat $15,000 as a mid-range personal loan. Here are the typical thresholds:</p>"
src/lib/pseo-data.ts,1159,"<th class=""py-3 px-4 font-bold text-sm"">For 10% Rate</th>"
src/lib/pseo-data.ts,1164,"<tr class=""border-b border-outline-variant/30""><td class=""py-3 px-4 text-sm"">Annual income</td><td class=""py-3 px-4 text-sm"">~$20,000</td><td class=""py-3 px-4 text-sm"">~$30,000+</td></tr>"
src/lib/pseo-data.ts,1165,"<tr class=""border-b border-outline-variant/30""><td class=""py-3 px-4 text-sm"">DTI ratio</td><td class=""py-3 px-4 text-sm"">Below 40%</td><td class=""py-3 px-4 text-sm"">Below 30%</td></tr>"
src/lib/pseo-data.ts,1171,"<h2>Using a $15,000 Loan to Consolidate Credit Card Debt</h2>"
src/lib/pseo-data.ts,1172,"<p>Carrying $15,000 across credit cards at a typical 22% APR and paying it off in 3 years would cost $573 per month and $5,628 in total interest. A personal loan at 10% for the same term costs $484 per month and $2,424 in interest — saving $89 per month and $3,204 over three years. That is a real number worth running before you accept a card minimum payment schedule. For comparison, see our breakdowns of a <a href=""/calculator/10k-personal-loan-repayment-10-percent"">$10,000 personal loan at 10%</a>, a <a href=""/calculator/5k-loan-monthly-payment-12-percent"">$5,000 loan at 12%</a>, and a <a href=""/calculator/20k-loan-monthly-payment-10-percent"">$20,000 loan at 10%</a>.</p>"
src/lib/pseo-data.ts,1191,"question: ""What is the monthly payment on a $15,000 loan at 10%?"","
src/lib/pseo-data.ts,1192,"answer: ""On a 3-year term, your monthly payment is $484. Over 5 years it drops to $319. The 3-year term saves $1,716 in total interest compared to the 5-year option."""
src/lib/pseo-data.ts,1195,"question: ""How much total interest do I pay on a $15,000 personal loan at 10%?"","
src/lib/pseo-data.ts,1196,"answer: ""Over the standard 3-year term, total interest is $2,424. Choosing a 5-year term raises that to $4,140. The difference is $1,716 in exchange for $165 less per month."""
src/lib/pseo-data.ts,1199,"question: ""Can I use a $15,000 personal loan to consolidate credit card debt?"","
src/lib/pseo-data.ts,1200,"answer: ""Yes. If your cards carry a 22% APR, a personal loan at 10% saves roughly $3,204 in interest over 3 years and reduces your monthly obligation by about $89 compared to paying the cards directly."""
src/lib/pseo-data.ts,1203,"question: ""What credit score do I need for a $15,000 personal loan at 10%?"","
src/lib/pseo-data.ts,1204,"answer: ""Most lenders require a credit score of 640 or higher to qualify for a 10% rate on a $15,000 loan, along with an annual income of at least $30,000 and a DTI below 30%."""
src/lib/pseo-data.ts,1211,"amount: 20000,"
src/lib/pseo-data.ts,1212,"rate: 10,"
src/lib/pseo-data.ts,1213,"term: 5,"
src/lib/pseo-data.ts,1215,"customTitle: ""$20,000 Personal Loan at 10%: Payment & Total Cost Guide"","
src/lib/pseo-data.ts,1216,"customDescription: ""$20,000 personal loan at 10%: $425/month over 5 years, $5,500 total interest. See all terms, APR sensitivity table, and what you need to qualify."","
src/lib/pseo-data.ts,1217,"customH1: ""What Does a $20,000 Personal Loan at 10% Cost Over 5 Years?"","
src/lib/pseo-data.ts,1218,"customIntro: ""A $20,000 personal loan at 10% APR is a common choice for home improvement projects, wedding costs, mid-range debt consolidation, or financing a significant purchase where you want a fixed payment and no collateral requirement. At this amount, lenders look for a 660+ credit score and sufficient income to cover the new payment alongside existing obligations. This page gives you the exact monthly payment at every common term, a full rate sensitivity analysis, and an honest comparison of when a personal loan beats secured alternatives. Use the <a href='/loan-calculator'>loan calculator</a> above to adjust for your specific rate and term."","
src/lib/pseo-data.ts,1220,"<h2>Monthly Payments on a $20,000 Loan at 10%</h2>"
src/lib/pseo-data.ts,1221,"<p>A $20,000 loan balance is large enough that the choice of term has a real impact on both your monthly budget and your total cost. Here is the full picture at 10% fixed APR:</p>"
src/lib/pseo-data.ts,1234,"<tr class=""border-b border-outline-variant/30""><td class=""py-3 px-4 text-sm"">1 year</td><td class=""py-3 px-4 text-sm"">$1,758</td><td class=""py-3 px-4 text-sm"">$1,096</td><td class=""py-3 px-4 text-sm"">$21,096</td></tr>"
src/lib/pseo-data.ts,1235,"<tr class=""border-b border-outline-variant/30""><td class=""py-3 px-4 text-sm"">2 years</td><td class=""py-3 px-4 text-sm"">$923</td><td class=""py-3 px-4 text-sm"">$2,152</td><td class=""py-3 px-4 text-sm"">$22,152</td></tr>"
src/lib/pseo-data.ts,1236,"<tr class=""border-b border-outline-variant/30""><td class=""py-3 px-4 text-sm"">3 years</td><td class=""py-3 px-4 text-sm"">$645</td><td class=""py-3 px-4 text-sm"">$3,220</td><td class=""py-3 px-4 text-sm"">$23,220</td></tr>"
src/lib/pseo-data.ts,1237,"<tr class=""border-b border-outline-variant/30 font-bold bg-primary/5""><td class=""py-3 px-4 text-sm"">5 years</td><td class=""py-3 px-4 text-sm"">$425</td><td class=""py-3 px-4 text-sm"">$5,500</td><td class=""py-3 px-4 text-sm"">$25,500</td></tr>"
src/lib/pseo-data.ts,1238,"<tr class=""border-b border-outline-variant/30""><td class=""py-3 px-4 text-sm"">7 years</td><td class=""py-3 px-4 text-sm"">$332</td><td class=""py-3 px-4 text-sm"">$7,888</td><td class=""py-3 px-4 text-sm"">$27,888</td></tr>"
src/lib/pseo-data.ts,1243,"<p>At 10% over 5 years — a common term for this loan size — the monthly payment is $425 and total interest is $5,500. Choosing the 3-year term raises the monthly payment by $220 but saves $2,280 in interest. If your budget can handle $645 per month, the 3-year term is the better financial outcome. Use the <a href=""/total-interest-calculator"">total interest calculator</a> to see how much extra payments save you.</p>"
src/lib/pseo-data.ts,1245,"<h2>How Your Rate Affects the Cost of a $20,000 Loan</h2>"
src/lib/pseo-data.ts,1246,"<p>Your credit profile sets the rate ceiling you can reach. Here is what a 5-year repayment looks like across the full APR range for a $20,000 balance:</p>"
src/lib/pseo-data.ts,1259,"<tr class=""border-b border-outline-variant/30""><td class=""py-3 px-4 text-sm"">6%</td><td class=""py-3 px-4 text-sm"">$387</td><td class=""py-3 px-4 text-sm"">$3,220</td><td class=""py-3 px-4 text-sm"">$23,220</td></tr>"
src/lib/pseo-data.ts,1260,"<tr class=""border-b border-outline-variant/30""><td class=""py-3 px-4 text-sm"">8%</td><td class=""py-3 px-4 text-sm"">$406</td><td class=""py-3 px-4 text-sm"">$4,360</td><td class=""py-3 px-4 text-sm"">$24,360</td></tr>"
src/lib/pseo-data.ts,1261,"<tr class=""border-b border-outline-variant/30 font-bold bg-primary/5""><td class=""py-3 px-4 text-sm"">10%</td><td class=""py-3 px-4 text-sm"">$425</td><td class=""py-3 px-4 text-sm"">$5,500</td><td class=""py-3 px-4 text-sm"">$25,500</td></tr>"
src/lib/pseo-data.ts,1262,"<tr class=""border-b border-outline-variant/30""><td class=""py-3 px-4 text-sm"">12%</td><td class=""py-3 px-4 text-sm"">$445</td><td class=""py-3 px-4 text-sm"">$6,700</td><td class=""py-3 px-4 text-sm"">$26,700</td></tr>"
src/lib/pseo-data.ts,1263,"<tr class=""border-b border-outline-variant/30""><td class=""py-3 px-4 text-sm"">15%</td><td class=""py-3 px-4 text-sm"">$476</td><td class=""py-3 px-4 text-sm"">$8,560</td><td class=""py-3 px-4 text-sm"">$28,560</td></tr>"
src/lib/pseo-data.ts,1264,"<tr class=""border-b border-outline-variant/30""><td class=""py-3 px-4 text-sm"">20%</td><td class=""py-3 px-4 text-sm"">$530</td><td class=""py-3 px-4 text-sm"">$11,800</td><td class=""py-3 px-4 text-sm"">$31,800</td></tr>"
src/lib/pseo-data.ts,1265,"<tr class=""border-b border-outline-variant/30""><td class=""py-3 px-4 text-sm"">25%</td><td class=""py-3 px-4 text-sm"">$593</td><td class=""py-3 px-4 text-sm"">$15,580</td><td class=""py-3 px-4 text-sm"">$35,580</td></tr>"
src/lib/pseo-data.ts,1269,"<p>Moving from a 10% to a 20% APR on a $20,000 loan over 5 years adds $6,300 in total interest — more than 30% of the original loan amount. Improving your credit score before applying is the highest-leverage step a borrower can take at this loan size.</p>"
src/lib/pseo-data.ts,1271,"<h2>What You Need to Qualify for 10% on a $20,000 Loan</h2>"
src/lib/pseo-data.ts,1272,"<p>At $20,000, lenders require more documentation than for smaller loans. Here are the typical thresholds:</p>"
src/lib/pseo-data.ts,1280,"<th class=""py-3 px-4 font-bold text-sm"">For 10% Rate</th>"
src/lib/pseo-data.ts,1285,"<tr class=""border-b border-outline-variant/30""><td class=""py-3 px-4 text-sm"">Annual income</td><td class=""py-3 px-4 text-sm"">~$25,000</td><td class=""py-3 px-4 text-sm"">~$35,000+</td></tr>"
src/lib/pseo-data.ts,1286,"<tr class=""border-b border-outline-variant/30""><td class=""py-3 px-4 text-sm"">DTI ratio</td><td class=""py-3 px-4 text-sm"">Below 40%</td><td class=""py-3 px-4 text-sm"">Below 30%</td></tr>"
src/lib/pseo-data.ts,1292,"<h2>Personal Loan vs. Home Equity Loan for $20,000</h2>"
src/lib/pseo-data.ts,1293,"<p>For home improvement projects, homeowners often consider a home equity loan or HELOC as an alternative. A home equity loan at 7% over 5 years on a $20,000 balance costs roughly $396 per month and $3,760 in interest — saving about $1,740 compared to a 10% personal loan. However, that saving comes with an appraisal fee ($400–600), 2–4 weeks to close, and the loan secured against your home. A personal loan at 10% has a fixed rate, closes in days, and carries no collateral risk. For renovations where speed and simplicity matter, or for borrowers without significant home equity, the personal loan is the practical choice despite the higher rate. Compare sizes: <a href=""/calculator/15k-loan-monthly-payment-10-percent"">$15,000 at 10%</a>, <a href=""/calculator/30k-loan-monthly-payment-9-percent"">$30,000 at 9%</a>, and <a href=""/calculator/25k-personal-loan-repayment-8-percent"">$25,000 at 8%</a>.</p>"
src/lib/pseo-data.ts,1312,"question: ""What is the monthly payment on a $20,000 loan at 10%?"","
src/lib/pseo-data.ts,1313,"answer: ""On a 5-year term, your monthly payment is $425. For a 3-year term it rises to $645 per month, but you save $2,280 in total interest."""
src/lib/pseo-data.ts,1316,"question: ""How much total interest do I pay on a $20,000 personal loan at 10%?"","
src/lib/pseo-data.ts,1317,"answer: ""Over a 5-year term, total interest is $5,500. Choosing a 3-year term reduces that to $3,220 — a saving of $2,280 in exchange for $220 more per month."""
src/lib/pseo-data.ts,1320,"question: ""Should I use a personal loan or a home equity loan for a $20,000 home improvement?"","
src/lib/pseo-data.ts,1321,"answer: ""A home equity loan typically offers a lower rate (around 7%) but requires home equity, an appraisal, 2–4 weeks to close, and ties the debt to your home. A personal loan at 10% closes in days with no collateral risk — the rate difference is roughly $1,740 in interest over 5 years."""
src/lib/pseo-data.ts,1324,"question: ""What credit score do I need for a $20,000 personal loan at 10%?"","
src/lib/pseo-data.ts,1325,"answer: ""Most lenders require a 660+ credit score and annual income of at least $35,000 to qualify for a 10% rate on a $20,000 loan, along with a DTI ratio below 30%."""
src/lib/pseo-data.ts,1332,"amount: 30000,"
src/lib/pseo-data.ts,1333,"rate: 9,"
src/lib/pseo-data.ts,1334,"term: 5,"
src/lib/pseo-data.ts,1336,"customTitle: ""$30,000 Personal Loan at 9%: Payments, Costs & Savings"","
src/lib/pseo-data.ts,1337,"customDescription: ""$30,000 personal loan at 9%: $623/month for 5 years, $7,380 total interest. Full term table, rate sensitivity, consolidation math, and qualification guide."","
src/lib/pseo-data.ts,1338,"customH1: ""$30,000 Personal Loan at 9%: Monthly Payment & Repayment Options"","
src/lib/pseo-data.ts,1339,"customIntro: ""A $30,000 personal loan at 9% APR is a substantial commitment — the kind of financing used for major home renovations, consolidating multiple credit card balances, or covering significant planned expenses. A 9% rate requires a strong credit profile: most lenders expect a 680+ score, a debt-to-income ratio below 30%, and at least two years of stable employment. This page gives you the exact monthly payment at every common term, a full rate sensitivity table, a debt consolidation comparison with real numbers, and what income and credit score you need to secure this rate. Use the <a href='/loan-calculator'>loan calculator</a> above to run your specific scenario."","
src/lib/pseo-data.ts,1341,"<h2>Monthly Payments on a $30,000 Loan at 9%</h2>"
src/lib/pseo-data.ts,1342,"<p>At $30,000, every point of difference in your term has a meaningful impact on your monthly obligation. Here is the full breakdown at a 9% fixed APR:</p>"
src/lib/pseo-data.ts,1355,"<tr class=""border-b border-outline-variant/30""><td class=""py-3 px-4 text-sm"">1 year</td><td class=""py-3 px-4 text-sm"">$2,623</td><td class=""py-3 px-4 text-sm"">$1,476</td><td class=""py-3 px-4 text-sm"">$31,476</td></tr>"
src/lib/pseo-data.ts,1356,"<tr class=""border-b border-outline-variant/30""><td class=""py-3 px-4 text-sm"">2 years</td><td class=""py-3 px-4 text-sm"">$1,370</td><td class=""py-3 px-4 text-sm"">$2,880</td><td class=""py-3 px-4 text-sm"">$32,880</td></tr>"
src/lib/pseo-data.ts,1357,"<tr class=""border-b border-outline-variant/30""><td class=""py-3 px-4 text-sm"">3 years</td><td class=""py-3 px-4 text-sm"">$954</td><td class=""py-3 px-4 text-sm"">$4,344</td><td class=""py-3 px-4 text-sm"">$34,344</td></tr>"
src/lib/pseo-data.ts,1358,"<tr class=""border-b border-outline-variant/30 font-bold bg-primary/5""><td class=""py-3 px-4 text-sm"">5 years</td><td class=""py-3 px-4 text-sm"">$623</td><td class=""py-3 px-4 text-sm"">$7,380</td><td class=""py-3 px-4 text-sm"">$37,380</td></tr>"
src/lib/pseo-data.ts,1359,"<tr class=""border-b border-outline-variant/30""><td class=""py-3 px-4 text-sm"">7 years</td><td class=""py-3 px-4 text-sm"">$483</td><td class=""py-3 px-4 text-sm"">$10,572</td><td class=""py-3 px-4 text-sm"">$40,572</td></tr>"
src/lib/pseo-data.ts,1364,"<p>At 9% over 5 years, the monthly payment is $623 and total interest is $7,380. Moving to a 3-year term adds $331 per month but saves $3,036 in interest. If you can absorb the higher payment, the 3-year term eliminates the loan two years sooner at significantly lower total cost. Use the <a href=""/total-interest-calculator"">total interest calculator</a> to model any extra payment strategy.</p>"
src/lib/pseo-data.ts,1366,"<h2>How Your Rate Affects the Cost of a $30,000 Loan</h2>"
src/lib/pseo-data.ts,1367,"<p>Rate differences matter more at $30,000 than at smaller loan sizes. Here is what a 5-year term costs across the rate spectrum — with the base 9% rate highlighted:</p>"
src/lib/pseo-data.ts,1380,"<tr class=""border-b border-outline-variant/30""><td class=""py-3 px-4 text-sm"">6%</td><td class=""py-3 px-4 text-sm"">$580</td><td class=""py-3 px-4 text-sm"">$4,800</td><td class=""py-3 px-4 text-sm"">$34,800</td></tr>"
src/lib/pseo-data.ts,1381,"<tr class=""border-b border-outline-variant/30""><td class=""py-3 px-4 text-sm"">8%</td><td class=""py-3 px-4 text-sm"">$608</td><td class=""py-3 px-4 text-sm"">$6,480</td><td class=""py-3 px-4 text-sm"">$36,480</td></tr>"
src/lib/pseo-data.ts,1382,"<tr class=""border-b border-outline-variant/30 font-bold bg-primary/5""><td class=""py-3 px-4 text-sm"">9%</td><td class=""py-3 px-4 text-sm"">$623</td><td class=""py-3 px-4 text-sm"">$7,380</td><td class=""py-3 px-4 text-sm"">$37,380</td></tr>"
src/lib/pseo-data.ts,1383,"<tr class=""border-b border-outline-variant/30""><td class=""py-3 px-4 text-sm"">10%</td><td class=""py-3 px-4 text-sm"">$638</td><td class=""py-3 px-4 text-sm"">$8,280</td><td class=""py-3 px-4 text-sm"">$38,280</td></tr>"
src/lib/pseo-data.ts,1384,"<tr class=""border-b border-outline-variant/30""><td class=""py-3 px-4 text-sm"">12%</td><td class=""py-3 px-4 text-sm"">$667</td><td class=""py-3 px-4 text-sm"">$10,020</td><td class=""py-3 px-4 text-sm"">$40,020</td></tr>"
src/lib/pseo-data.ts,1385,"<tr class=""border-b border-outline-variant/30""><td class=""py-3 px-4 text-sm"">15%</td><td class=""py-3 px-4 text-sm"">$714</td><td class=""py-3 px-4 text-sm"">$12,840</td><td class=""py-3 px-4 text-sm"">$42,840</td></tr>"
src/lib/pseo-data.ts,1386,"<tr class=""border-b border-outline-variant/30""><td class=""py-3 px-4 text-sm"">20%</td><td class=""py-3 px-4 text-sm"">$795</td><td class=""py-3 px-4 text-sm"">$17,700</td><td class=""py-3 px-4 text-sm"">$47,700</td></tr>"
src/lib/pseo-data.ts,1387,"<tr class=""border-b border-outline-variant/30""><td class=""py-3 px-4 text-sm"">25%</td><td class=""py-3 px-4 text-sm"">$890</td><td class=""py-3 px-4 text-sm"">$23,400</td><td class=""py-3 px-4 text-sm"">$53,400</td></tr>"
src/lib/pseo-data.ts,1391,"<p>Moving from a 10% to a 20% APR on a $30,000 loan over 5 years adds $9,420 in total interest — nearly a third of the original principal. Your credit score is the primary variable you control before applying.</p>"
src/lib/pseo-data.ts,1393,"<h2>What You Need to Qualify for 9% on a $30,000 Loan</h2>"
src/lib/pseo-data.ts,1394,"<p>At $30,000, lenders are more selective. Here are the typical approval and rate thresholds:</p>"
src/lib/pseo-data.ts,1402,"<th class=""py-3 px-4 font-bold text-sm"">For 9% Rate</th>"
src/lib/pseo-data.ts,1407,"<tr class=""border-b border-outline-variant/30""><td class=""py-3 px-4 text-sm"">Annual income</td><td class=""py-3 px-4 text-sm"">~$30,000</td><td class=""py-3 px-4 text-sm"">~$45,000+</td></tr>"
src/lib/pseo-data.ts,1408,"<tr class=""border-b border-outline-variant/30""><td class=""py-3 px-4 text-sm"">DTI ratio</td><td class=""py-3 px-4 text-sm"">Below 40%</td><td class=""py-3 px-4 text-sm"">Below 30%</td></tr>"
src/lib/pseo-data.ts,1414,"<h2>$30,000 Personal Loan vs. Carrying Debt Across Credit Cards</h2>"
src/lib/pseo-data.ts,1415,"<p>Consider a borrower carrying $30,000 across three credit cards at an average 22% APR, aiming to pay off the full balance in 5 years. At 22% over 60 months, the monthly payment would be $828 and total interest $19,680. A personal loan at 9% for the same term costs $623 per month and $7,380 in total interest — saving $205 per month and $12,300 over five years. At $30,000, consolidating credit card debt with a personal loan is one of the highest-return financial moves available to borrowers who qualify. For related breakdowns see <a href=""/calculator/20k-loan-monthly-payment-10-percent"">$20,000 at 10%</a>, <a href=""/calculator/50k-loan-monthly-payment-8-percent"">$50,000 at 8%</a>, and the existing <a href=""/calculator/25k-personal-loan-repayment-8-percent"">$25,000 at 8%</a> analysis.</p>"
src/lib/pseo-data.ts,1434,"question: ""What is the monthly payment on a $30,000 loan at 9%?"","
src/lib/pseo-data.ts,1435,"answer: ""On a 5-year term, the monthly payment is $623. On a 3-year term it rises to $954 per month but saves $3,036 in total interest."""
src/lib/pseo-data.ts,1438,"question: ""How much total interest do I pay on a $30,000 personal loan at 9%?"","
src/lib/pseo-data.ts,1439,"answer: ""Over the standard 5-year term, total interest is $7,380. Choosing the 3-year term reduces that to $4,344 — saving $3,036 in exchange for $331 more per month."""
src/lib/pseo-data.ts,1442,"question: ""Can a $30,000 personal loan replace credit card debt at 22% APR?"","
src/lib/pseo-data.ts,1443,"answer: ""Yes. Paying off $30,000 in credit card debt at 22% over 5 years costs $828 per month and $19,680 in interest. A personal loan at 9% costs $623 per month and $7,380 in interest — saving $205 per month and $12,300 total."""
src/lib/pseo-data.ts,1446,"question: ""What credit score and income do I need for a $30,000 loan at 9%?"","
src/lib/pseo-data.ts,1447,"answer: ""Most lenders require a 680+ credit score, annual income of at least $45,000, and a DTI ratio below 30% to qualify for a 9% rate on a $30,000 personal loan."""
src/lib/pseo-data.ts,1454,"amount: 50000,"
src/lib/pseo-data.ts,1455,"rate: 8,"
src/lib/pseo-data.ts,1456,"term: 7,"
src/lib/pseo-data.ts,1458,"customTitle: ""$50,000 Personal Loan at 8%: Payment, Costs & HELOC Guide"","
src/lib/pseo-data.ts,1459,"customDescription: ""$50,000 personal loan at 8%: $780/month for 7 years, $15,520 total interest. Full term table, APR sensitivity, HELOC comparison, and credit profile needed."","
src/lib/pseo-data.ts,1460,"customH1: ""Everything You Need to Know About a $50,000 Personal Loan at 8%"","
src/lib/pseo-data.ts,1461,"customIntro: ""A $50,000 personal loan is at the top end of what unsecured lenders typically offer, and an 8% rate at this size requires a strong credit profile — a 700+ score, a stable income of at least $60,000, and a low debt-to-income ratio. This loan size is used for significant home improvements, large debt consolidation across multiple accounts, or major life expenses where putting up collateral is not an option. This page gives you the exact monthly payment at every common term, an honest comparison with a HELOC, and the qualification thresholds that separate a 8% approval from a 15%+ outcome. Use the <a href='/loan-calculator'>loan calculator</a> above to model your specific scenario."","
src/lib/pseo-data.ts,1463,"<h2>Monthly Payments on a $50,000 Loan at 8%</h2>"
src/lib/pseo-data.ts,1464,"<p>At $50,000, the choice of term has a large impact on monthly cash flow. Here is the full breakdown at 8% fixed APR:</p>"
src/lib/pseo-data.ts,1477,"<tr class=""border-b border-outline-variant/30""><td class=""py-3 px-4 text-sm"">1 year</td><td class=""py-3 px-4 text-sm"">$4,350</td><td class=""py-3 px-4 text-sm"">$2,200</td><td class=""py-3 px-4 text-sm"">$52,200</td></tr>"
src/lib/pseo-data.ts,1478,"<tr class=""border-b border-outline-variant/30""><td class=""py-3 px-4 text-sm"">2 years</td><td class=""py-3 px-4 text-sm"">$2,261</td><td class=""py-3 px-4 text-sm"">$4,264</td><td class=""py-3 px-4 text-sm"">$54,264</td></tr>"
src/lib/pseo-data.ts,1479,"<tr class=""border-b border-outline-variant/30""><td class=""py-3 px-4 text-sm"">3 years</td><td class=""py-3 px-4 text-sm"">$1,567</td><td class=""py-3 px-4 text-sm"">$6,412</td><td class=""py-3 px-4 text-sm"">$56,412</td></tr>"
src/lib/pseo-data.ts,1480,"<tr class=""border-b border-outline-variant/30""><td class=""py-3 px-4 text-sm"">5 years</td><td class=""py-3 px-4 text-sm"">$1,014</td><td class=""py-3 px-4 text-sm"">$10,840</td><td class=""py-3 px-4 text-sm"">$60,840</td></tr>"
src/lib/pseo-data.ts,1481,"<tr class=""border-b border-outline-variant/30 font-bold bg-primary/5""><td class=""py-3 px-4 text-sm"">7 years</td><td class=""py-3 px-4 text-sm"">$780</td><td class=""py-3 px-4 text-sm"">$15,520</td><td class=""py-3 px-4 text-sm"">$65,520</td></tr>"
src/lib/pseo-data.ts,1486,"<p>At 8% over 7 years, the monthly payment is $780 and total interest is $15,520. Choosing the 5-year term raises the payment by $234 per month but saves $4,680 in total interest. At $50,000, the difference between terms is large enough that borrowers with capacity to pay more should seriously consider the shorter option. Use our <a href=""/total-interest-calculator"">total interest calculator</a> to see what additional monthly payments save you.</p>"
src/lib/pseo-data.ts,1488,"<h2>How Your Rate Affects the Cost of a $50,000 Loan</h2>"
src/lib/pseo-data.ts,1502,"<tr class=""border-b border-outline-variant/30""><td class=""py-3 px-4 text-sm"">6%</td><td class=""py-3 px-4 text-sm"">$730</td><td class=""py-3 px-4 text-sm"">$11,320</td><td class=""py-3 px-4 text-sm"">$61,320</td></tr>"
src/lib/pseo-data.ts,1503,"<tr class=""border-b border-outline-variant/30 font-bold bg-primary/5""><td class=""py-3 px-4 text-sm"">8%</td><td class=""py-3 px-4 text-sm"">$780</td><td class=""py-3 px-4 text-sm"">$15,520</td><td class=""py-3 px-4 text-sm"">$65,520</td></tr>"
src/lib/pseo-data.ts,1504,"<tr class=""border-b border-outline-variant/30""><td class=""py-3 px-4 text-sm"">10%</td><td class=""py-3 px-4 text-sm"">$830</td><td class=""py-3 px-4 text-sm"">$19,720</td><td class=""py-3 px-4 text-sm"">$69,720</td></tr>"
src/lib/pseo-data.ts,1505,"<tr class=""border-b border-outline-variant/30""><td class=""py-3 px-4 text-sm"">12%</td><td class=""py-3 px-4 text-sm"">$883</td><td class=""py-3 px-4 text-sm"">$24,172</td><td class=""py-3 px-4 text-sm"">$74,172</td></tr>"
src/lib/pseo-data.ts,1506,"<tr class=""border-b border-outline-variant/30""><td class=""py-3 px-4 text-sm"">15%</td><td class=""py-3 px-4 text-sm"">$965</td><td class=""py-3 px-4 text-sm"">$31,060</td><td class=""py-3 px-4 text-sm"">$81,060</td></tr>"
src/lib/pseo-data.ts,1507,"<tr class=""border-b border-outline-variant/30""><td class=""py-3 px-4 text-sm"">20%</td><td class=""py-3 px-4 text-sm"">$1,110</td><td class=""py-3 px-4 text-sm"">$43,240</td><td class=""py-3 px-4 text-sm"">$93,240</td></tr>"
src/lib/pseo-data.ts,1508,"<tr class=""border-b border-outline-variant/30""><td class=""py-3 px-4 text-sm"">25%</td><td class=""py-3 px-4 text-sm"">$1,275</td><td class=""py-3 px-4 text-sm"">$57,100</td><td class=""py-3 px-4 text-sm"">$107,100</td></tr>"
src/lib/pseo-data.ts,1512,"<p>Moving from a 10% to a 20% APR on a $50,000 loan over 7 years adds $23,520 in total interest — nearly half the original loan amount. At this scale, the difference between a 700+ and a 620 credit score is not cosmetic; it is tens of thousands of dollars.</p>"
src/lib/pseo-data.ts,1514,"<h2>What You Need to Qualify for 8% on a $50,000 Loan</h2>"
src/lib/pseo-data.ts,1515,"<p>$50,000 is at the top of the unsecured personal loan market. Many lenders cap at $40,000–$45,000; those offering $50,000 apply strict criteria:</p>"
src/lib/pseo-data.ts,1523,"<th class=""py-3 px-4 font-bold text-sm"">For 8% Rate</th>"
src/lib/pseo-data.ts,1528,"<tr class=""border-b border-outline-variant/30""><td class=""py-3 px-4 text-sm"">Annual income</td><td class=""py-3 px-4 text-sm"">~$40,000</td><td class=""py-3 px-4 text-sm"">~$60,000+</td></tr>"
src/lib/pseo-data.ts,1529,"<tr class=""border-b border-outline-variant/30""><td class=""py-3 px-4 text-sm"">DTI ratio</td><td class=""py-3 px-4 text-sm"">Below 40%</td><td class=""py-3 px-4 text-sm"">Below 30%</td></tr>"
src/lib/pseo-data.ts,1535,"<h2>$50,000 Personal Loan vs. HELOC: When Each Makes Sense</h2>"
src/lib/pseo-data.ts,1536,"<p>At $50,000, a HELOC (home equity line of credit) is a genuine alternative for homeowners. A HELOC at a typical 7% rate over 7 years costs roughly $755 per month and $13,420 in total interest — saving about $25 per month and $2,100 compared to an 8% personal loan. That is a real but modest saving. What a HELOC gives up: it is a variable rate tied to the prime rate (rising rates mean rising payments), it requires an appraisal and 3–6 weeks to close, and it is secured against your home — missed payments put your equity at risk. A personal loan at 8% has a fixed rate, closes in days, requires no collateral, and carries no home equity risk. For borrowers who own a home with equity and want the lowest possible rate, the HELOC wins on cost. For everyone else — renters, borrowers with limited equity, or those who want certainty on payments — the personal loan is the right instrument despite the slightly higher rate. For adjacent sizes, see <a href=""/calculator/30k-loan-monthly-payment-9-percent"">$30,000 at 9%</a> and <a href=""/calculator/25k-personal-loan-repayment-8-percent"">$25,000 at 8%</a>.</p>"
src/lib/pseo-data.ts,1555,"question: ""What is the monthly payment on a $50,000 loan at 8%?"","
src/lib/pseo-data.ts,1556,"answer: ""On a 7-year term, the monthly payment is $780. Over 5 years it rises to $1,014 per month, but you save $4,680 in total interest."""
src/lib/pseo-data.ts,1559,"question: ""How much total interest do I pay on a $50,000 personal loan at 8%?"","
src/lib/pseo-data.ts,1560,"answer: ""Over a 7-year term, total interest is $15,520. Choosing a 5-year term reduces that to $10,840 — saving $4,680 in exchange for $234 more per month."""
src/lib/pseo-data.ts,1563,"question: ""Should I use a $50,000 personal loan or a HELOC?"","
src/lib/pseo-data.ts,1564,"answer: ""A HELOC at 7% over 7 years saves roughly $2,100 in interest compared to a personal loan at 8%, but it requires home equity, an appraisal, weeks to close, and ties the debt to your home with a variable rate. The personal loan wins on speed, certainty, and no collateral risk."""
src/lib/pseo-data.ts,1567,"question: ""What credit score and income do I need for a $50,000 personal loan at 8%?"","
src/lib/pseo-data.ts,1568,"answer: ""Most lenders require a 700+ credit score, annual income of at least $60,000, and a DTI ratio below 30% to qualify for an 8% rate on a $50,000 personal loan. Some lenders cap unsecured loans at $40,000–$45,000, so verify the lender's maximum before applying."""
src/lib/pseo-data.ts,1577,"amount: 0,"
src/lib/pseo-data.ts,1578,"rate: 6.8,"
src/lib/pseo-data.ts,1579,"term: 30,"
src/lib/pseo-data.ts,1581,"salary: 100000,"
src/lib/pseo-data.ts,1582,"customTitle: ""How Much House Can I Afford on a $100k Salary in 2026?"","
src/lib/pseo-data.ts,1583,"customDescription: ""How much house can you afford on a $100,000 salary? See your exact maximum loan amount, monthly payment, down payment requirements, and how existing debts affect your buying power in 2026."","
src/lib/pseo-data.ts,1584,"customH1: ""How Much House Can I Afford on a $100k Salary in 2026?"","
src/lib/pseo-data.ts,1585,"customIntro: ""Earning $100,000 per year puts you in a strong position to buy a home in most US markets in 2026 — but the exact number depends on four variables: your existing monthly debts, your down payment, current interest rates, and local property taxes. This page gives you the precise answer based on the 28/36 rule that lenders actually use, a full breakdown of your maximum comfortable payment, and a table showing how debts and down payments shift your budget. Use the <a href='/affordability-calculator'>affordability calculator</a> above to personalise every number for your exact situation."","
src/lib/pseo-data.ts,1587,<h2>How Much House Can You Afford on $100k? The Core Numbers</h2>
src/lib/pseo-data.ts,1588,"<p>Lenders evaluate your buying power using two primary ratios: the 28% front-end ratio and the 36% back-end ratio. Here is how those guidelines apply to a $100,000 annual income at current 2026 rates (6.8%):</p>"
src/lib/pseo-data.ts,1602,"<tr class=""border-b border-outline-variant/30 font-bold bg-primary/5""><td>28% rule</td><td>$2,333</td><td>~$450</td><td>~$1,883</td><td>~$281,500</td></tr>"
src/lib/pseo-data.ts,1603,"<tr class=""border-b border-outline-variant/30""><td>36% rule</td><td>$3,000</td><td>~$450</td><td>~$2,550</td><td>~$381,000</td></tr>"
src/lib/pseo-data.ts,1608,"<p>The 28% rule is the conservative guideline most financial advisors recommend to ensure you remain ""house-rich."" The 36% rule (defined by the <a href=""https://www.consumerfinance.gov"" target=""_blank"" rel=""noopener noreferrer"">Consumer Financial Protection Bureau</a>) is the technical maximum most lenders will approve. This represents a $100,000 gap in buying power. Most buyers earning $100,000 find their comfort zone in the $280,000–$350,000 loan range. For more detail, see our guide on the <a href=""/blog/28-36-rule-explained"">28/36 rule explained</a>.</p>"
src/lib/pseo-data.ts,1611,"<p>Your debt-to-income ratio (DTI) is the biggest variable in your affordability. Here is how common debt loads impact a $100,000 salary at a 6.8% interest rate:</p>"
src/lib/pseo-data.ts,1620,"<th class=""py-3 px-4 font-bold text-sm"">Home Price (10% down)</th>"
src/lib/pseo-data.ts,1624,"<tr class=""border-b border-outline-variant/30 font-bold text-primary""><td>$0 (debt free)</td><td>$2,333</td><td>~$281,500</td><td>~$313,000</td></tr>"
src/lib/pseo-data.ts,1625,"<tr class=""border-b border-outline-variant/30""><td>$300 (one car)</td><td>$2,033</td><td>~$245,200</td><td>~$272,500</td></tr>"
src/lib/pseo-data.ts,1626,"<tr class=""border-b border-outline-variant/30 bg-primary/5""><td>$600 (car + student)</td><td>$1,733</td><td>~$209,000</td><td>~$232,000</td></tr>"
src/lib/pseo-data.ts,1627,"<tr class=""border-b border-outline-variant/30""><td>$900 (multiple debts)</td><td>$1,433</td><td>~$172,800</td><td>~$192,000</td></tr>"
src/lib/pseo-data.ts,1631,"<p>Carrying $900/month in debt reduces your buying power by over $120,000. Use our <a href=""/loan-calculator"">loan calculator</a> to see how paying off specific debts before applying can unlock significantly more budget. Read more in our <a href=""/blog/loan-eligibility-by-income-detail"">detailed loan eligibility by income</a> guide.</p>"
src/lib/pseo-data.ts,1648,"<tr class=""border-b border-outline-variant/30""><td>3%</td><td>~$290,000</td><td>~$281,300</td><td>~$2,280</td><td>~$117/mo</td></tr>"
src/lib/pseo-data.ts,1649,"<tr class=""border-b border-outline-variant/30""><td>5%</td><td>~$296,000</td><td>~$281,200</td><td>~$2,260</td><td>~$98/mo</td></tr>"
src/lib/pseo-data.ts,1650,"<tr class=""border-b border-outline-variant/30 bg-primary/5 font-bold""><td>10%</td><td>~$313,000</td><td>~$281,700</td><td>~$2,333</td><td>~$49/mo</td></tr>"
src/lib/pseo-data.ts,1651,"<tr class=""border-b border-outline-variant/30 font-bold text-primary""><td>20%</td><td>~$352,000</td><td>~$281,600</td><td>~$2,150</td><td>$0</td></tr>"
src/lib/pseo-data.ts,1655,"<p>A 20% down payment eliminates PMI entirely, allowing you to buy more house for the same monthly payment. Check our <a href=""/blog/down-payment-guide"">down payment guide</a> for more strategies, or explore specialized <a href=""https://www.hud.gov"" target=""_blank"" rel=""noopener noreferrer"">HUD</a> first-time buyer programs.</p>"
src/lib/pseo-data.ts,1657,<h2>Your Full Monthly Budget at $100k Salary</h2>
src/lib/pseo-data.ts,1658,"<p>What does a $300,000 home actually cost per month on a $100,000 salary? Here is a realistic breakdown at a 6.8% interest rate:</p>"
src/lib/pseo-data.ts,1661,"<li><strong>Principal and Interest:</strong> $1,961</li>"
src/lib/pseo-data.ts,1662,<li><strong>Property Tax (1.1%/yr):</strong> $275</li>
src/lib/pseo-data.ts,1663,<li><strong>Homeowners Insurance:</strong> $100</li>
src/lib/pseo-data.ts,1664,<li><strong>PMI (~0.5%):</strong> $125</li>
src/lib/pseo-data.ts,1665,"<li><strong>Total Housing Cost:</strong> $2,461</li>"
src/lib/pseo-data.ts,1666,<li><strong>As % of $100k Gross Income:</strong> 29.5%</li>
src/lib/pseo-data.ts,1669,"<p>This scenario sits just above the conservative 28% guidelines, which is manageable but leaves less buffer for maintenance or savings. You can use the <a href=""/mortgage-calculator"">mortgage calculator</a> to find exactly <a href=""/blog/how-much-house-can-i-afford"">how much house you can afford</a> at your specific tax rate. Avoid <a href=""/blog/calculator-mistakes"">common mortgage calculator mistakes</a> by including all PITI components.</p>"
src/lib/pseo-data.ts,1672,"<p>Ready to see your exact numbers? Use the <a href=""/affordability-calculator"">affordability calculator</a> above to enter your exact income and debts. You can also compare this to other common scenarios like a <a href=""/calculator/300k-mortgage-monthly-payment-6-percent"">$300,000 mortgage at 6%</a> or a <a href=""/calculator/400k-mortgage-monthly-payment-4-percent"">$400,000 mortgage at 4%</a>. Understanding <a href=""/blog/mortgage-payment-guide"">how mortgage payments are calculated</a> and your <a href=""/blog/home-purchase-budgeting"">full home purchase budget</a> are the final steps before visiting your first open house.</p>"
src/lib/pseo-data.ts,1689,"question: ""How much house can I afford on a $100,000 salary?"","
src/lib/pseo-data.ts,1690,"answer: ""On a $100,000 salary, most buyers can comfortably afford a home priced between $280,000 and $350,000 depending on their down payment and existing debts. Identifying **how much house can I afford 100k salary** requires looking at your specific DTI ratio."""
src/lib/pseo-data.ts,1693,"question: ""What mortgage payment can I afford on $100k a year?"","
src/lib/pseo-data.ts,1694,"answer: ""A conservative target for a $100,000 salary is a $2,333 monthly PITI payment (28% of gross income). Most lenders will allow up to $3,000 if you have minimal other debts."""
src/lib/pseo-data.ts,1697,"question: ""Can I afford a $400,000 house on $100k salary?"","
src/lib/pseo-data.ts,1698,"answer: ""Affording a $400,000 house on a $100,000 salary is difficult at current 6.8% rates unless you have a very large down payment (20%+) or zero existing monthly debts."""
src/lib/pseo-data.ts,1701,"question: ""How much do I need for a down payment on a $100k salary?"","
src/lib/pseo-data.ts,1702,"answer: ""While you can purchase with as little as 3% ($9,000 on a $300k home), saving a 10-20% down payment significantly increases your buying power by reducing your monthly mortgage insurance costs."""
src/lib/pseo-data.ts,1710,"amount: 0,"
src/lib/pseo-data.ts,1711,"rate: 6.8,"
src/lib/pseo-data.ts,1712,"term: 30,"
src/lib/pseo-data.ts,1714,"salary: 50000,"
src/lib/pseo-data.ts,1715,"customTitle: ""How Much House Can I Afford on a $50,000 Salary in 2026?"","
src/lib/pseo-data.ts,1716,"customDescription: ""How much house can you afford on a $50,000 salary in 2026? Exact max loan, monthly PITI, DTI breakdown, and debt impact tables for entry-level buyers."","
src/lib/pseo-data.ts,1717,"customH1: ""How Much House Can I Afford on a $50,000 Salary in 2026?"","
src/lib/pseo-data.ts,1718,"customIntro: ""On a $50,000 salary, homeownership requires careful market selection and debt management — most buyers at this income are entry-level workers, recent graduates, or single-income households targeting affordable markets in the Midwest, South, and rural areas where median home prices remain below $175,000. The 28% housing rule leaves a tight monthly budget of just $1,167, and a single car payment meaningfully shrinks your maximum loan amount. This page gives you the exact affordability numbers based on the DTI rules lenders actually use, a full debt-impact breakdown, and guidance for making homeownership work on a $50,000 income. Use the <a href='/affordability-calculator'>affordability calculator</a> above to personalise every figure."","
src/lib/pseo-data.ts,1720,<h2>How Much House Can You Afford on $50k? The Core Numbers</h2>
src/lib/pseo-data.ts,1721,"<p>Lenders apply two key ratios: the 28% front-end limit (housing only) and the 36% back-end limit (all debts combined). Here is how those thresholds apply to a $50,000 income at 6.8% in 2026:</p>"
src/lib/pseo-data.ts,1735,"<tr class=""border-b border-outline-variant/30 font-bold bg-primary/5""><td class=""py-3 px-4 text-sm"">28% rule</td><td class=""py-3 px-4 text-sm"">$1,167</td><td class=""py-3 px-4 text-sm"">~$280</td><td class=""py-3 px-4 text-sm"">~$887</td><td class=""py-3 px-4 text-sm"">~$136,000</td></tr>"
src/lib/pseo-data.ts,1736,"<tr class=""border-b border-outline-variant/30""><td class=""py-3 px-4 text-sm"">36% rule</td><td class=""py-3 px-4 text-sm"">$1,500</td><td class=""py-3 px-4 text-sm"">~$352</td><td class=""py-3 px-4 text-sm"">~$1,148</td><td class=""py-3 px-4 text-sm"">~$176,000</td></tr>"
src/lib/pseo-data.ts,1741,"<p>The 28% rule is the conservative guideline most financial advisors recommend. The 36% back-end rule from the <a href=""https://www.consumerfinance.gov"" target=""_blank"" rel=""noopener noreferrer"">Consumer Financial Protection Bureau</a> is the maximum most lenders will approve with zero other debts. The gap between these two scenarios is about $40,000 in loan amount — meaningful at this income level. For most $50,000 earners, the realistic comfort zone is a $120,000–$145,000 loan. See the <a href=""/blog/28-36-rule-explained"">28/36 rule explained</a> for more detail.</p>"
src/lib/pseo-data.ts,1744,"<p>At $50,000/year, debt management is critical. Here is how common debt loads affect your maximum mortgage at 6.8%:</p>"
src/lib/pseo-data.ts,1753,"<th class=""py-3 px-4 font-bold text-sm"">Home Price (10% down)</th>"
src/lib/pseo-data.ts,1757,"<tr class=""border-b border-outline-variant/30 font-bold text-primary""><td class=""py-3 px-4 text-sm"">$0 (debt free)</td><td class=""py-3 px-4 text-sm"">$1,167</td><td class=""py-3 px-4 text-sm"">~$136,000</td><td class=""py-3 px-4 text-sm"">~$150,000</td></tr>"
src/lib/pseo-data.ts,1758,"<tr class=""border-b border-outline-variant/30""><td class=""py-3 px-4 text-sm"">$300 (one car)</td><td class=""py-3 px-4 text-sm"">$867</td><td class=""py-3 px-4 text-sm"">~$98,000</td><td class=""py-3 px-4 text-sm"">~$110,000</td></tr>"
src/lib/pseo-data.ts,1759,"<tr class=""border-b border-outline-variant/30 bg-primary/5""><td class=""py-3 px-4 text-sm"">$600 (car + student)</td><td class=""py-3 px-4 text-sm"">$567</td><td class=""py-3 px-4 text-sm"">~$61,000</td><td class=""py-3 px-4 text-sm"">~$70,000</td></tr>"
src/lib/pseo-data.ts,1760,"<tr class=""border-b border-outline-variant/30""><td class=""py-3 px-4 text-sm"">$900 (multiple debts)</td><td class=""py-3 px-4 text-sm"">$267</td><td class=""py-3 px-4 text-sm"">~$23,000</td><td class=""py-3 px-4 text-sm"">Not practical</td></tr>"
src/lib/pseo-data.ts,1764,"<p>A single car payment of $300/month cuts your maximum loan by $38,000. At $600 in monthly debts, you are limited to manufactured housing or extremely distressed properties. Use our <a href=""/loan-calculator"">loan calculator</a> to model how paying off specific debts before closing could unlock dramatically more buying power. A <a href=""/calculator/250k-mortgage-monthly-payment-3-5-percent"">$250,000 mortgage</a> is a useful benchmark for what's attainable at $50k — but requires eliminating other obligations first.</p>"
src/lib/pseo-data.ts,1767,"<p>For a $50,000 earner, keeping the loan at or near $136,000, different down payments buy different home prices while keeping the monthly payment roughly stable:</p>"
src/lib/pseo-data.ts,1781,"<tr class=""border-b border-outline-variant/30""><td class=""py-3 px-4 text-sm"">3%</td><td class=""py-3 px-4 text-sm"">~$4,200</td><td class=""py-3 px-4 text-sm"">~$140,000</td><td class=""py-3 px-4 text-sm"">~$1,157</td><td class=""py-3 px-4 text-sm"">~$57/mo</td></tr>"
src/lib/pseo-data.ts,1782,"<tr class=""border-b border-outline-variant/30""><td class=""py-3 px-4 text-sm"">5%</td><td class=""py-3 px-4 text-sm"">~$7,150</td><td class=""py-3 px-4 text-sm"">~$143,000</td><td class=""py-3 px-4 text-sm"">~$1,159</td><td class=""py-3 px-4 text-sm"">~$57/mo</td></tr>"
src/lib/pseo-data.ts,1783,"<tr class=""border-b border-outline-variant/30 bg-primary/5 font-bold""><td class=""py-3 px-4 text-sm"">10%</td><td class=""py-3 px-4 text-sm"">~$15,100</td><td class=""py-3 px-4 text-sm"">~$151,000</td><td class=""py-3 px-4 text-sm"">~$1,167</td><td class=""py-3 px-4 text-sm"">~$57/mo</td></tr>"
src/lib/pseo-data.ts,1784,"<tr class=""border-b border-outline-variant/30 font-bold text-primary""><td class=""py-3 px-4 text-sm"">20%</td><td class=""py-3 px-4 text-sm"">~$34,000</td><td class=""py-3 px-4 text-sm"">~$170,000</td><td class=""py-3 px-4 text-sm"">~$1,127</td><td class=""py-3 px-4 text-sm"">$0</td></tr>"
src/lib/pseo-data.ts,1788,"<p>A 20% down payment eliminates PMI and lets you buy a $170,000 home versus $140,000 with 3% down — using the same loan amount. Check our <a href=""/blog/down-payment-guide"">down payment guide</a> and <a href=""https://www.hud.gov"" target=""_blank"" rel=""noopener noreferrer"">HUD first-time buyer programs</a> for down payment assistance options.</p>"
src/lib/pseo-data.ts,1790,"<h2>Your Full Monthly Budget on a $50,000 Salary</h2>"
src/lib/pseo-data.ts,1791,"<p>What does a $150,000 home actually cost per month on a $50,000 salary at 6.8%?</p>"
src/lib/pseo-data.ts,1793,"<li><strong>Principal and Interest ($136,000 loan):</strong> $887</li>"
src/lib/pseo-data.ts,1794,<li><strong>Property Tax (1.1%/yr on $150k):</strong> $138</li>
src/lib/pseo-data.ts,1795,<li><strong>Homeowners Insurance:</strong> $85</li>
src/lib/pseo-data.ts,1796,<li><strong>PMI (~0.5%/yr):</strong> $57</li>
src/lib/pseo-data.ts,1797,"<li><strong>Total Housing Cost:</strong> $1,167</li>"
src/lib/pseo-data.ts,1798,<li><strong>As % of $50k Gross Income:</strong> 28.0%</li>
src/lib/pseo-data.ts,1800,"<p>This is right at the 28% boundary — leaving very little margin for home repairs, HOA fees, or unexpected costs. Financial advisors typically recommend a 20–25% housing ratio so you have breathing room. You can also compare this scenario to a <a href=""/calculator/250k-mortgage-monthly-payment-3-5-percent"">$250,000 mortgage at 3.5%</a> to see how a rate difference affects the payment.</p>"
src/lib/pseo-data.ts,1820,"question: ""How much house can I afford on a $50,000 salary?"","
src/lib/pseo-data.ts,1821,"answer: ""On a $50,000 salary with no other debts, you can afford approximately $136,000 using the 28% front-end rule at 6.8% interest with 10% down — enough for a home priced around $150,000 in affordable US markets."""
src/lib/pseo-data.ts,1824,"question: ""Can I buy a home on $50,000 a year in 2026?"","
src/lib/pseo-data.ts,1825,"answer: ""Yes, but you need to target markets where median prices are below $175,000 — rural areas of the South, Midwest, and Appalachia. FHA financing with 3.5% down helps entry-level buyers on a $50,000 income enter the market sooner."""
src/lib/pseo-data.ts,1828,"question: ""What monthly mortgage payment can I afford on $50,000 a year?"","
src/lib/pseo-data.ts,1829,"answer: ""Using the 28% rule, your maximum monthly PITI is $1,167. Carrying $300/month in existing debts reduces that housing budget to $867, which limits your loan to roughly $98,000."""
src/lib/pseo-data.ts,1832,"question: ""How much do I need for a down payment on a $50k salary?"","
src/lib/pseo-data.ts,1833,"answer: ""With a $136,000 max loan, you need roughly $7,150 with 5% down or $15,100 with 10% down on a $150,000 home. Saving a 20% down payment of $34,000 eliminates PMI and lets you buy a $170,000 home."""
src/lib/pseo-data.ts,1840,"amount: 0,"
src/lib/pseo-data.ts,1841,"rate: 6.8,"
src/lib/pseo-data.ts,1842,"term: 30,"
src/lib/pseo-data.ts,1844,"salary: 60000,"
src/lib/pseo-data.ts,1845,"customTitle: ""How Much House Can I Afford on a $60,000 Salary in 2026?"","
src/lib/pseo-data.ts,1846,"customDescription: ""How much house can you afford on a $60,000 salary in 2026? Get your max loan at 6.8%, monthly PITI limits, FHA eligibility, and debt impact tables."","
src/lib/pseo-data.ts,1847,"customH1: ""How Much House Can I Afford on a $60,000 Salary in 2026?"","
src/lib/pseo-data.ts,1848,"customIntro: ""A $60,000 salary sits near the US median household income, which means lenders view you as a qualified borrower — but high home prices in major metros may still push you toward FHA-backed financing, secondary markets, or co-borrowing with a partner. Your 28% monthly housing budget of $1,400 comfortably supports a mortgage in the $155,000–$170,000 range, covering starter homes across the South, rural Midwest, and secondary metros such as Memphis, Dayton, and Huntsville. This page shows your precise affordability numbers using the same 28/36 DTI rules that FHA and conventional lenders apply, along with a full breakdown of how existing debts shift the picture. Use the <a href='/affordability-calculator'>affordability calculator</a> to model your specific loan scenario."","
src/lib/pseo-data.ts,1850,<h2>How Much House Can You Afford on $60k? The Core Numbers</h2>
src/lib/pseo-data.ts,1851,"<p>The two standard thresholds lenders use — 28% front-end (housing) and 36% back-end (all debts) — give different answers depending on whether you carry existing debt. Here is the base case at 6.8% for a $60,000 income:</p>"
src/lib/pseo-data.ts,1865,"<tr class=""border-b border-outline-variant/30 font-bold bg-primary/5""><td class=""py-3 px-4 text-sm"">28% rule</td><td class=""py-3 px-4 text-sm"">$1,400</td><td class=""py-3 px-4 text-sm"">~$330</td><td class=""py-3 px-4 text-sm"">~$1,070</td><td class=""py-3 px-4 text-sm"">~$165,000</td></tr>"
src/lib/pseo-data.ts,1866,"<tr class=""border-b border-outline-variant/30""><td class=""py-3 px-4 text-sm"">36% rule</td><td class=""py-3 px-4 text-sm"">$1,800</td><td class=""py-3 px-4 text-sm"">~$415</td><td class=""py-3 px-4 text-sm"">~$1,385</td><td class=""py-3 px-4 text-sm"">~$213,000</td></tr>"
src/lib/pseo-data.ts,1871,"<p>The 28% rule gives a comfortable budget; the 36% upper limit from the <a href=""https://www.consumerfinance.gov"" target=""_blank"" rel=""noopener noreferrer"">Consumer Financial Protection Bureau</a> is the technical maximum most lenders allow with zero existing debts. Most $60,000 earners find their realistic buying range sits between $155,000 and $185,000. Read our <a href=""/blog/28-36-rule-explained"">28/36 rule explained</a> guide for the full framework.</p>"
src/lib/pseo-data.ts,1874,<p>Debt management is especially important at the median income level. Here is how common monthly debt loads cut into your maximum mortgage at 6.8%:</p>
src/lib/pseo-data.ts,1883,"<th class=""py-3 px-4 font-bold text-sm"">Home Price (10% down)</th>"
src/lib/pseo-data.ts,1887,"<tr class=""border-b border-outline-variant/30 font-bold text-primary""><td class=""py-3 px-4 text-sm"">$0 (debt free)</td><td class=""py-3 px-4 text-sm"">$1,400</td><td class=""py-3 px-4 text-sm"">~$165,000</td><td class=""py-3 px-4 text-sm"">~$185,000</td></tr>"
src/lib/pseo-data.ts,1888,"<tr class=""border-b border-outline-variant/30""><td class=""py-3 px-4 text-sm"">$300 (one car)</td><td class=""py-3 px-4 text-sm"">$1,100</td><td class=""py-3 px-4 text-sm"">~$127,000</td><td class=""py-3 px-4 text-sm"">~$140,000</td></tr>"
src/lib/pseo-data.ts,1889,"<tr class=""border-b border-outline-variant/30 bg-primary/5""><td class=""py-3 px-4 text-sm"">$600 (car + student)</td><td class=""py-3 px-4 text-sm"">$800</td><td class=""py-3 px-4 text-sm"">~$89,000</td><td class=""py-3 px-4 text-sm"">~$100,000</td></tr>"
src/lib/pseo-data.ts,1890,"<tr class=""border-b border-outline-variant/30""><td class=""py-3 px-4 text-sm"">$900 (multiple debts)</td><td class=""py-3 px-4 text-sm"">$500</td><td class=""py-3 px-4 text-sm"">~$52,000</td><td class=""py-3 px-4 text-sm"">~$60,000</td></tr>"
src/lib/pseo-data.ts,1894,"<p>A single car payment of $300/month cuts your maximum loan by $38,000 — the difference between a starter home and something barely livable. Use our <a href=""/loan-calculator"">loan calculator</a> to see how aggressively paying down debt before applying can meaningfully open up your options. Compare to a <a href=""/calculator/250k-mortgage-monthly-payment-3-5-percent"">$250,000 mortgage at 3.5%</a> to benchmark monthly costs.</p>"
src/lib/pseo-data.ts,1897,"<p>With a fixed loan near $165,000, the down payment determines how expensive a home you can buy — not how much you borrow:</p>"
src/lib/pseo-data.ts,1911,"<tr class=""border-b border-outline-variant/30""><td class=""py-3 px-4 text-sm"">3%</td><td class=""py-3 px-4 text-sm"">~$5,100</td><td class=""py-3 px-4 text-sm"">~$170,000</td><td class=""py-3 px-4 text-sm"">~$1,390</td><td class=""py-3 px-4 text-sm"">~$69/mo</td></tr>"
src/lib/pseo-data.ts,1912,"<tr class=""border-b border-outline-variant/30""><td class=""py-3 px-4 text-sm"">5%</td><td class=""py-3 px-4 text-sm"">~$8,700</td><td class=""py-3 px-4 text-sm"">~$174,000</td><td class=""py-3 px-4 text-sm"">~$1,394</td><td class=""py-3 px-4 text-sm"">~$69/mo</td></tr>"
src/lib/pseo-data.ts,1913,"<tr class=""border-b border-outline-variant/30 bg-primary/5 font-bold""><td class=""py-3 px-4 text-sm"">10%</td><td class=""py-3 px-4 text-sm"">~$18,300</td><td class=""py-3 px-4 text-sm"">~$183,000</td><td class=""py-3 px-4 text-sm"">~$1,402</td><td class=""py-3 px-4 text-sm"">~$69/mo</td></tr>"
src/lib/pseo-data.ts,1914,"<tr class=""border-b border-outline-variant/30 font-bold text-primary""><td class=""py-3 px-4 text-sm"">20%</td><td class=""py-3 px-4 text-sm"">~$41,200</td><td class=""py-3 px-4 text-sm"">~$206,000</td><td class=""py-3 px-4 text-sm"">~$1,355</td><td class=""py-3 px-4 text-sm"">$0</td></tr>"
src/lib/pseo-data.ts,1918,"<p>Going from 3% to 20% down on the same $165,000 loan lets you buy a $206,000 home instead of $170,000 — a $36,000 upgrade at the same loan amount. Check <a href=""https://www.hud.gov"" target=""_blank"" rel=""noopener noreferrer"">HUD's first-time buyer programs</a> for down payment assistance, and see our <a href=""/blog/down-payment-guide"">down payment guide</a> for savings strategies.</p>"
src/lib/pseo-data.ts,1920,"<h2>Your Full Monthly Budget on a $60,000 Salary</h2>"
src/lib/pseo-data.ts,1921,"<p>What does a $183,000 home actually cost per month on a $60,000 salary at 6.8%?</p>"
src/lib/pseo-data.ts,1923,"<li><strong>Principal and Interest ($165,000 loan):</strong> $1,076</li>"
src/lib/pseo-data.ts,1924,<li><strong>Property Tax (1.1%/yr on $183k):</strong> $168</li>
src/lib/pseo-data.ts,1925,<li><strong>Homeowners Insurance:</strong> $90</li>
src/lib/pseo-data.ts,1926,<li><strong>PMI (~0.5%/yr):</strong> $69</li>
src/lib/pseo-data.ts,1927,"<li><strong>Total Housing Cost:</strong> $1,403</li>"
src/lib/pseo-data.ts,1928,<li><strong>As % of $60k Gross Income:</strong> 28.1%</li>
src/lib/pseo-data.ts,1930,"<p>This scenario sits just at the 28% boundary. FHA loans are a popular route for $60k earners since they allow debt-to-income ratios up to 43% with mortgage insurance — potentially unlocking a higher price range. Compare this to a <a href=""/calculator/250k-mortgage-monthly-payment-3-5-percent"">$250,000 mortgage at 3.5%</a> to understand how a different loan size might fit your budget better if you have existing debts.</p>"
src/lib/pseo-data.ts,1933,"<p>Use the <a href=""/affordability-calculator"">affordability calculator</a> above to enter your exact income, debts, and down payment. You can also read our full guide on <a href=""/blog/how-much-house-can-i-afford"">how much house you can afford</a> or compare this scenario to a <a href=""/calculator/how-much-house-can-i-afford-100k-salary"">$100,000 salary affordability analysis</a>.</p>"
src/lib/pseo-data.ts,1950,"question: ""How much house can I afford on a $60,000 salary?"","
src/lib/pseo-data.ts,1951,"answer: ""On a $60,000 salary with no existing debts, you can afford approximately $165,000 at 6.8% using the 28% rule — enough for a home priced around $183,000 with 10% down in affordable US markets."""
src/lib/pseo-data.ts,1954,"question: ""Does a $60k salary qualify me for an FHA loan in 2026?"","
src/lib/pseo-data.ts,1955,"answer: ""Yes. FHA loans are available to most income levels that meet the credit and DTI requirements. On $60,000, you qualify for an FHA loan up to approximately $165,000 under the 28/36 rule, and FHA's 43% DTI allowance may let you stretch further with compensating factors."""
src/lib/pseo-data.ts,1958,"question: ""What is my maximum monthly mortgage payment at $60,000 income?"","
src/lib/pseo-data.ts,1959,"answer: ""Using the 28% front-end DTI rule, your maximum monthly PITI is $1,400. Carrying $300/month in existing debts reduces your available housing budget to $1,100, which limits your loan to roughly $127,000."""
src/lib/pseo-data.ts,1962,"question: ""Can I afford a $200,000 home on a $60k salary?"","
src/lib/pseo-data.ts,1963,"answer: ""A $200,000 home requires roughly an $180,000 loan with 10% down. Monthly PITI would be approximately $1,520 — above the 28% guideline of $1,400 for a $60k salary. It is possible under the 36% rule if you have minimal other debts and good credit."""
src/lib/pseo-data.ts,1970,"amount: 0,"
src/lib/pseo-data.ts,1971,"rate: 6.8,"
src/lib/pseo-data.ts,1972,"term: 30,"
src/lib/pseo-data.ts,1974,"salary: 70000,"
src/lib/pseo-data.ts,1975,"customTitle: ""How Much House Can I Afford on a $70,000 Salary in 2026?"","
src/lib/pseo-data.ts,1976,"customDescription: ""How much house can you afford on a $70,000 salary in 2026? See your max loan amount, full PITI breakdown, debt impact tables, and best markets to buy."","
src/lib/pseo-data.ts,1977,"customH1: ""How Much House Can I Afford on a $70,000 Salary in 2026?"","
src/lib/pseo-data.ts,1978,"customIntro: ""Earning $70,000 puts you above the US median income and opens the door to moderate-priced markets — secondary suburbs, smaller cities in the South and Mountain West, and towns within commuting range of larger metros where home prices sit in the $200,000–$250,000 range. Your 28% housing budget of $1,633/month supports a loan around $193,000 with no other debts, giving you genuine buying flexibility in markets that strain lower income brackets. Unlike entry-level buyers, $70k earners often qualify for conventional financing with a 10% down payment without needing FHA. This page works through your exact DTI math, shows how car loans and student debt compress your options, and identifies the down payment approach that maximises your buying power. Use the <a href='/affordability-calculator'>affordability calculator</a> above for your exact scenario."","
src/lib/pseo-data.ts,1980,<h2>How Much House Can You Afford on $70k? The Core Numbers</h2>
src/lib/pseo-data.ts,1981,"<p>At $70,000 income, the 28% front-end and 36% back-end rules produce meaningfully different affordability ceilings. Here is the base case at 6.8% for 30 years:</p>"
src/lib/pseo-data.ts,1995,"<tr class=""border-b border-outline-variant/30 font-bold bg-primary/5""><td class=""py-3 px-4 text-sm"">28% rule</td><td class=""py-3 px-4 text-sm"">$1,633</td><td class=""py-3 px-4 text-sm"">~$375</td><td class=""py-3 px-4 text-sm"">~$1,258</td><td class=""py-3 px-4 text-sm"">~$193,000</td></tr>"
src/lib/pseo-data.ts,1996,"<tr class=""border-b border-outline-variant/30""><td class=""py-3 px-4 text-sm"">36% rule</td><td class=""py-3 px-4 text-sm"">$2,100</td><td class=""py-3 px-4 text-sm"">~$480</td><td class=""py-3 px-4 text-sm"">~$1,620</td><td class=""py-3 px-4 text-sm"">~$250,000</td></tr>"
src/lib/pseo-data.ts,2001,"<p>The 28% rule is where most financial advisors recommend you stay. The 36% ceiling defined by the <a href=""https://www.consumerfinance.gov"" target=""_blank"" rel=""noopener noreferrer"">Consumer Financial Protection Bureau</a> is the technical maximum lenders allow, requiring zero existing debts to reach. The $57,000 gap between these scenarios represents the difference between a comfortable $215,000 home and an $280,000 stretch purchase. See our <a href=""/blog/28-36-rule-explained"">28/36 rule explained</a> guide for more context.</p>"
src/lib/pseo-data.ts,2004,<p>Student loans and car payments are the most common obstacles at the $70k income level. Here is the impact at 6.8%:</p>
src/lib/pseo-data.ts,2013,"<th class=""py-3 px-4 font-bold text-sm"">Home Price (10% down)</th>"
src/lib/pseo-data.ts,2017,"<tr class=""border-b border-outline-variant/30 font-bold text-primary""><td class=""py-3 px-4 text-sm"">$0 (debt free)</td><td class=""py-3 px-4 text-sm"">$1,633</td><td class=""py-3 px-4 text-sm"">~$193,000</td><td class=""py-3 px-4 text-sm"">~$215,000</td></tr>"
src/lib/pseo-data.ts,2018,"<tr class=""border-b border-outline-variant/30""><td class=""py-3 px-4 text-sm"">$300 (one car)</td><td class=""py-3 px-4 text-sm"">$1,333</td><td class=""py-3 px-4 text-sm"">~$155,000</td><td class=""py-3 px-4 text-sm"">~$170,000</td></tr>"
src/lib/pseo-data.ts,2019,"<tr class=""border-b border-outline-variant/30 bg-primary/5""><td class=""py-3 px-4 text-sm"">$600 (car + student)</td><td class=""py-3 px-4 text-sm"">$1,033</td><td class=""py-3 px-4 text-sm"">~$117,000</td><td class=""py-3 px-4 text-sm"">~$130,000</td></tr>"
src/lib/pseo-data.ts,2020,"<tr class=""border-b border-outline-variant/30""><td class=""py-3 px-4 text-sm"">$900 (multiple debts)</td><td class=""py-3 px-4 text-sm"">$733</td><td class=""py-3 px-4 text-sm"">~$80,000</td><td class=""py-3 px-4 text-sm"">~$90,000</td></tr>"
src/lib/pseo-data.ts,2024,"<p>A $300 car payment cuts $38,000 from your maximum loan — dropping you from a $215,000 home to a $170,000 home. Carrying $600 in monthly debts nearly halves your buying power. Use our <a href=""/loan-calculator"">loan calculator</a> to see how payoff scenarios shift your budget, and compare to a <a href=""/calculator/250k-mortgage-monthly-payment-3-5-percent"">$250,000 mortgage at 3.5%</a> to set realistic expectations.</p>"
src/lib/pseo-data.ts,2027,"<p>With a fixed $193,000 loan, your down payment determines your total home price and whether PMI applies:</p>"
src/lib/pseo-data.ts,2041,"<tr class=""border-b border-outline-variant/30""><td class=""py-3 px-4 text-sm"">3%</td><td class=""py-3 px-4 text-sm"">~$5,970</td><td class=""py-3 px-4 text-sm"">~$199,000</td><td class=""py-3 px-4 text-sm"">~$1,621</td><td class=""py-3 px-4 text-sm"">~$80/mo</td></tr>"
src/lib/pseo-data.ts,2042,"<tr class=""border-b border-outline-variant/30""><td class=""py-3 px-4 text-sm"">5%</td><td class=""py-3 px-4 text-sm"">~$10,150</td><td class=""py-3 px-4 text-sm"">~$203,000</td><td class=""py-3 px-4 text-sm"">~$1,625</td><td class=""py-3 px-4 text-sm"">~$80/mo</td></tr>"
src/lib/pseo-data.ts,2043,"<tr class=""border-b border-outline-variant/30 bg-primary/5 font-bold""><td class=""py-3 px-4 text-sm"">10%</td><td class=""py-3 px-4 text-sm"">~$21,400</td><td class=""py-3 px-4 text-sm"">~$214,000</td><td class=""py-3 px-4 text-sm"">~$1,635</td><td class=""py-3 px-4 text-sm"">~$80/mo</td></tr>"
src/lib/pseo-data.ts,2044,"<tr class=""border-b border-outline-variant/30 font-bold text-primary""><td class=""py-3 px-4 text-sm"">20%</td><td class=""py-3 px-4 text-sm"">~$48,200</td><td class=""py-3 px-4 text-sm"">~$241,000</td><td class=""py-3 px-4 text-sm"">~$1,579</td><td class=""py-3 px-4 text-sm"">$0</td></tr>"
src/lib/pseo-data.ts,2048,"<p>A 20% down payment eliminates PMI and lets you buy a $241,000 home versus $199,000 with 3% down — while actually lowering your monthly payment by $42. Review our <a href=""/blog/down-payment-guide"">down payment guide</a> for strategies to reach 20% faster, and check <a href=""https://www.hud.gov"" target=""_blank"" rel=""noopener noreferrer"">HUD</a> for state-level DPA programs.</p>"
src/lib/pseo-data.ts,2050,"<h2>Your Full Monthly Budget on a $70,000 Salary</h2>"
src/lib/pseo-data.ts,2051,"<p>What does a $214,000 home actually cost per month on a $70,000 salary at 6.8%?</p>"
src/lib/pseo-data.ts,2053,"<li><strong>Principal and Interest ($193,000 loan):</strong> $1,258</li>"
src/lib/pseo-data.ts,2054,<li><strong>Property Tax (1.1%/yr on $214k):</strong> $196</li>
src/lib/pseo-data.ts,2055,<li><strong>Homeowners Insurance:</strong> $100</li>
src/lib/pseo-data.ts,2056,<li><strong>PMI (~0.5%/yr):</strong> $80</li>
src/lib/pseo-data.ts,2057,"<li><strong>Total Housing Cost:</strong> $1,634</li>"
src/lib/pseo-data.ts,2058,<li><strong>As % of $70k Gross Income:</strong> 28.0%</li>
src/lib/pseo-data.ts,2060,"<p>This scenario hits the 28% boundary precisely. Markets like Huntsville AL, Knoxville TN, and smaller metros in the Carolinas offer $200,000–$225,000 homes that fit this budget. Compare to a <a href=""/calculator/250k-mortgage-monthly-payment-3-5-percent"">$250,000 mortgage at 3.5%</a> to understand lower loan options.</p>"
src/lib/pseo-data.ts,2063,"<p>Use the <a href=""/affordability-calculator"">affordability calculator</a> above to enter your exact income, debts, and down payment. Read our guide on <a href=""/blog/how-much-house-can-i-afford"">how much house you can afford</a> to understand all the factors lenders weigh — and compare to a <a href=""/calculator/how-much-house-can-i-afford-100k-salary"">$100,000 salary affordability</a> page to see how income growth expands your options.</p>"
src/lib/pseo-data.ts,2080,"question: ""How much house can I afford on a $70,000 salary?"","
src/lib/pseo-data.ts,2081,"answer: ""On a $70,000 salary with no existing debts, you can afford approximately $193,000 at 6.8% using the 28% rule — enough for a home priced around $214,000 with 10% down in moderate-cost US markets."""
src/lib/pseo-data.ts,2084,"question: ""What loan amount can I qualify for on $70,000 income?"","
src/lib/pseo-data.ts,2085,"answer: ""Under the 28% front-end rule, you can qualify for roughly $193,000. Under the 36% back-end rule (with no other debts), that ceiling rises to approximately $250,000. Most lenders land somewhere between these two figures depending on your credit score and debt profile."""
src/lib/pseo-data.ts,2088,"question: ""How does a $400/month car payment affect my mortgage on $70,000?"","
src/lib/pseo-data.ts,2089,"answer: ""A $400/month car payment reduces your available housing budget from $1,633 to $1,233, dropping your maximum loan from $193,000 to approximately $142,000 — a $51,000 reduction in buying power."""
src/lib/pseo-data.ts,2092,"question: ""What markets are realistic for a $70k buyer in 2026?"","
src/lib/pseo-data.ts,2093,"answer: ""On a $70,000 salary, you can realistically purchase in secondary markets across the South and Midwest — including Knoxville TN, Huntsville AL, Dayton OH, and Kansas City suburbs — where median prices sit in the $200,000–$240,000 range."""
src/lib/pseo-data.ts,2100,"amount: 0,"
src/lib/pseo-data.ts,2101,"rate: 6.8,"
src/lib/pseo-data.ts,2102,"term: 30,"
src/lib/pseo-data.ts,2104,"salary: 80000,"
src/lib/pseo-data.ts,2105,"customTitle: ""How Much House Can I Afford on an $80,000 Salary in 2026?"","
src/lib/pseo-data.ts,2106,"customDescription: ""How much house can you afford on an $80,000 salary in 2026? Get your max home price, monthly PITI breakdown, debt tables, and down payment analysis."","
src/lib/pseo-data.ts,2107,"customH1: ""How Much House Can I Afford on an $80,000 Salary in 2026?"","
src/lib/pseo-data.ts,2108,"customIntro: ""An $80,000 salary gives you solid buying power across most mid-size US cities — you can comfortably qualify for a $221,000+ loan with no other debts, putting homes in growing suburbs of Columbus, Indianapolis, Raleigh, and comparable markets within reach. Your 28% housing budget of $1,867/month creates a meaningful buffer between what you can technically borrow and what leaves you financially comfortable, which is a hallmark of the $80k income tier. Unlike buyers at lower income levels who are constrained to a single market type, $80k earners can often choose between a smaller home with aggressive payoff or a larger one on a 30-year term. This page gives you the precise numbers using lender DTI rules so you walk into a pre-approval with confidence. Use the <a href='/affordability-calculator'>affordability calculator</a> above to dial in your scenario."","
src/lib/pseo-data.ts,2110,<h2>How Much House Can You Afford on $80k? The Core Numbers</h2>
src/lib/pseo-data.ts,2111,"<p>At $80,000, the spread between the conservative 28% rule and the lender-maximum 36% rule is substantial — nearly $65,000 in loan amount. Here is the base case at 6.8%:</p>"
src/lib/pseo-data.ts,2125,"<tr class=""border-b border-outline-variant/30 font-bold bg-primary/5""><td class=""py-3 px-4 text-sm"">28% rule</td><td class=""py-3 px-4 text-sm"">$1,867</td><td class=""py-3 px-4 text-sm"">~$425</td><td class=""py-3 px-4 text-sm"">~$1,442</td><td class=""py-3 px-4 text-sm"">~$221,000</td></tr>"
src/lib/pseo-data.ts,2126,"<tr class=""border-b border-outline-variant/30""><td class=""py-3 px-4 text-sm"">36% rule</td><td class=""py-3 px-4 text-sm"">$2,400</td><td class=""py-3 px-4 text-sm"">~$540</td><td class=""py-3 px-4 text-sm"">~$1,860</td><td class=""py-3 px-4 text-sm"">~$286,000</td></tr>"
src/lib/pseo-data.ts,2131,"<p>The 28% front-end limit is where financial advisors recommend staying. The 36% ceiling from the <a href=""https://www.consumerfinance.gov"" target=""_blank"" rel=""noopener noreferrer"">Consumer Financial Protection Bureau</a> requires zero existing monthly debts to reach and represents a $65,000 gap in loan amount. Most $80k buyers target the $220,000–$265,000 loan range depending on their debt load. See our <a href=""/blog/28-36-rule-explained"">28/36 rule guide</a> for the full framework lenders use.</p>"
src/lib/pseo-data.ts,2134,"<p>At $80,000 income, moderate debts are manageable but still cost tens of thousands in buying power. Here is the impact:</p>"
src/lib/pseo-data.ts,2143,"<th class=""py-3 px-4 font-bold text-sm"">Home Price (10% down)</th>"
src/lib/pseo-data.ts,2147,"<tr class=""border-b border-outline-variant/30 font-bold text-primary""><td class=""py-3 px-4 text-sm"">$0 (debt free)</td><td class=""py-3 px-4 text-sm"">$1,867</td><td class=""py-3 px-4 text-sm"">~$221,000</td><td class=""py-3 px-4 text-sm"">~$245,000</td></tr>"
src/lib/pseo-data.ts,2148,"<tr class=""border-b border-outline-variant/30""><td class=""py-3 px-4 text-sm"">$300 (one car)</td><td class=""py-3 px-4 text-sm"">$1,567</td><td class=""py-3 px-4 text-sm"">~$183,000</td><td class=""py-3 px-4 text-sm"">~$205,000</td></tr>"
src/lib/pseo-data.ts,2149,"<tr class=""border-b border-outline-variant/30 bg-primary/5""><td class=""py-3 px-4 text-sm"">$600 (car + student)</td><td class=""py-3 px-4 text-sm"">$1,267</td><td class=""py-3 px-4 text-sm"">~$145,000</td><td class=""py-3 px-4 text-sm"">~$160,000</td></tr>"
src/lib/pseo-data.ts,2150,"<tr class=""border-b border-outline-variant/30""><td class=""py-3 px-4 text-sm"">$900 (multiple debts)</td><td class=""py-3 px-4 text-sm"">$967</td><td class=""py-3 px-4 text-sm"">~$108,000</td><td class=""py-3 px-4 text-sm"">~$120,000</td></tr>"
src/lib/pseo-data.ts,2154,"<p>Carrying $600 in monthly debts drops your maximum loan from $221,000 to $145,000 — a $76,000 reduction in buying power. At $900/month in debts, your loan barely reaches $108,000. Use our <a href=""/loan-calculator"">loan calculator</a> to evaluate payoff scenarios before applying for a mortgage. Compare to a <a href=""/calculator/250k-mortgage-monthly-payment-3-5-percent"">$250,000 mortgage at 3.5%</a> to understand the monthly commitment at your target loan size.</p>"
src/lib/pseo-data.ts,2157,"<p>For an $80k earner with a $221,000 loan, higher down payments buy more expensive homes while eliminating PMI costs:</p>"
src/lib/pseo-data.ts,2171,"<tr class=""border-b border-outline-variant/30""><td class=""py-3 px-4 text-sm"">3%</td><td class=""py-3 px-4 text-sm"">~$6,840</td><td class=""py-3 px-4 text-sm"">~$228,000</td><td class=""py-3 px-4 text-sm"">~$1,852</td><td class=""py-3 px-4 text-sm"">~$92/mo</td></tr>"
src/lib/pseo-data.ts,2172,"<tr class=""border-b border-outline-variant/30""><td class=""py-3 px-4 text-sm"">5%</td><td class=""py-3 px-4 text-sm"">~$11,650</td><td class=""py-3 px-4 text-sm"">~$233,000</td><td class=""py-3 px-4 text-sm"">~$1,856</td><td class=""py-3 px-4 text-sm"">~$92/mo</td></tr>"
src/lib/pseo-data.ts,2173,"<tr class=""border-b border-outline-variant/30 bg-primary/5 font-bold""><td class=""py-3 px-4 text-sm"">10%</td><td class=""py-3 px-4 text-sm"">~$24,600</td><td class=""py-3 px-4 text-sm"">~$246,000</td><td class=""py-3 px-4 text-sm"">~$1,868</td><td class=""py-3 px-4 text-sm"">~$92/mo</td></tr>"
src/lib/pseo-data.ts,2174,"<tr class=""border-b border-outline-variant/30 font-bold text-primary""><td class=""py-3 px-4 text-sm"">20%</td><td class=""py-3 px-4 text-sm"">~$55,200</td><td class=""py-3 px-4 text-sm"">~$276,000</td><td class=""py-3 px-4 text-sm"">~$1,804</td><td class=""py-3 px-4 text-sm"">$0</td></tr>"
src/lib/pseo-data.ts,2178,"<p>Putting 20% down on the same loan allows you to purchase a $276,000 home instead of $228,000 with 3% down — and lowers your monthly cost by $48 by eliminating PMI. See our <a href=""/blog/down-payment-guide"">down payment guide</a> for the fastest path to 20%. Also compare to a <a href=""/calculator/300k-mortgage-monthly-payment-6-percent"">$300,000 mortgage at 6%</a> to understand what the move-up tier looks like.</p>"
src/lib/pseo-data.ts,2180,"<h2>Your Full Monthly Budget on an $80,000 Salary</h2>"
src/lib/pseo-data.ts,2181,"<p>What does a $245,000 home actually cost per month on an $80,000 salary at 6.8%?</p>"
src/lib/pseo-data.ts,2183,"<li><strong>Principal and Interest ($221,000 loan):</strong> $1,441</li>"
src/lib/pseo-data.ts,2184,<li><strong>Property Tax (1.1%/yr on $245k):</strong> $225</li>
src/lib/pseo-data.ts,2185,<li><strong>Homeowners Insurance:</strong> $110</li>
src/lib/pseo-data.ts,2186,<li><strong>PMI (~0.5%/yr):</strong> $92</li>
src/lib/pseo-data.ts,2187,"<li><strong>Total Housing Cost:</strong> $1,868</li>"
src/lib/pseo-data.ts,2188,<li><strong>As % of $80k Gross Income:</strong> 28.0%</li>
src/lib/pseo-data.ts,2190,"<p>This scenario hits the 28% target precisely. Markets like Raleigh exurbs, Columbus OH, Indianapolis suburbs, and larger Tennessee cities offer $230,000–$260,000 starter homes that fit this budget comfortably. If you are comparing scenarios, see what a <a href=""/calculator/how-much-house-can-i-afford-100k-salary"">$100k salary can afford</a> to understand how income growth shifts your range.</p>"
src/lib/pseo-data.ts,2210,"question: ""How much house can I afford on an $80,000 salary?"","
src/lib/pseo-data.ts,2211,"answer: ""On an $80,000 salary with no existing debts, you can afford approximately $221,000 at 6.8% using the 28% rule — enough for a home priced around $245,000 with 10% down in mid-size US markets."""
src/lib/pseo-data.ts,2214,"question: ""Can I afford a $300,000 home on an $80,000 salary?"","
src/lib/pseo-data.ts,2215,"answer: ""A $300,000 home requires roughly $270,000 in financing with 10% down. Monthly PITI would be approximately $2,260 — above the 28% guideline of $1,867 for an $80k salary. It is achievable under the 36% rule if you have minimal existing debts and a strong credit score."""
src/lib/pseo-data.ts,2218,"question: ""How does student loan debt affect my buying power at $80k?"","
src/lib/pseo-data.ts,2219,"answer: ""A $400/month student loan payment reduces your available housing budget from $1,867 to $1,467, dropping your maximum loan from $221,000 to roughly $170,000 — a $51,000 reduction in buying power that can shift you to a different market tier entirely."""
src/lib/pseo-data.ts,2222,"question: ""What is the best down payment strategy on an $80,000 salary?"","
src/lib/pseo-data.ts,2223,"answer: ""For most $80k earners, 10% down is the practical sweet spot — it keeps PMI manageable while preserving cash for closing costs and an emergency fund. Reaching 20% allows you to buy a $276,000 home (vs $228,000 with 3% down) while saving $92/month in PMI."""
src/lib/pseo-data.ts,2230,"amount: 0,"
src/lib/pseo-data.ts,2231,"rate: 6.8,"
src/lib/pseo-data.ts,2232,"term: 30,"
src/lib/pseo-data.ts,2234,"salary: 90000,"
src/lib/pseo-data.ts,2235,"customTitle: ""How Much House Can I Afford on a $90,000 Salary in 2026?"","
src/lib/pseo-data.ts,2236,"customDescription: ""How much house can you afford on a $90,000 salary in 2026? Discover your max loan amount, monthly budget, debt impact tables, and best buying markets."","
src/lib/pseo-data.ts,2237,"customH1: ""How Much House Can I Afford on a $90,000 Salary in 2026?"","
src/lib/pseo-data.ts,2238,"customIntro: ""At $90,000 per year, you are firmly in the upper tier of American buyers — your 28% housing budget of $2,100/month supports a loan approaching $249,000 with zero existing debts, which covers median-priced homes in many growing metros and first-ring suburbs of major cities. Buyers at this income level are often repeat purchasers, dual-income couples at the lower end of a combined income, or single professionals in moderate-cost markets where $300,000 homes represent the entry to the move-up tier. The key question at $90k is not whether you qualify, but how to balance loan size, down payment, and market to maximise long-term equity. This page lays out your exact affordability ceiling using the 28/36 rule, plus debt and down payment scenario tables. Use the <a href='/affordability-calculator'>affordability calculator</a> above."","
src/lib/pseo-data.ts,2240,<h2>How Much House Can You Afford on $90k? The Core Numbers</h2>
src/lib/pseo-data.ts,2241,"<p>At $90,000, the 28% and 36% DTI rules produce a meaningful range of loan amounts. Here is the full picture at 6.8% for 30 years:</p>"
src/lib/pseo-data.ts,2255,"<tr class=""border-b border-outline-variant/30 font-bold bg-primary/5""><td class=""py-3 px-4 text-sm"">28% rule</td><td class=""py-3 px-4 text-sm"">$2,100</td><td class=""py-3 px-4 text-sm"">~$475</td><td class=""py-3 px-4 text-sm"">~$1,625</td><td class=""py-3 px-4 text-sm"">~$249,000</td></tr>"
src/lib/pseo-data.ts,2256,"<tr class=""border-b border-outline-variant/30""><td class=""py-3 px-4 text-sm"">36% rule</td><td class=""py-3 px-4 text-sm"">$2,700</td><td class=""py-3 px-4 text-sm"">~$600</td><td class=""py-3 px-4 text-sm"">~$2,100</td><td class=""py-3 px-4 text-sm"">~$322,000</td></tr>"
src/lib/pseo-data.ts,2261,"<p>The $73,000 gap between the 28% and 36% scenarios is the widest it has been at this income level, offering real strategic flexibility. The 28% rule keeps you well within budget; the 36% ceiling from the <a href=""https://www.consumerfinance.gov"" target=""_blank"" rel=""noopener noreferrer"">Consumer Financial Protection Bureau</a> is the maximum lenders allow with no other debts. Most $90k buyers find their practical range is $240,000–$290,000 in loan size. See our <a href=""/blog/28-36-rule-explained"">28/36 rule explained</a> for the full lender framework.</p>"
src/lib/pseo-data.ts,2264,"<p>At $90,000, even modest debts are absorbed more gracefully than at lower income levels — but the impact remains significant in absolute dollar terms:</p>"
src/lib/pseo-data.ts,2273,"<th class=""py-3 px-4 font-bold text-sm"">Home Price (10% down)</th>"
src/lib/pseo-data.ts,2277,"<tr class=""border-b border-outline-variant/30 font-bold text-primary""><td class=""py-3 px-4 text-sm"">$0 (debt free)</td><td class=""py-3 px-4 text-sm"">$2,100</td><td class=""py-3 px-4 text-sm"">~$249,000</td><td class=""py-3 px-4 text-sm"">~$275,000</td></tr>"
src/lib/pseo-data.ts,2278,"<tr class=""border-b border-outline-variant/30""><td class=""py-3 px-4 text-sm"">$300 (one car)</td><td class=""py-3 px-4 text-sm"">$1,800</td><td class=""py-3 px-4 text-sm"">~$211,000</td><td class=""py-3 px-4 text-sm"">~$235,000</td></tr>"
src/lib/pseo-data.ts,2279,"<tr class=""border-b border-outline-variant/30 bg-primary/5""><td class=""py-3 px-4 text-sm"">$600 (car + student)</td><td class=""py-3 px-4 text-sm"">$1,500</td><td class=""py-3 px-4 text-sm"">~$173,000</td><td class=""py-3 px-4 text-sm"">~$190,000</td></tr>"
src/lib/pseo-data.ts,2280,"<tr class=""border-b border-outline-variant/30""><td class=""py-3 px-4 text-sm"">$900 (multiple debts)</td><td class=""py-3 px-4 text-sm"">$1,200</td><td class=""py-3 px-4 text-sm"">~$136,000</td><td class=""py-3 px-4 text-sm"">~$150,000</td></tr>"
src/lib/pseo-data.ts,2284,"<p>Even at $90k, $900 in monthly debts drops your buying power from $275,000 to $150,000 — the same home price available to a debt-free $50k earner. Use our <a href=""/loan-calculator"">loan calculator</a> to model payoff scenarios, and compare to a <a href=""/calculator/300k-mortgage-monthly-payment-6-percent"">$300,000 mortgage at 6%</a> to see what the next home size tier actually costs monthly.</p>"
src/lib/pseo-data.ts,2287,"<p>With a $249,000 loan, the down payment determines your total home price and PMI status:</p>"
src/lib/pseo-data.ts,2301,"<tr class=""border-b border-outline-variant/30""><td class=""py-3 px-4 text-sm"">3%</td><td class=""py-3 px-4 text-sm"">~$7,710</td><td class=""py-3 px-4 text-sm"">~$257,000</td><td class=""py-3 px-4 text-sm"">~$2,083</td><td class=""py-3 px-4 text-sm"">~$104/mo</td></tr>"
src/lib/pseo-data.ts,2302,"<tr class=""border-b border-outline-variant/30""><td class=""py-3 px-4 text-sm"">5%</td><td class=""py-3 px-4 text-sm"">~$13,100</td><td class=""py-3 px-4 text-sm"">~$262,000</td><td class=""py-3 px-4 text-sm"">~$2,087</td><td class=""py-3 px-4 text-sm"">~$104/mo</td></tr>"
src/lib/pseo-data.ts,2303,"<tr class=""border-b border-outline-variant/30 bg-primary/5 font-bold""><td class=""py-3 px-4 text-sm"">10%</td><td class=""py-3 px-4 text-sm"">~$27,700</td><td class=""py-3 px-4 text-sm"">~$277,000</td><td class=""py-3 px-4 text-sm"">~$2,101</td><td class=""py-3 px-4 text-sm"">~$104/mo</td></tr>"
src/lib/pseo-data.ts,2304,"<tr class=""border-b border-outline-variant/30 font-bold text-primary""><td class=""py-3 px-4 text-sm"">20%</td><td class=""py-3 px-4 text-sm"">~$62,200</td><td class=""py-3 px-4 text-sm"">~$311,000</td><td class=""py-3 px-4 text-sm"">~$2,028</td><td class=""py-3 px-4 text-sm"">$0</td></tr>"
src/lib/pseo-data.ts,2308,"<p>A 20% down payment lets you buy a $311,000 home versus $257,000 with 3% down — a $54,000 upgrade while eliminating PMI and reducing your monthly payment by $73. Read our <a href=""/blog/down-payment-guide"">down payment guide</a> and <a href=""https://www.hud.gov"" target=""_blank"" rel=""noopener noreferrer"">HUD programs</a> for assistance options. Also compare to a <a href=""/calculator/250k-mortgage-monthly-payment-3-5-percent"">$250,000 mortgage at 3.5%</a> to see what a more conservative loan looks like monthly.</p>"
src/lib/pseo-data.ts,2310,"<h2>Your Full Monthly Budget on a $90,000 Salary</h2>"
src/lib/pseo-data.ts,2311,"<p>What does a $275,000 home actually cost per month on a $90,000 salary at 6.8%?</p>"
src/lib/pseo-data.ts,2313,"<li><strong>Principal and Interest ($249,000 loan):</strong> $1,623</li>"
src/lib/pseo-data.ts,2314,<li><strong>Property Tax (1.1%/yr on $275k):</strong> $252</li>
src/lib/pseo-data.ts,2315,<li><strong>Homeowners Insurance:</strong> $120</li>
src/lib/pseo-data.ts,2316,<li><strong>PMI (~0.5%/yr):</strong> $104</li>
src/lib/pseo-data.ts,2317,"<li><strong>Total Housing Cost:</strong> $2,099</li>"
src/lib/pseo-data.ts,2318,<li><strong>As % of $90k Gross Income:</strong> 28.0%</li>
src/lib/pseo-data.ts,2320,"<p>This scenario sits right at 28%, which is comfortable but not abundant. For reference, a <a href=""/calculator/how-much-house-can-i-afford-100k-salary"">$100,000 salary</a> pushes the same calculation to roughly $313,000 in home price — showing how $10,000 more in income meaningfully shifts your market options at current rates.</p>"
src/lib/pseo-data.ts,2340,"question: ""How much house can I afford on a $90,000 salary?"","
src/lib/pseo-data.ts,2341,"answer: ""On a $90,000 salary with no existing debts, you can afford approximately $249,000 at 6.8% using the 28% rule — enough for a home priced around $275,000 with 10% down in most mid-size US markets."""
src/lib/pseo-data.ts,2344,"question: ""Can I afford a $350,000 home on a $90,000 salary?"","
src/lib/pseo-data.ts,2345,"answer: ""A $350,000 home requires roughly $315,000 in financing with 10% down. Monthly PITI would be approximately $2,600 — above the 28% guideline of $2,100 but within reach under the 36% rule if you carry minimal existing monthly debts."""
src/lib/pseo-data.ts,2348,"question: ""What is the monthly payment on a $249,000 mortgage at 6.8%?"","
src/lib/pseo-data.ts,2349,"answer: ""The monthly principal and interest payment on a $249,000 mortgage at 6.8% over 30 years is $1,623. Including property tax (1.1%), homeowners insurance, and PMI, the total PITI is approximately $2,099 for a buyer purchasing a $275,000 home with 10% down."""
src/lib/pseo-data.ts,2352,"question: ""Is $90,000 enough to buy a home in most US metro areas in 2026?"","
src/lib/pseo-data.ts,2353,"answer: ""A $90,000 salary comfortably qualifies you in most secondary and mid-tier markets — including Charlotte suburbs, Columbus, Nashville exurbs, and similar cities where median prices sit in the $250,000–$320,000 range. In high-cost metros like San Francisco, Seattle, or New York, $90k is insufficient without a large down payment or a co-borrower."""
src/lib/pseo-data.ts,2363,"amount: 180000,"
src/lib/pseo-data.ts,2364,"rate: 6.8,"
src/lib/pseo-data.ts,2365,"term: 30,"
src/lib/pseo-data.ts,2367,"customTitle: ""What Income Do You Need to Buy a $200,000 House in 2026?"","
src/lib/pseo-data.ts,2368,"customDescription: ""Planning to buy a $200,000 home? See the minimum salary to qualify, full PITI breakdown with taxes and PMI, and how existing debts affect your approval odds."","
src/lib/pseo-data.ts,2369,"customH1: ""What Income Do You Need to Buy a $200,000 House?"","
src/lib/pseo-data.ts,2370,"customIntro: ""A $200,000 home is still achievable in many rural and Midwest markets — think small Indiana cities, rural Tennessee, or South Texas towns where median prices sit below the national average. For a first-time buyer on a modest salary, this price point is often the entry to homeownership, and FHA loans with 3.5% down are the most common route. At 6.8%, the monthly principal and interest on a $180,000 loan (10% down) is $1,173 — manageable on a single income around $50,000–$65,000 depending on your debts."","
src/lib/pseo-data.ts,2372,"<h2>Minimum Income Required for a $200,000 House in 2026</h2>"
src/lib/pseo-data.ts,2373,"<p>Using the standard 28% front-end rule, housing costs should not exceed 28% of gross monthly income. Below are the three key income scenarios for a $200,000 home with 10% down ($20,000), resulting in a $180,000 loan at 6.8% over 30 years:</p>"
src/lib/pseo-data.ts,2387,"<td class=""py-3 px-4 text-sm"">$1,173</td>"
src/lib/pseo-data.ts,2388,"<td class=""py-3 px-4 text-sm"">~$50,000</td>"
src/lib/pseo-data.ts,2391,"<td class=""py-3 px-4 text-sm"">Full PITI (P&amp;I + tax $183 + insurance $80 + PMI $75)</td>"
src/lib/pseo-data.ts,2392,"<td class=""py-3 px-4 text-sm"">$1,511</td>"
src/lib/pseo-data.ts,2393,"<td class=""py-3 px-4 text-sm"">~$65,000</td>"
src/lib/pseo-data.ts,2396,"<td class=""py-3 px-4 text-sm"">Full PITI + $500/mo existing debt</td>"
src/lib/pseo-data.ts,2397,"<td class=""py-3 px-4 text-sm"">$2,011</td>"
src/lib/pseo-data.ts,2398,"<td class=""py-3 px-4 text-sm"">~$67,000</td>"
src/lib/pseo-data.ts,2404,"<p>PMI ($75/mo) is based on 0.5% of the $180,000 loan annually and will cancel once you reach 20% equity in the home. Property tax uses a 1.1% annual rate on the $200,000 purchase price. Use the <a href=""/mortgage-calculator"">mortgage calculator</a> to enter your local tax rate for a more accurate figure.</p>"
src/lib/pseo-data.ts,2407,"<p>Lenders apply a 36% back-end ratio — your total monthly obligations (housing plus all other debts) cannot exceed 36% of gross income. The table below uses the $65,000 Full PITI income as the baseline and shows how debt erodes your available housing budget:</p>"
src/lib/pseo-data.ts,2415,"<th class=""py-3 px-4 font-bold text-sm"">Qualifies for $200k House?</th>"
src/lib/pseo-data.ts,2420,"<td class=""py-3 px-4 text-sm"">$0</td>"
src/lib/pseo-data.ts,2421,"<td class=""py-3 px-4 text-sm"">$1,517/mo</td>"
src/lib/pseo-data.ts,2425,"<td class=""py-3 px-4 text-sm"">$300/mo</td>"
src/lib/pseo-data.ts,2426,"<td class=""py-3 px-4 text-sm"">$1,650/mo</td>"
src/lib/pseo-data.ts,2430,"<td class=""py-3 px-4 text-sm"">$600/mo</td>"
src/lib/pseo-data.ts,2431,"<td class=""py-3 px-4 text-sm"">$1,350/mo</td>"
src/lib/pseo-data.ts,2435,"<td class=""py-3 px-4 text-sm"">$900/mo</td>"
src/lib/pseo-data.ts,2436,"<td class=""py-3 px-4 text-sm"">$1,050/mo</td>"
src/lib/pseo-data.ts,2444,"<p>A larger down payment reduces the loan amount and monthly P&I, which lowers the income required to qualify. At 20% down, PMI also disappears entirely — saving an additional $75/mo on a $200,000 purchase:</p>"
src/lib/pseo-data.ts,2459,"<td class=""py-3 px-4 text-sm"">3%</td>"
src/lib/pseo-data.ts,2460,"<td class=""py-3 px-4 text-sm"">$6,000</td>"
src/lib/pseo-data.ts,2461,"<td class=""py-3 px-4 text-sm"">$194,000</td>"
src/lib/pseo-data.ts,2462,"<td class=""py-3 px-4 text-sm"">$1,265</td>"
src/lib/pseo-data.ts,2463,"<td class=""py-3 px-4 text-sm"">~$54,000</td>"
src/lib/pseo-data.ts,2466,"<td class=""py-3 px-4 text-sm"">5%</td>"
src/lib/pseo-data.ts,2467,"<td class=""py-3 px-4 text-sm"">$10,000</td>"
src/lib/pseo-data.ts,2468,"<td class=""py-3 px-4 text-sm"">$190,000</td>"
src/lib/pseo-data.ts,2469,"<td class=""py-3 px-4 text-sm"">$1,239</td>"
src/lib/pseo-data.ts,2470,"<td class=""py-3 px-4 text-sm"">~$53,000</td>"
src/lib/pseo-data.ts,2473,"<td class=""py-3 px-4 text-sm"">10% (this page)</td>"
src/lib/pseo-data.ts,2474,"<td class=""py-3 px-4 text-sm"">$20,000</td>"
src/lib/pseo-data.ts,2475,"<td class=""py-3 px-4 text-sm"">$180,000</td>"
src/lib/pseo-data.ts,2476,"<td class=""py-3 px-4 text-sm"">$1,173</td>"
src/lib/pseo-data.ts,2477,"<td class=""py-3 px-4 text-sm"">~$50,000</td>"
src/lib/pseo-data.ts,2480,"<td class=""py-3 px-4 text-sm"">20% — no PMI</td>"
src/lib/pseo-data.ts,2481,"<td class=""py-3 px-4 text-sm"">$40,000</td>"
src/lib/pseo-data.ts,2482,"<td class=""py-3 px-4 text-sm"">$160,000</td>"
src/lib/pseo-data.ts,2483,"<td class=""py-3 px-4 text-sm"">$1,043</td>"
src/lib/pseo-data.ts,2484,"<td class=""py-3 px-4 text-sm"">~$45,000</td>"
src/lib/pseo-data.ts,2490,<p>Putting 20% down eliminates the $75/mo PMI and reduces P&I by $130/mo — a combined monthly saving of $205 that compounds significantly over 30 years.</p>
src/lib/pseo-data.ts,2493,"<p>Income qualifies you on paper, but lenders also require a minimum credit score of 620 for conventional loans (580 for FHA), and your total debt-to-income ratio — both front-end housing costs at 28% and back-end total debts at 36% — must fit within their guidelines. Most lenders also want two years of stable employment in the same field; job changes or gaps can delay approval even when income is sufficient.</p>"
src/lib/pseo-data.ts,2497,"<li>For a pure payment breakdown on a comparable loan, see the <a href=""/calculator/250k-mortgage-monthly-payment-3-5-percent"">$250,000 mortgage monthly payment page</a>.</li>"
src/lib/pseo-data.ts,2498,"<li>If you earn around $60,000, see <a href=""/calculator/how-much-house-can-i-afford-60k-salary"">how much house a $60k salary can afford</a> — or compare to a <a href=""/calculator/how-much-house-can-i-afford-70k-salary"">$70k salary affordability analysis</a>.</li>"
src/lib/pseo-data.ts,2518,"question: ""What income do I need for a $200,000 house?"","
src/lib/pseo-data.ts,2519,"answer: ""With 10% down and a $180,000 loan at 6.8%, the minimum income is approximately $50,000 (P&I only at the 28% rule) or $65,000 when property tax, homeowners insurance, and PMI are included. If you carry existing monthly debts, you will need $67,000 or more to meet the 36% back-end ratio lenders require."""
src/lib/pseo-data.ts,2522,"question: ""Can I buy a $200,000 house on a $50,000 salary?"","
src/lib/pseo-data.ts,2523,"answer: ""Technically yes — a $50,000 salary covers the P&I payment of $1,173 at the 28% front-end threshold. However, your full PITI including taxes, insurance, and PMI reaches $1,511, which requires approximately $65,000 to qualify comfortably. If you have no existing debt, some lenders may stretch the guidelines slightly."""
src/lib/pseo-data.ts,2526,"question: ""What is the monthly payment on a $180,000 mortgage at 6.8%?"","
src/lib/pseo-data.ts,2527,"answer: ""The monthly principal and interest payment on a $180,000 mortgage at 6.8% over 30 years is $1,173. Adding property tax (1.1% annually = $183/mo), homeowners insurance ($80/mo), and PMI ($75/mo) brings the full PITI to approximately $1,511 per month for a buyer purchasing a $200,000 home with 10% down."""
src/lib/pseo-data.ts,2530,"question: ""How much down payment do I need for a $200,000 home?"","
src/lib/pseo-data.ts,2531,"answer: ""You can put as little as 3% down ($6,000) using a conventional loan or 3.5% with FHA financing. However, putting 20% down ($40,000) eliminates PMI and reduces your monthly payment by roughly $205/mo compared to the 10% scenario. FHA loans are common in this price range for buyers with lower credit scores or smaller savings."""
src/lib/pseo-data.ts,2539,"amount: 270000,"
src/lib/pseo-data.ts,2540,"rate: 6.8,"
src/lib/pseo-data.ts,2541,"term: 30,"
src/lib/pseo-data.ts,2543,"customTitle: ""How Much Income Do You Need for a $300,000 Home in 2026?"","
src/lib/pseo-data.ts,2544,"customDescription: ""What income do you need for a $300,000 house? See the minimum salary to qualify, full PITI with taxes and PMI, and how your debt load affects buying power."","
src/lib/pseo-data.ts,2545,"customH1: ""How Much Income Do You Need to Afford a $300,000 Home?"","
src/lib/pseo-data.ts,2546,"customIntro: ""The $300,000 price point sits near the national median, making it the most competed bracket in American housing. You will find this range in suburban starter neighborhoods outside cities like Columbus, Memphis, and Albuquerque — places where two teachers, two nurses, or an admin and a skilled tradesperson can stretch toward their first home together. With a 10% down payment of $30,000, the loan amount is $270,000 and the monthly P&I at 6.8% is $1,760."","
src/lib/pseo-data.ts,2548,"<h2>Minimum Income Required for a $300,000 House in 2026</h2>"
src/lib/pseo-data.ts,2549,"<p>Below are the three income scenarios for a $300,000 home purchase with 10% down ($30,000), producing a $270,000 loan at 6.8% over 30 years. Income requirements use the 28% front-end rule for housing and the 36% back-end rule when existing debt is included:</p>"
src/lib/pseo-data.ts,2563,"<td class=""py-3 px-4 text-sm"">$1,760</td>"
src/lib/pseo-data.ts,2564,"<td class=""py-3 px-4 text-sm"">~$75,000</td>"
src/lib/pseo-data.ts,2567,"<td class=""py-3 px-4 text-sm"">Full PITI (P&amp;I + tax $275 + insurance $100 + PMI $113)</td>"
src/lib/pseo-data.ts,2568,"<td class=""py-3 px-4 text-sm"">$2,248</td>"
src/lib/pseo-data.ts,2569,"<td class=""py-3 px-4 text-sm"">~$96,000</td>"
src/lib/pseo-data.ts,2572,"<td class=""py-3 px-4 text-sm"">Full PITI + $500/mo existing debt</td>"
src/lib/pseo-data.ts,2573,"<td class=""py-3 px-4 text-sm"">$2,748</td>"
src/lib/pseo-data.ts,2574,"<td class=""py-3 px-4 text-sm"">~$92,000</td>"
src/lib/pseo-data.ts,2580,"<p>Property tax is calculated at 1.1% of the $300,000 purchase price annually ($275/mo). PMI of $113/mo (0.5% of $270,000 loan) cancels once your equity reaches 20%. A dual-income household earning $48,000 each clears the $96,000 full PITI threshold. See the <a href=""/affordability-calculator"">affordability calculator</a> to model your specific tax rate and debts.</p>"
src/lib/pseo-data.ts,2582,"<h2>How Existing Debt Affects Your $300,000 House Qualification</h2>"
src/lib/pseo-data.ts,2583,"<p>The table below uses the $96,000 Full PITI required income as the salary baseline, then models how car loans, student loans, and credit card minimums reduce your available housing budget:</p>"
src/lib/pseo-data.ts,2591,"<th class=""py-3 px-4 font-bold text-sm"">Qualifies for $300k House?</th>"
src/lib/pseo-data.ts,2596,"<td class=""py-3 px-4 text-sm"">$0</td>"
src/lib/pseo-data.ts,2597,"<td class=""py-3 px-4 text-sm"">$2,240/mo</td>"
src/lib/pseo-data.ts,2601,"<td class=""py-3 px-4 text-sm"">$300/mo</td>"
src/lib/pseo-data.ts,2602,"<td class=""py-3 px-4 text-sm"">$2,580/mo</td>"
src/lib/pseo-data.ts,2606,"<td class=""py-3 px-4 text-sm"">$600/mo</td>"
src/lib/pseo-data.ts,2607,"<td class=""py-3 px-4 text-sm"">$2,280/mo</td>"
src/lib/pseo-data.ts,2611,"<td class=""py-3 px-4 text-sm"">$900/mo</td>"
src/lib/pseo-data.ts,2612,"<td class=""py-3 px-4 text-sm"">$1,980/mo</td>"
src/lib/pseo-data.ts,2620,"<p>Every dollar of additional down payment reduces both the loan balance and the monthly P&I. Reaching 20% down also eliminates PMI ($113/mo), which effectively lowers your required income further:</p>"
src/lib/pseo-data.ts,2635,"<td class=""py-3 px-4 text-sm"">3%</td>"
src/lib/pseo-data.ts,2636,"<td class=""py-3 px-4 text-sm"">$9,000</td>"
src/lib/pseo-data.ts,2637,"<td class=""py-3 px-4 text-sm"">$291,000</td>"
src/lib/pseo-data.ts,2638,"<td class=""py-3 px-4 text-sm"">$1,897</td>"
src/lib/pseo-data.ts,2639,"<td class=""py-3 px-4 text-sm"">~$81,000</td>"
src/lib/pseo-data.ts,2642,"<td class=""py-3 px-4 text-sm"">5%</td>"
src/lib/pseo-data.ts,2643,"<td class=""py-3 px-4 text-sm"">$15,000</td>"
src/lib/pseo-data.ts,2644,"<td class=""py-3 px-4 text-sm"">$285,000</td>"
src/lib/pseo-data.ts,2645,"<td class=""py-3 px-4 text-sm"">$1,858</td>"
src/lib/pseo-data.ts,2646,"<td class=""py-3 px-4 text-sm"">~$80,000</td>"
src/lib/pseo-data.ts,2649,"<td class=""py-3 px-4 text-sm"">10% (this page)</td>"
src/lib/pseo-data.ts,2650,"<td class=""py-3 px-4 text-sm"">$30,000</td>"
src/lib/pseo-data.ts,2651,"<td class=""py-3 px-4 text-sm"">$270,000</td>"
src/lib/pseo-data.ts,2652,"<td class=""py-3 px-4 text-sm"">$1,760</td>"
src/lib/pseo-data.ts,2653,"<td class=""py-3 px-4 text-sm"">~$75,000</td>"
src/lib/pseo-data.ts,2656,"<td class=""py-3 px-4 text-sm"">20% — no PMI</td>"
src/lib/pseo-data.ts,2657,"<td class=""py-3 px-4 text-sm"">$60,000</td>"
src/lib/pseo-data.ts,2658,"<td class=""py-3 px-4 text-sm"">$240,000</td>"
src/lib/pseo-data.ts,2659,"<td class=""py-3 px-4 text-sm"">$1,565</td>"
src/lib/pseo-data.ts,2660,"<td class=""py-3 px-4 text-sm"">~$67,000</td>"
src/lib/pseo-data.ts,2666,"<p>Moving from 10% to 20% down reduces the P&I by $195/mo and eliminates the $113/mo PMI — a total monthly reduction of $308 and a required income drop from ~$96,000 to roughly $83,000 when full PITI is considered.</p>"
src/lib/pseo-data.ts,2673,"<li>See the exact monthly payment breakdown on the <a href=""/calculator/300k-mortgage-monthly-payment-6-percent"">$300,000 mortgage monthly payment page</a>.</li>"
src/lib/pseo-data.ts,2674,"<li>If you earn around $90,000, see <a href=""/calculator/how-much-house-can-i-afford-90k-salary"">how much house a $90k salary can afford</a> — or compare to a <a href=""/calculator/how-much-house-can-i-afford-100k-salary"">$100k salary affordability analysis</a>.</li>"
src/lib/pseo-data.ts,2694,"question: ""What income do I need for a $300,000 house?"","
src/lib/pseo-data.ts,2695,"answer: ""With 10% down and a $270,000 loan at 6.8%, you need approximately $75,000 to cover principal and interest under the 28% rule, or around $96,000 when property tax, homeowners insurance, and PMI are factored in. A dual-income household earning $48,000 each meets that threshold comfortably."""
src/lib/pseo-data.ts,2698,"question: ""Can I afford a $300,000 home on a single income?"","
src/lib/pseo-data.ts,2699,"answer: ""It depends on your salary. A single earner making $96,000 or more can qualify on a full PITI basis. At $75,000, you may qualify if you have minimal existing debts and the lender uses the P&I-only front-end calculation. In many Midwest and Southern markets, $75,000–$96,000 is achievable for skilled professionals such as nurses, engineers, or government employees."""
src/lib/pseo-data.ts,2702,"question: ""What is the monthly PITI on a $300,000 house with 10% down?"","
src/lib/pseo-data.ts,2703,"answer: ""The full PITI payment on a $300,000 purchase with 10% down at 6.8% over 30 years is approximately $2,248 per month: $1,760 principal and interest, $275 property tax (1.1% annual rate), $100 homeowners insurance, and $113 PMI. PMI will drop once you accumulate 20% equity."""
src/lib/pseo-data.ts,2706,"question: ""How much is the monthly payment on a $270,000 mortgage at 6.8%?"","
src/lib/pseo-data.ts,2707,"answer: ""The monthly principal and interest payment on a $270,000 mortgage at 6.8% over 30 years is $1,760. Over the life of the loan, you will pay approximately $363,600 in total interest in addition to repaying the $270,000 principal."""
src/lib/pseo-data.ts,2715,"amount: 360000,"
src/lib/pseo-data.ts,2716,"rate: 6.8,"
src/lib/pseo-data.ts,2717,"term: 30,"
src/lib/pseo-data.ts,2719,"customTitle: ""What Annual Income Do You Need for a $400,000 House in 2026?"","
src/lib/pseo-data.ts,2720,"customDescription: ""What income do you need for a $400,000 house? See the minimum salary to qualify, full PITI breakdown, and how debt affects your buying power at 6.8% in 2026."","
src/lib/pseo-data.ts,2721,"customH1: ""What Annual Salary Is Required for a $400,000 House?"","
src/lib/pseo-data.ts,2722,"customIntro: ""At $400,000, you are in the mid-range suburban sweet spot — the kind of four-bedroom, two-bath home that is the standard upgrade purchase in fast-growing metros like Charlotte, Nashville, or the Phoenix suburbs. Buyers in this bracket are typically established professionals, often dual-income households with combined earnings in the $120k–$150k range. The 10% down loan of $360,000 carries a monthly P&I of $2,347 at 6.8%."","
src/lib/pseo-data.ts,2724,"<h2>Minimum Income Required for a $400,000 House in 2026</h2>"
src/lib/pseo-data.ts,2725,"<p>The scenarios below assume 10% down ($40,000) on a $400,000 purchase, producing a $360,000 loan at 6.8% over 30 years. Income thresholds use the 28% front-end rule for housing and 36% back-end for total debt:</p>"
src/lib/pseo-data.ts,2739,"<td class=""py-3 px-4 text-sm"">$2,347</td>"
src/lib/pseo-data.ts,2740,"<td class=""py-3 px-4 text-sm"">~$101,000</td>"
src/lib/pseo-data.ts,2743,"<td class=""py-3 px-4 text-sm"">Full PITI (P&amp;I + tax $367 + insurance $120 + PMI $150)</td>"
src/lib/pseo-data.ts,2744,"<td class=""py-3 px-4 text-sm"">$2,984</td>"
src/lib/pseo-data.ts,2745,"<td class=""py-3 px-4 text-sm"">~$128,000</td>"
src/lib/pseo-data.ts,2748,"<td class=""py-3 px-4 text-sm"">Full PITI + $500/mo existing debt</td>"
src/lib/pseo-data.ts,2749,"<td class=""py-3 px-4 text-sm"">$3,484</td>"
src/lib/pseo-data.ts,2750,"<td class=""py-3 px-4 text-sm"">~$116,000</td>"
src/lib/pseo-data.ts,2756,"<p>Property tax is estimated at 1.1% of the $400,000 purchase price annually ($367/mo). PMI of $150/mo (0.5% of $360,000 loan annually) cancels once you reach 20% equity. A two-income household with a combined $128,000 clears the full PITI threshold. Use the <a href=""/affordability-calculator"">affordability calculator</a> for a figure tailored to your local tax rate.</p>"
src/lib/pseo-data.ts,2758,"<h2>How Existing Debt Affects Your $400,000 House Qualification</h2>"
src/lib/pseo-data.ts,2759,"<p>At the $128,000 baseline income, here is how different levels of existing monthly debt affect the maximum housing budget available to you — and whether a $400,000 house fits:</p>"
src/lib/pseo-data.ts,2767,"<th class=""py-3 px-4 font-bold text-sm"">Qualifies for $400k House?</th>"
src/lib/pseo-data.ts,2772,"<td class=""py-3 px-4 text-sm"">$0</td>"
src/lib/pseo-data.ts,2773,"<td class=""py-3 px-4 text-sm"">$2,987/mo</td>"
src/lib/pseo-data.ts,2777,"<td class=""py-3 px-4 text-sm"">$300/mo</td>"
src/lib/pseo-data.ts,2778,"<td class=""py-3 px-4 text-sm"">$3,540/mo</td>"
src/lib/pseo-data.ts,2782,"<td class=""py-3 px-4 text-sm"">$600/mo</td>"
src/lib/pseo-data.ts,2783,"<td class=""py-3 px-4 text-sm"">$3,240/mo</td>"
src/lib/pseo-data.ts,2787,"<td class=""py-3 px-4 text-sm"">$900/mo</td>"
src/lib/pseo-data.ts,2788,"<td class=""py-3 px-4 text-sm"">$2,940/mo</td>"
src/lib/pseo-data.ts,2796,"<p>Saving more before buying reduces your monthly obligation at every level. At 20% down on a $400,000 home, PMI disappears and the loan shrinks by $40,000 compared to 10% down:</p>"
src/lib/pseo-data.ts,2811,"<td class=""py-3 px-4 text-sm"">3%</td>"
src/lib/pseo-data.ts,2812,"<td class=""py-3 px-4 text-sm"">$12,000</td>"
src/lib/pseo-data.ts,2813,"<td class=""py-3 px-4 text-sm"">$388,000</td>"
src/lib/pseo-data.ts,2814,"<td class=""py-3 px-4 text-sm"">$2,529</td>"
src/lib/pseo-data.ts,2815,"<td class=""py-3 px-4 text-sm"">~$108,000</td>"
src/lib/pseo-data.ts,2818,"<td class=""py-3 px-4 text-sm"">5%</td>"
src/lib/pseo-data.ts,2819,"<td class=""py-3 px-4 text-sm"">$20,000</td>"
src/lib/pseo-data.ts,2820,"<td class=""py-3 px-4 text-sm"">$380,000</td>"
src/lib/pseo-data.ts,2821,"<td class=""py-3 px-4 text-sm"">$2,477</td>"
src/lib/pseo-data.ts,2822,"<td class=""py-3 px-4 text-sm"">~$106,000</td>"
src/lib/pseo-data.ts,2825,"<td class=""py-3 px-4 text-sm"">10% (this page)</td>"
src/lib/pseo-data.ts,2826,"<td class=""py-3 px-4 text-sm"">$40,000</td>"
src/lib/pseo-data.ts,2827,"<td class=""py-3 px-4 text-sm"">$360,000</td>"
src/lib/pseo-data.ts,2828,"<td class=""py-3 px-4 text-sm"">$2,347</td>"
src/lib/pseo-data.ts,2829,"<td class=""py-3 px-4 text-sm"">~$101,000</td>"
src/lib/pseo-data.ts,2832,"<td class=""py-3 px-4 text-sm"">20% — no PMI</td>"
src/lib/pseo-data.ts,2833,"<td class=""py-3 px-4 text-sm"">$80,000</td>"
src/lib/pseo-data.ts,2834,"<td class=""py-3 px-4 text-sm"">$320,000</td>"
src/lib/pseo-data.ts,2835,"<td class=""py-3 px-4 text-sm"">$2,086</td>"
src/lib/pseo-data.ts,2836,"<td class=""py-3 px-4 text-sm"">~$89,000</td>"
src/lib/pseo-data.ts,2842,<p>Going from 10% to 20% down reduces P&I by $261/mo and eliminates $150/mo in PMI — a total monthly saving of $411 that materially lowers both the payment and the income required to qualify.</p>
src/lib/pseo-data.ts,2845,"<p>At the $400,000 price point, lenders scrutinize the full picture: credit score (generally 680+ preferred for conventional loans at these amounts), total debt-to-income across housing and all other obligations, and the source of the down payment funds (lenders verify that gift funds are documented and that the down payment is not itself borrowed). Employment history of two years in the same industry is standard; recent promotions are fine, but a switch to a new field can raise questions.</p>"
src/lib/pseo-data.ts,2849,"<li>For a full payment table at a similar loan amount, see the <a href=""/calculator/400k-mortgage-monthly-payment-4-percent"">$400,000 mortgage monthly payment page</a>.</li>"
src/lib/pseo-data.ts,2850,"<li>If you earn $100,000, see <a href=""/calculator/how-much-house-can-i-afford-100k-salary"">how much house a $100k salary can afford</a> — and compare with the income required here to understand the gap.</li>"
src/lib/pseo-data.ts,2870,"question: ""What income do I need for a $400,000 house?"","
src/lib/pseo-data.ts,2871,"answer: ""With 10% down and a $360,000 loan at 6.8%, you need approximately $101,000 to cover P&I under the 28% rule, or around $128,000 when property tax, homeowners insurance, and PMI are included. A household earning $128,000 combined — for example, two earners at $64,000 each — meets the full PITI threshold."""
src/lib/pseo-data.ts,2874,"question: ""Can I afford a $400k house on $100,000 salary?"","
src/lib/pseo-data.ts,2875,"answer: ""At $100,000, your maximum housing budget under the 28% rule is about $2,333/mo. The full PITI on a $400,000 home with 10% down is $2,984 — above that threshold. However, with a larger down payment or lower debts, some lenders may approve the loan at $100,000 income. A 20% down payment drops the full PITI (without PMI) closer to $2,720, which may be workable if your debt profile is clean."""
src/lib/pseo-data.ts,2878,"question: ""How much do I need down for a $400,000 home?"","
src/lib/pseo-data.ts,2879,"answer: ""You can purchase with as little as 3% down ($12,000) using conventional financing, though PMI will add $194/mo at that level. A 10% down payment ($40,000) is the standard assumption on this page. Putting 20% down ($80,000) eliminates PMI entirely and reduces the required income from $128,000 to approximately $113,000 for full PITI qualification."""
src/lib/pseo-data.ts,2882,"question: ""What is the monthly payment on a $400k house at 6.8%?"","
src/lib/pseo-data.ts,2883,"answer: ""The monthly principal and interest on a $360,000 loan (10% down on a $400,000 home) at 6.8% over 30 years is $2,347. Adding property tax ($367/mo at 1.1% of $400,000), homeowners insurance ($120/mo), and PMI ($150/mo) brings the full PITI to $2,984 per month."""
src/lib/pseo-data.ts,2891,"amount: 450000,"
src/lib/pseo-data.ts,2892,"rate: 6.8,"
src/lib/pseo-data.ts,2893,"term: 30,"
src/lib/pseo-data.ts,2895,"customTitle: ""What Income Is Required to Buy a $500,000 House in 2026?"","
src/lib/pseo-data.ts,2896,"customDescription: ""Buying a $500,000 home takes strong income. See the salary to qualify, full PITI including taxes and PMI, and a down payment impact analysis for 2026."","
src/lib/pseo-data.ts,2897,"customH1: ""What Income Do You Need for a $500,000 House?"","
src/lib/pseo-data.ts,2898,"customIntro: ""A $500,000 home sits at the lower end of mid-tier coastal and Sun Belt markets — within reach in Denver exurbs, Austin suburbs, and secondary cities on the East Coast like Raleigh or Richmond. Buyers at this price point typically have strong dual incomes, 700+ credit scores, and have been saving seriously for several years. With 10% down ($50,000), the resulting $450,000 loan at 6.8% carries a monthly P&I of $2,934 — and most lenders want to see a household income of at least $150,000 to cover the full PITI comfortably."","
src/lib/pseo-data.ts,2900,"<h2>Minimum Income Required for a $500,000 House in 2026</h2>"
src/lib/pseo-data.ts,2901,"<p>These figures assume 10% down ($50,000) on a $500,000 purchase, creating a $450,000 loan at 6.8% over 30 years. Income requirements follow the 28% front-end and 36% back-end qualifying ratios:</p>"
src/lib/pseo-data.ts,2915,"<td class=""py-3 px-4 text-sm"">$2,934</td>"
src/lib/pseo-data.ts,2916,"<td class=""py-3 px-4 text-sm"">~$126,000</td>"
src/lib/pseo-data.ts,2919,"<td class=""py-3 px-4 text-sm"">Full PITI (P&amp;I + tax $458 + insurance $140 + PMI $188)</td>"
src/lib/pseo-data.ts,2920,"<td class=""py-3 px-4 text-sm"">$3,720</td>"
src/lib/pseo-data.ts,2921,"<td class=""py-3 px-4 text-sm"">~$159,000</td>"
src/lib/pseo-data.ts,2924,"<td class=""py-3 px-4 text-sm"">Full PITI + $500/mo existing debt</td>"
src/lib/pseo-data.ts,2925,"<td class=""py-3 px-4 text-sm"">$4,220</td>"
src/lib/pseo-data.ts,2926,"<td class=""py-3 px-4 text-sm"">~$141,000</td>"
src/lib/pseo-data.ts,2932,"<p>Property tax is estimated at 1.1% of the $500,000 purchase price ($458/mo). PMI at 0.5% of the $450,000 loan adds $188/mo and cancels at 20% equity. Buyers in lower-tax states can reduce the full PITI by $150–$200/mo by choosing markets with sub-0.8% property tax rates. The <a href=""/affordability-calculator"">affordability calculator</a> lets you enter your actual local tax rate.</p>"
src/lib/pseo-data.ts,2934,"<h2>How Existing Debt Affects Your $500,000 House Qualification</h2>"
src/lib/pseo-data.ts,2935,"<p>At a $159,000 baseline income, the 36% back-end ratio allows substantial total debt — meaning moderate existing obligations still leave room for this mortgage:</p>"
src/lib/pseo-data.ts,2943,"<th class=""py-3 px-4 font-bold text-sm"">Qualifies for $500k House?</th>"
src/lib/pseo-data.ts,2948,"<td class=""py-3 px-4 text-sm"">$0</td>"
src/lib/pseo-data.ts,2949,"<td class=""py-3 px-4 text-sm"">$3,710/mo</td>"
src/lib/pseo-data.ts,2953,"<td class=""py-3 px-4 text-sm"">$300/mo</td>"
src/lib/pseo-data.ts,2954,"<td class=""py-3 px-4 text-sm"">$4,470/mo</td>"
src/lib/pseo-data.ts,2958,"<td class=""py-3 px-4 text-sm"">$600/mo</td>"
src/lib/pseo-data.ts,2959,"<td class=""py-3 px-4 text-sm"">$4,170/mo</td>"
src/lib/pseo-data.ts,2963,"<td class=""py-3 px-4 text-sm"">$900/mo</td>"
src/lib/pseo-data.ts,2964,"<td class=""py-3 px-4 text-sm"">$3,870/mo</td>"
src/lib/pseo-data.ts,2972,"<p>Increasing the down payment from 10% to 20% on a $500,000 home eliminates $188/mo in PMI and cuts the P&I by $326/mo — lowering the income required by roughly $22,000 annually:</p>"
src/lib/pseo-data.ts,2987,"<td class=""py-3 px-4 text-sm"">3%</td>"
src/lib/pseo-data.ts,2988,"<td class=""py-3 px-4 text-sm"">$15,000</td>"
src/lib/pseo-data.ts,2989,"<td class=""py-3 px-4 text-sm"">$485,000</td>"
src/lib/pseo-data.ts,2990,"<td class=""py-3 px-4 text-sm"">$3,162</td>"
src/lib/pseo-data.ts,2991,"<td class=""py-3 px-4 text-sm"">~$136,000</td>"
src/lib/pseo-data.ts,2994,"<td class=""py-3 px-4 text-sm"">5%</td>"
src/lib/pseo-data.ts,2995,"<td class=""py-3 px-4 text-sm"">$25,000</td>"
src/lib/pseo-data.ts,2996,"<td class=""py-3 px-4 text-sm"">$475,000</td>"
src/lib/pseo-data.ts,2997,"<td class=""py-3 px-4 text-sm"">$3,097</td>"
src/lib/pseo-data.ts,2998,"<td class=""py-3 px-4 text-sm"">~$133,000</td>"
src/lib/pseo-data.ts,3001,"<td class=""py-3 px-4 text-sm"">10% (this page)</td>"
src/lib/pseo-data.ts,3002,"<td class=""py-3 px-4 text-sm"">$50,000</td>"
src/lib/pseo-data.ts,3003,"<td class=""py-3 px-4 text-sm"">$450,000</td>"
src/lib/pseo-data.ts,3004,"<td class=""py-3 px-4 text-sm"">$2,934</td>"
src/lib/pseo-data.ts,3005,"<td class=""py-3 px-4 text-sm"">~$126,000</td>"
src/lib/pseo-data.ts,3008,"<td class=""py-3 px-4 text-sm"">20% — no PMI</td>"
src/lib/pseo-data.ts,3009,"<td class=""py-3 px-4 text-sm"">$100,000</td>"
src/lib/pseo-data.ts,3010,"<td class=""py-3 px-4 text-sm"">$400,000</td>"
src/lib/pseo-data.ts,3011,"<td class=""py-3 px-4 text-sm"">$2,608</td>"
src/lib/pseo-data.ts,3012,"<td class=""py-3 px-4 text-sm"">~$112,000</td>"
src/lib/pseo-data.ts,3018,"<p>Buyers who can put 20% down reduce the required income from $159,000 (full PITI with PMI) to approximately $138,000 (full PITI without PMI) — a meaningful difference in how many households qualify.</p>"
src/lib/pseo-data.ts,3021,"<p>At the $500,000 price point, underwriting standards tighten slightly: most lenders prefer a 700+ credit score for conventional loans at this amount, and the full debt-to-income picture is examined closely, including student loans at their full monthly payment even if on income-based repayment plans. Self-employed buyers should expect to provide two years of tax returns, as variable income is averaged rather than taken at face value, which can meaningfully reduce the qualifying income used in the calculation.</p>"
src/lib/pseo-data.ts,3025,"<li>For monthly payment details on a similar loan, see the <a href=""/calculator/700k-mortgage-monthly-payment-7-percent"">$700,000 mortgage monthly payment page</a>.</li>"
src/lib/pseo-data.ts,3026,"<li>See <a href=""/calculator/how-much-house-can-i-afford-100k-salary"">how much house a $100k salary can afford</a> to understand the gap between $100k income and the $159k required here.</li>"
src/lib/pseo-data.ts,3046,"question: ""What income do I need for a $500,000 house?"","
src/lib/pseo-data.ts,3047,"answer: ""With 10% down and a $450,000 loan at 6.8%, the P&I-only income requirement is approximately $126,000 under the 28% rule. Including property tax, insurance, and PMI, the full PITI of $3,720/mo requires around $159,000 annually. A 20% down payment reduces the full PITI (without PMI) and lowers the income requirement to approximately $138,000."""
src/lib/pseo-data.ts,3050,"question: ""Is $150,000 enough to qualify for a $500,000 house?"","
src/lib/pseo-data.ts,3051,"answer: ""At $150,000 income, your 28% housing budget is $3,500/mo — slightly below the full PITI of $3,720 with 10% down. You would likely need a larger down payment, lower debts, or a co-borrower to qualify comfortably. With 20% down ($100,000), the payment drops to approximately $3,370 including taxes and insurance (no PMI), which fits more cleanly within a $150,000 income."""
src/lib/pseo-data.ts,3054,"question: ""What is the monthly payment on a $450,000 mortgage at 6.8%?"","
src/lib/pseo-data.ts,3055,"answer: ""The monthly principal and interest on a $450,000 mortgage at 6.8% over 30 years is $2,934. Adding property tax ($458/mo at 1.1% of a $500,000 home), homeowners insurance ($140/mo), and PMI ($188/mo for 10% down) brings the full PITI to $3,720 per month."""
src/lib/pseo-data.ts,3058,"question: ""How much down payment do I need for a $500k home?"","
src/lib/pseo-data.ts,3059,"answer: ""Conventional financing allows as little as 3% down ($15,000), though at that level PMI adds $202/mo and the loan amount of $485,000 pushes the income requirement to ~$136,000 for P&I alone. The standard assumption here is 10% ($50,000). A 20% down payment ($100,000) eliminates PMI and substantially lowers both the monthly payment and the required income to qualify."""
src/lib/pseo-data.ts,3067,"amount: 540000,"
src/lib/pseo-data.ts,3068,"rate: 6.8,"
src/lib/pseo-data.ts,3069,"term: 30,"
src/lib/pseo-data.ts,3071,"customTitle: ""What Salary Do You Need to Afford a $600,000 Home in 2026?"","
src/lib/pseo-data.ts,3072,"customDescription: ""What income do you need for a $600,000 house? See the exact salary, full PITI including taxes and PMI, how debts affect your DTI, and down payment options for 2026."","
src/lib/pseo-data.ts,3073,"customH1: ""How Much Do You Need to Earn to Buy a $600,000 Home?"","
src/lib/pseo-data.ts,3074,"customIntro: ""Six hundred thousand dollars puts you squarely in coastal secondary city territory — Portland, San Diego suburbs, Salt Lake City, or the outer ring of the Seattle metro. Buyers here are typically high earners: software engineers, physicians, senior managers, or dual-income households with each partner earning $80,000–$100,000. At this price point, many buyers aim for 20% or more down to avoid PMI and keep the monthly cost manageable — the 10% down scenario shown here requires a household income approaching $190,000."","
src/lib/pseo-data.ts,3076,"<h2>Minimum Income Required for a $600,000 House in 2026</h2>"
src/lib/pseo-data.ts,3077,"<p>The calculations below assume 10% down ($60,000) on a $600,000 purchase, producing a $540,000 loan at 6.8% over 30 years. Income thresholds use the 28% front-end and 36% back-end qualifying ratios used by most conventional lenders:</p>"
src/lib/pseo-data.ts,3091,"<td class=""py-3 px-4 text-sm"">$3,520</td>"
src/lib/pseo-data.ts,3092,"<td class=""py-3 px-4 text-sm"">~$151,000</td>"
src/lib/pseo-data.ts,3095,"<td class=""py-3 px-4 text-sm"">Full PITI (P&amp;I + tax $550 + insurance $150 + PMI $225)</td>"
src/lib/pseo-data.ts,3096,"<td class=""py-3 px-4 text-sm"">$4,445</td>"
src/lib/pseo-data.ts,3097,"<td class=""py-3 px-4 text-sm"">~$191,000</td>"
src/lib/pseo-data.ts,3100,"<td class=""py-3 px-4 text-sm"">Full PITI + $500/mo existing debt</td>"
src/lib/pseo-data.ts,3101,"<td class=""py-3 px-4 text-sm"">$4,945</td>"
src/lib/pseo-data.ts,3102,"<td class=""py-3 px-4 text-sm"">~$165,000</td>"
src/lib/pseo-data.ts,3108,"<p>Property tax uses 1.1% of the $600,000 purchase price ($550/mo). PMI at 0.5% of the $540,000 loan adds $225/mo and cancels at 20% equity — at which point your monthly obligation drops by $225 automatically. A two-income household with $95,500 each meets the $191,000 threshold. Use the <a href=""/mortgage-calculator"">mortgage calculator</a> to see how a 15-year term dramatically cuts total interest.</p>"
src/lib/pseo-data.ts,3110,"<h2>How Existing Debt Affects Your $600,000 House Qualification</h2>"
src/lib/pseo-data.ts,3111,"<p>At the $191,000 baseline income, the 36% back-end ceiling is generous — meaning moderate existing debts still leave significant room for housing. The impact is less severe than at lower price points:</p>"
src/lib/pseo-data.ts,3119,"<th class=""py-3 px-4 font-bold text-sm"">Qualifies for $600k House?</th>"
src/lib/pseo-data.ts,3124,"<td class=""py-3 px-4 text-sm"">$0</td>"
src/lib/pseo-data.ts,3125,"<td class=""py-3 px-4 text-sm"">$4,457/mo</td>"
src/lib/pseo-data.ts,3129,"<td class=""py-3 px-4 text-sm"">$300/mo</td>"
src/lib/pseo-data.ts,3130,"<td class=""py-3 px-4 text-sm"">$5,430/mo</td>"
src/lib/pseo-data.ts,3134,"<td class=""py-3 px-4 text-sm"">$600/mo</td>"
src/lib/pseo-data.ts,3135,"<td class=""py-3 px-4 text-sm"">$5,130/mo</td>"
src/lib/pseo-data.ts,3139,"<td class=""py-3 px-4 text-sm"">$900/mo</td>"
src/lib/pseo-data.ts,3140,"<td class=""py-3 px-4 text-sm"">$4,830/mo</td>"
src/lib/pseo-data.ts,3148,"<p>Buyers in this bracket often put 20% or more down to eliminate PMI and reduce the income hurdle. Going from 10% to 20% on a $600,000 home saves $225/mo in PMI plus $391/mo in lower P&I — a combined monthly saving of $616:</p>"
src/lib/pseo-data.ts,3163,"<td class=""py-3 px-4 text-sm"">3%</td>"
src/lib/pseo-data.ts,3164,"<td class=""py-3 px-4 text-sm"">$18,000</td>"
src/lib/pseo-data.ts,3165,"<td class=""py-3 px-4 text-sm"">$582,000</td>"
src/lib/pseo-data.ts,3166,"<td class=""py-3 px-4 text-sm"">$3,794</td>"
src/lib/pseo-data.ts,3167,"<td class=""py-3 px-4 text-sm"">~$163,000</td>"
src/lib/pseo-data.ts,3170,"<td class=""py-3 px-4 text-sm"">5%</td>"
src/lib/pseo-data.ts,3171,"<td class=""py-3 px-4 text-sm"">$30,000</td>"
src/lib/pseo-data.ts,3172,"<td class=""py-3 px-4 text-sm"">$570,000</td>"
src/lib/pseo-data.ts,3173,"<td class=""py-3 px-4 text-sm"">$3,716</td>"
src/lib/pseo-data.ts,3174,"<td class=""py-3 px-4 text-sm"">~$159,000</td>"
src/lib/pseo-data.ts,3177,"<td class=""py-3 px-4 text-sm"">10% (this page)</td>"
src/lib/pseo-data.ts,3178,"<td class=""py-3 px-4 text-sm"">$60,000</td>"
src/lib/pseo-data.ts,3179,"<td class=""py-3 px-4 text-sm"">$540,000</td>"
src/lib/pseo-data.ts,3180,"<td class=""py-3 px-4 text-sm"">$3,520</td>"
src/lib/pseo-data.ts,3181,"<td class=""py-3 px-4 text-sm"">~$151,000</td>"
src/lib/pseo-data.ts,3184,"<td class=""py-3 px-4 text-sm"">20% — no PMI</td>"
src/lib/pseo-data.ts,3185,"<td class=""py-3 px-4 text-sm"">$120,000</td>"
src/lib/pseo-data.ts,3186,"<td class=""py-3 px-4 text-sm"">$480,000</td>"
src/lib/pseo-data.ts,3187,"<td class=""py-3 px-4 text-sm"">$3,129</td>"
src/lib/pseo-data.ts,3188,"<td class=""py-3 px-4 text-sm"">~$134,000</td>"
src/lib/pseo-data.ts,3194,"<p>With 20% down, the full PITI (P&I $3,129 + tax $550 + insurance $150 = $3,829, no PMI) requires approximately $164,000 annually — meaningfully lower than the $191,000 needed at 10% down.</p>"
src/lib/pseo-data.ts,3201,"<li>See the full payment table on the <a href=""/calculator/700k-mortgage-monthly-payment-7-percent"">$700,000 mortgage monthly payment page</a>.</li>"
src/lib/pseo-data.ts,3202,"<li>Compare with <a href=""/calculator/how-much-house-can-i-afford-100k-salary"">how much house a $100k salary can afford</a> to see how far below this price range that income falls.</li>"
src/lib/pseo-data.ts,3222,"question: ""What income do I need for a $600,000 house?"","
src/lib/pseo-data.ts,3223,"answer: ""With 10% down and a $540,000 loan at 6.8%, you need approximately $151,000 to cover P&I under the 28% rule, or around $191,000 when property tax ($550/mo), homeowners insurance ($150/mo), and PMI ($225/mo) are included. A 20% down payment eliminates PMI and reduces the full PITI income requirement to approximately $164,000."""
src/lib/pseo-data.ts,3226,"question: ""Can a dual income of $95,000 each afford a $600,000 home?"","
src/lib/pseo-data.ts,3227,"answer: ""A combined income of $190,000 is very close to the $191,000 full PITI threshold for a $600,000 home with 10% down. You would qualify on income, though it leaves a tight margin. Bringing a 20% down payment ($120,000) would comfortably put the required income at ~$164,000 — well within a $190,000 combined income — and eliminate the $225/mo PMI."""
src/lib/pseo-data.ts,3230,"question: ""What is the monthly payment on a $600,000 house at 6.8%?"","
src/lib/pseo-data.ts,3231,"answer: ""With 10% down ($60,000), the $540,000 loan at 6.8% over 30 years has a monthly P&I of $3,520. Adding property tax ($550/mo), homeowners insurance ($150/mo), and PMI ($225/mo) brings the total PITI to $4,445 per month. PMI cancels once you reach 20% equity, reducing the ongoing cost to $4,220."""
src/lib/pseo-data.ts,3234,"question: ""Does putting 20% down help qualify for a $600k mortgage?"","
src/lib/pseo-data.ts,3235,"answer: ""Significantly. At 20% down ($120,000), the loan drops to $480,000, P&I falls to $3,129/mo, and PMI of $225/mo disappears entirely. The full PITI becomes approximately $3,829 instead of $4,445 — reducing the required annual income from $191,000 to roughly $164,000 and making qualification accessible to a broader range of dual-income households."""
src/lib/pseo-data.ts,3243,"amount: 630000,"
src/lib/pseo-data.ts,3244,"rate: 6.8,"
src/lib/pseo-data.ts,3245,"term: 30,"
src/lib/pseo-data.ts,3247,"customTitle: ""What Income Do Lenders Require for a $700,000 House in 2026?"","
src/lib/pseo-data.ts,3248,"customDescription: ""Buying a $700,000 home puts you in a top income bracket. See the salary needed to qualify, full PITI with PMI, debt impact table, and down payment scenarios."","
src/lib/pseo-data.ts,3249,"customH1: ""What Income Does a $700,000 House Actually Require?"","
src/lib/pseo-data.ts,3250,"customIntro: ""Seven hundred thousand dollars is executive-buyer territory — this price range covers larger homes in premium suburbs of Boston, Washington DC, or the Chicago North Shore, and entry-level properties in coastal California or Seattle proper. Buyers typically come from the top 10–15% of household incomes, often with stock compensation, bonuses, or business income supplementing base salary. With 10% down ($70,000), the $630,000 loan at 6.8% carries a monthly P&I of $4,107, and the full PITI approaches $5,172 — putting the income threshold at $222,000."","
src/lib/pseo-data.ts,3252,"<h2>Minimum Income Required for a $700,000 House in 2026</h2>"
src/lib/pseo-data.ts,3253,"<p>The figures below assume 10% down ($70,000) on a $700,000 purchase, creating a $630,000 loan at 6.8% over 30 years. Income thresholds use the 28% front-end and 36% back-end qualifying ratios:</p>"
src/lib/pseo-data.ts,3267,"<td class=""py-3 px-4 text-sm"">$4,107</td>"
src/lib/pseo-data.ts,3268,"<td class=""py-3 px-4 text-sm"">~$176,000</td>"
src/lib/pseo-data.ts,3271,"<td class=""py-3 px-4 text-sm"">Full PITI (P&amp;I + tax $642 + insurance $160 + PMI $263)</td>"
src/lib/pseo-data.ts,3272,"<td class=""py-3 px-4 text-sm"">$5,172</td>"
src/lib/pseo-data.ts,3273,"<td class=""py-3 px-4 text-sm"">~$222,000</td>"
src/lib/pseo-data.ts,3276,"<td class=""py-3 px-4 text-sm"">Full PITI + $500/mo existing debt</td>"
src/lib/pseo-data.ts,3277,"<td class=""py-3 px-4 text-sm"">$5,672</td>"
src/lib/pseo-data.ts,3278,"<td class=""py-3 px-4 text-sm"">~$189,000</td>"
src/lib/pseo-data.ts,3284,"<p>Property tax uses 1.1% of the $700,000 purchase price ($642/mo). PMI of $263/mo (0.5% of the $630,000 loan annually) cancels at 20% equity. In high-tax states like New Jersey or Illinois, the property tax component alone could add $400–$600/mo above the estimate here — use the <a href=""/affordability-calculator"">affordability calculator</a> to enter your local rate. Most buyers at this price point aim for at least 20% down to eliminate PMI and bring the payment below $5,000/mo.</p>"
src/lib/pseo-data.ts,3286,"<h2>How Existing Debt Affects Your $700,000 House Qualification</h2>"
src/lib/pseo-data.ts,3287,"<p>With a $222,000 baseline income, the 36% back-end ceiling is very high — even substantial existing debts leave enough room to cover the PITI. This is one reason buyers in this income range often carry more leverage without it derailing approval:</p>"
src/lib/pseo-data.ts,3295,"<th class=""py-3 px-4 font-bold text-sm"">Qualifies for $700k House?</th>"
src/lib/pseo-data.ts,3300,"<td class=""py-3 px-4 text-sm"">$0</td>"
src/lib/pseo-data.ts,3301,"<td class=""py-3 px-4 text-sm"">$5,180/mo</td>"
src/lib/pseo-data.ts,3305,"<td class=""py-3 px-4 text-sm"">$300/mo</td>"
src/lib/pseo-data.ts,3306,"<td class=""py-3 px-4 text-sm"">$6,360/mo</td>"
src/lib/pseo-data.ts,3310,"<td class=""py-3 px-4 text-sm"">$600/mo</td>"
src/lib/pseo-data.ts,3311,"<td class=""py-3 px-4 text-sm"">$6,060/mo</td>"
src/lib/pseo-data.ts,3315,"<td class=""py-3 px-4 text-sm"">$900/mo</td>"
src/lib/pseo-data.ts,3316,"<td class=""py-3 px-4 text-sm"">$5,760/mo</td>"
src/lib/pseo-data.ts,3324,"<p>Buyers at this level often bring 20% or more down, both to avoid PMI and to reduce the monthly payment to a level that clears underwriting without requiring the top-of-range income. The full PITI income required drops by approximately $27,000 when moving from 10% to 20% down:</p>"
src/lib/pseo-data.ts,3339,"<td class=""py-3 px-4 text-sm"">3%</td>"
src/lib/pseo-data.ts,3340,"<td class=""py-3 px-4 text-sm"">$21,000</td>"
src/lib/pseo-data.ts,3341,"<td class=""py-3 px-4 text-sm"">$679,000</td>"
src/lib/pseo-data.ts,3342,"<td class=""py-3 px-4 text-sm"">$4,427</td>"
src/lib/pseo-data.ts,3343,"<td class=""py-3 px-4 text-sm"">~$190,000</td>"
src/lib/pseo-data.ts,3346,"<td class=""py-3 px-4 text-sm"">5%</td>"
src/lib/pseo-data.ts,3347,"<td class=""py-3 px-4 text-sm"">$35,000</td>"
src/lib/pseo-data.ts,3348,"<td class=""py-3 px-4 text-sm"">$665,000</td>"
src/lib/pseo-data.ts,3349,"<td class=""py-3 px-4 text-sm"">$4,335</td>"
src/lib/pseo-data.ts,3350,"<td class=""py-3 px-4 text-sm"">~$186,000</td>"
src/lib/pseo-data.ts,3353,"<td class=""py-3 px-4 text-sm"">10% (this page)</td>"
src/lib/pseo-data.ts,3354,"<td class=""py-3 px-4 text-sm"">$70,000</td>"
src/lib/pseo-data.ts,3355,"<td class=""py-3 px-4 text-sm"">$630,000</td>"
src/lib/pseo-data.ts,3356,"<td class=""py-3 px-4 text-sm"">$4,107</td>"
src/lib/pseo-data.ts,3357,"<td class=""py-3 px-4 text-sm"">~$176,000</td>"
src/lib/pseo-data.ts,3360,"<td class=""py-3 px-4 text-sm"">20% — no PMI</td>"
src/lib/pseo-data.ts,3361,"<td class=""py-3 px-4 text-sm"">$140,000</td>"
src/lib/pseo-data.ts,3362,"<td class=""py-3 px-4 text-sm"">$560,000</td>"
src/lib/pseo-data.ts,3363,"<td class=""py-3 px-4 text-sm"">$3,651</td>"
src/lib/pseo-data.ts,3364,"<td class=""py-3 px-4 text-sm"">~$156,000</td>"
src/lib/pseo-data.ts,3370,"<p>At 20% down, the full PITI (P&I $3,651 + tax $642 + insurance $160 = $4,453, no PMI) requires approximately $191,000 annually — more achievable for executive-level dual-income households than the $222,000 threshold at 10% down.</p>"
src/lib/pseo-data.ts,3373,"<p>Mortgages above $832,750 (the 2026 conforming loan limit, adjusted annually) enter ""jumbo"" territory and face stricter underwriting: typically 720–740+ credit scores, 12 months of cash reserves after closing, and full documentation of all income sources including RSUs, deferred compensation, and rental income. At 10% down, some lenders require private mortgage insurance with jumbo premiums that exceed the standard 0.5% estimate used here — 20% down often eliminates both PMI and the jumbo premium concern simultaneously.</p>"
src/lib/pseo-data.ts,3377,"<li>For a detailed payment breakdown on a similar loan, see the <a href=""/calculator/700k-mortgage-monthly-payment-7-percent"">$700,000 mortgage monthly payment page</a>.</li>"
src/lib/pseo-data.ts,3378,"<li>Compare with <a href=""/calculator/how-much-house-can-i-afford-100k-salary"">how much house a $100k salary can afford</a> to see the income gap between that bracket and the $222,000 required here.</li>"
src/lib/pseo-data.ts,3398,"question: ""What income do I need for a $700,000 house?"","
src/lib/pseo-data.ts,3399,"answer: ""With 10% down and a $630,000 loan at 6.8%, the P&I-only income requirement is approximately $176,000 under the 28% rule. Including property tax ($642/mo), homeowners insurance ($160/mo), and PMI ($263/mo), the full PITI of $5,172/mo requires around $222,000 annually. A 20% down payment eliminates PMI and reduces the full PITI income requirement to approximately $191,000."""
src/lib/pseo-data.ts,3402,"question: ""What is the monthly payment on a $700,000 house at 6.8%?"","
src/lib/pseo-data.ts,3403,"answer: ""With 10% down ($70,000), the $630,000 loan at 6.8% over 30 years carries a monthly principal and interest of $4,107. Adding property tax ($642/mo at 1.1% of $700,000), homeowners insurance ($160/mo), and PMI ($263/mo) brings the full PITI to $5,172 per month. PMI cancels once you build 20% equity, reducing monthly costs by $263."""
src/lib/pseo-data.ts,3406,"question: ""Is a $222,000 income enough for a $700,000 home?"","
src/lib/pseo-data.ts,3407,"answer: ""Yes — at $222,000 annual income, your 28% housing budget is approximately $5,180/mo, which covers the full PITI of $5,172 with 10% down. That said, the margin is very thin. Most financial advisors would recommend targeting a 20% down payment ($140,000) to lower the PITI to ~$4,453 and bring the income requirement down to ~$191,000, leaving more buffer in the budget."""
src/lib/pseo-data.ts,3410,"question: ""How does a larger down payment change the income needed for $700k?"","
src/lib/pseo-data.ts,3411,"answer: ""Moving from 10% to 20% down reduces the loan from $630,000 to $560,000, cutting P&I from $4,107 to $3,651 — a saving of $456/mo. Eliminating PMI ($263/mo) adds another $263 in monthly savings. Combined, the full PITI drops by $719/mo, reducing the required annual income from approximately $222,000 to $191,000. This difference often determines whether a household can qualify without a co-borrower."""
src/lib/pseo-data.ts,3420,"amount: 150000,"
src/lib/pseo-data.ts,3421,"rate: 3.5,"
src/lib/pseo-data.ts,3422,"term: 25,"
src/lib/pseo-data.ts,3424,"customTitle: ""€150,000 Mortgage at 3.5% Europe 2026: Monthly Payment & Affordability Guide"","
src/lib/pseo-data.ts,3425,"customDescription: ""€150,000 mortgage at 3.5% over 25 years in Europe 2026. Exact monthly payment, rate table, income needed at 33% DTI, and Euribor vs fixed rate guidance."","
src/lib/pseo-data.ts,3426,"customH1: ""€150,000 Mortgage at 3.5%: Monthly Payments for European First-Time Buyers"","
src/lib/pseo-data.ts,3427,"customIntro: ""A €150,000 mortgage at 3.5% is a realistic scenario for first-time buyers in Portugal's interior cities, smaller Spanish regional capitals such as Valladolid or Salamanca, and more affordable parts of Belgium and the Netherlands. In Portugal and Spain, first-time buyer support schemes — including government-backed guarantees and reduced transfer taxes — can bring the total acquisition cost within reach of a single modest income. Use the <a href='/mortgage-calculator'>mortgage calculator</a> above to model your deposit size and compare terms."","
src/lib/pseo-data.ts,3429,"<h2>Monthly Payment on a €150,000 Mortgage at 3.5%</h2>"
src/lib/pseo-data.ts,3430,"<p>In most Eurozone countries, 20- and 25-year terms are the norm. Here is the full breakdown for a €150,000 loan at a 3.5% fixed rate across every common term:</p>"
src/lib/pseo-data.ts,3443,"<tr class=""border-b border-outline-variant/30""><td class=""py-3 px-4 text-sm"">10 years</td><td class=""py-3 px-4 text-sm"">€1,483</td><td class=""py-3 px-4 text-sm"">€27,960</td><td class=""py-3 px-4 text-sm"">€177,960</td></tr>"
src/lib/pseo-data.ts,3444,"<tr class=""border-b border-outline-variant/30""><td class=""py-3 px-4 text-sm"">15 years</td><td class=""py-3 px-4 text-sm"">€1,072</td><td class=""py-3 px-4 text-sm"">€42,960</td><td class=""py-3 px-4 text-sm"">€192,960</td></tr>"
src/lib/pseo-data.ts,3445,"<tr class=""border-b border-outline-variant/30""><td class=""py-3 px-4 text-sm"">20 years</td><td class=""py-3 px-4 text-sm"">€870</td><td class=""py-3 px-4 text-sm"">€58,800</td><td class=""py-3 px-4 text-sm"">€208,800</td></tr>"
src/lib/pseo-data.ts,3446,"<tr class=""border-b border-outline-variant/30 font-bold bg-primary/5""><td class=""py-3 px-4 text-sm"">25 years</td><td class=""py-3 px-4 text-sm"">€751</td><td class=""py-3 px-4 text-sm"">€75,300</td><td class=""py-3 px-4 text-sm"">€225,300</td></tr>"
src/lib/pseo-data.ts,3447,"<tr class=""border-b border-outline-variant/30 text-sm text-on-surface/60""><td class=""py-3 px-4 text-sm"">30 years (less common in EU)</td><td class=""py-3 px-4 text-sm"">€674</td><td class=""py-3 px-4 text-sm"">€92,640</td><td class=""py-3 px-4 text-sm"">€242,640</td></tr>"
src/lib/pseo-data.ts,3452,"<p>At 3.5% over 25 years the monthly principal and interest payment is €751 — and the total interest over the life of the loan is €75,300. Choosing the 20-year term instead adds €119 to the monthly payment but saves €16,500 in total interest. Use the <a href=""/mortgage-calculator"">mortgage calculator</a> above to run your exact scenario, or check our <a href=""/affordability-calculator"">affordability calculator</a> to confirm your buying power.</p>"
src/lib/pseo-data.ts,3455,"<p>European mortgages generally fall into two categories: fixed-rate and Euribor-linked variable rates. Fixed rates — standard in France and Germany — offer payment certainty for the full term. Variable rates, common in Belgium, Spain, and Portugal, are priced as Euribor plus a bank margin; they can start lower but move with the market. In 2026, a 3.5% fixed rate is realistic for most Eurozone borrowers with solid credit. The <a href=""https://www.ecb.europa.eu"" target=""_blank"" rel=""noopener noreferrer"">European Central Bank</a> publishes current Euribor benchmarks. For a €150,000 loan, the monthly difference between a 3.0% and a 4.0% fixed rate is roughly €81 — significant over 25 years.</p>"
src/lib/pseo-data.ts,3457,"<h2>Rate Sensitivity: €150,000 Mortgage at 25 Years</h2>"
src/lib/pseo-data.ts,3458,"<p>How much does the rate actually matter? Here is the full picture for a €150,000 loan over 25 years across the realistic 2026 range:</p>"
src/lib/pseo-data.ts,3467,"<th class=""py-3 px-4 font-bold text-sm"">vs 3.5%</th>"
src/lib/pseo-data.ts,3471,"<tr class=""border-b border-outline-variant/30""><td class=""py-3 px-4 text-sm"">2.5%</td><td class=""py-3 px-4 text-sm"">€673</td><td class=""py-3 px-4 text-sm"">€51,900</td><td class=""py-3 px-4 text-sm"">-€78/mo</td></tr>"
src/lib/pseo-data.ts,3472,"<tr class=""border-b border-outline-variant/30""><td class=""py-3 px-4 text-sm"">3.0%</td><td class=""py-3 px-4 text-sm"">€711</td><td class=""py-3 px-4 text-sm"">€63,300</td><td class=""py-3 px-4 text-sm"">-€40/mo</td></tr>"
src/lib/pseo-data.ts,3473,"<tr class=""border-b border-outline-variant/30 font-bold text-primary""><td class=""py-3 px-4 text-sm"">3.5%</td><td class=""py-3 px-4 text-sm"">€751</td><td class=""py-3 px-4 text-sm"">€75,300</td><td class=""py-3 px-4 text-sm"">—</td></tr>"
src/lib/pseo-data.ts,3474,"<tr class=""border-b border-outline-variant/30""><td class=""py-3 px-4 text-sm"">4.0%</td><td class=""py-3 px-4 text-sm"">€792</td><td class=""py-3 px-4 text-sm"">€87,600</td><td class=""py-3 px-4 text-sm"">+€41/mo</td></tr>"
src/lib/pseo-data.ts,3475,"<tr class=""border-b border-outline-variant/30""><td class=""py-3 px-4 text-sm"">4.5%</td><td class=""py-3 px-4 text-sm"">€834</td><td class=""py-3 px-4 text-sm"">€100,200</td><td class=""py-3 px-4 text-sm"">+€83/mo</td></tr>"
src/lib/pseo-data.ts,3476,"<tr class=""border-b border-outline-variant/30""><td class=""py-3 px-4 text-sm"">5.0%</td><td class=""py-3 px-4 text-sm"">€877</td><td class=""py-3 px-4 text-sm"">€113,100</td><td class=""py-3 px-4 text-sm"">+€126/mo</td></tr>"
src/lib/pseo-data.ts,3481,"<h2>Income Required for a €150,000 Mortgage at 3.5%</h2>"
src/lib/pseo-data.ts,3482,"<p>Most Eurozone lenders apply a 33% debt-to-income (DTI) limit — stricter than the US 28% rule. European mortgages typically do not include Private Mortgage Insurance (PMI); instead, lenders manage risk through stricter LTV caps and higher equity requirements. Here is what you need to earn for a 25-year term at 3.5%:</p>"
src/lib/pseo-data.ts,3483,"<p><em>Assumptions: home value ~€167,000 (90% LTV), property tax 0.3% of home value, insurance €50/mo. No PMI — most EU lenders do not charge it.</em></p>"
src/lib/pseo-data.ts,3495,"<tr class=""border-b border-outline-variant/30""><td class=""py-3 px-4 text-sm"">P&I only</td><td class=""py-3 px-4 text-sm"">€751</td><td class=""py-3 px-4 text-sm"">~€27,300</td></tr>"
src/lib/pseo-data.ts,3496,"<tr class=""border-b border-outline-variant/30 font-bold bg-primary/5""><td class=""py-3 px-4 text-sm"">Full PITI</td><td class=""py-3 px-4 text-sm"">€843</td><td class=""py-3 px-4 text-sm"">~€30,700</td></tr>"
src/lib/pseo-data.ts,3497,"<tr class=""border-b border-outline-variant/30""><td class=""py-3 px-4 text-sm"">With €300 other debts</td><td class=""py-3 px-4 text-sm"">€1,143</td><td class=""py-3 px-4 text-sm"">~€41,600</td></tr>"
src/lib/pseo-data.ts,3503,"<p><strong>Belgium:</strong> Lenders typically cap LTV at 90% for first-time buyers; notary fees and registration duties add 12–15% to acquisition costs — budget for this on top of the deposit. <strong>Netherlands:</strong> The Nationale Hypotheek Garantie (NHG) guarantee applies to purchases up to €435,000, lowering lender risk and often the interest rate offered. <strong>France:</strong> The Prêt à Taux Zéro (PTZ) interest-free loan can supplement a €150,000 mortgage for eligible first-time buyers in qualifying zones. <strong>Germany:</strong> Most German lenders require 20–30% equity; a €150,000 loan at this level implies a relatively modest property or a substantial deposit. Always consult a local mortgage adviser for the most current regional conditions.</p>"
src/lib/pseo-data.ts,3520,"question: ""What is the monthly payment on a €150,000 mortgage at 3.5% over 25 years?"","
src/lib/pseo-data.ts,3521,"answer: ""The monthly principal and interest payment is €751. Adding estimated property tax (0.3% of home value) and building insurance brings the typical total monthly cost to around €843. European mortgages generally do not include PMI."""
src/lib/pseo-data.ts,3524,"question: ""What income do I need to qualify for a €150,000 mortgage in Europe?"","
src/lib/pseo-data.ts,3525,"answer: ""At a 33% DTI limit — the standard applied by most Belgian, French, and Dutch lenders — you need a gross annual income of approximately €30,700 to cover the full monthly cost including tax and insurance. With €300 in other monthly debts, that rises to around €41,600."""
src/lib/pseo-data.ts,3529,"answer: ""It depends on your country and risk tolerance. Fixed rates offer payment certainty and are standard in France and Germany. Euribor-linked rates are common in Belgium, Spain, and Portugal; they can be cheaper initially but rise when the ECB raises rates. At €150,000, a 1% rate increase adds roughly €40 per month on a 25-year term."""
src/lib/pseo-data.ts,3532,"question: ""Is a €150,000 mortgage realistic for first-time buyers in Portugal or Spain?"","
src/lib/pseo-data.ts,3533,"answer: ""Yes — in Portugal's interior cities and smaller Spanish regional capitals, €150,000 covers a range of two-bedroom properties. Government first-buyer programmes in both countries can reduce upfront costs. You will typically need a 10% deposit plus legal fees of 8–12% of the purchase price."""
src/lib/pseo-data.ts,3541,"amount: 200000,"
src/lib/pseo-data.ts,3542,"rate: 3.5,"
src/lib/pseo-data.ts,3543,"term: 25,"
src/lib/pseo-data.ts,3545,"customTitle: ""€200,000 Mortgage at 3.5% Europe 2026: Monthly Payment, Income & Rate Guide"","
src/lib/pseo-data.ts,3546,"customDescription: ""€200,000 mortgage at 3.5% over 25 years in Europe 2026. Monthly payment €1,001, income at 33% DTI, rate table, and country notes for Belgium and France."","
src/lib/pseo-data.ts,3547,"customH1: ""€200,000 Mortgage at 3.5%: Monthly Payments and Affordability for European Buyers"","
src/lib/pseo-data.ts,3548,"customIntro: ""A €200,000 mortgage at 3.5% sits in the mid-range of European first purchases — within reach for buyers in suburban Belgium, secondary French cities such as Rennes, Nantes, or Strasbourg, and smaller Dutch cities outside the Randstad. At this level, a dual income typically qualifies comfortably under the 33% DTI limit that most Belgian, French, and Dutch lenders apply. The monthly payment over 25 years comes out to €1,001 — a figure that fits a combined net income in the €3,000–€4,000 range without excessive strain. Use the <a href='/mortgage-calculator'>mortgage calculator</a> above to model different deposit sizes and term lengths."","
src/lib/pseo-data.ts,3550,"<h2>Monthly Payment on a €200,000 Mortgage at 3.5%</h2>"
src/lib/pseo-data.ts,3551,"<p>Term length has a large effect on monthly cash flow and total interest cost. Here is the full breakdown for a €200,000 loan at 3.5% fixed:</p>"
src/lib/pseo-data.ts,3564,"<tr class=""border-b border-outline-variant/30""><td class=""py-3 px-4 text-sm"">10 years</td><td class=""py-3 px-4 text-sm"">€1,978</td><td class=""py-3 px-4 text-sm"">€37,360</td><td class=""py-3 px-4 text-sm"">€237,360</td></tr>"
src/lib/pseo-data.ts,3565,"<tr class=""border-b border-outline-variant/30""><td class=""py-3 px-4 text-sm"">15 years</td><td class=""py-3 px-4 text-sm"">€1,430</td><td class=""py-3 px-4 text-sm"">€57,400</td><td class=""py-3 px-4 text-sm"">€257,400</td></tr>"
src/lib/pseo-data.ts,3566,"<tr class=""border-b border-outline-variant/30""><td class=""py-3 px-4 text-sm"">20 years</td><td class=""py-3 px-4 text-sm"">€1,160</td><td class=""py-3 px-4 text-sm"">€78,400</td><td class=""py-3 px-4 text-sm"">€278,400</td></tr>"
src/lib/pseo-data.ts,3567,"<tr class=""border-b border-outline-variant/30 font-bold bg-primary/5""><td class=""py-3 px-4 text-sm"">25 years</td><td class=""py-3 px-4 text-sm"">€1,001</td><td class=""py-3 px-4 text-sm"">€100,300</td><td class=""py-3 px-4 text-sm"">€300,300</td></tr>"
src/lib/pseo-data.ts,3568,"<tr class=""border-b border-outline-variant/30 text-sm text-on-surface/60""><td class=""py-3 px-4 text-sm"">30 years (less common in EU)</td><td class=""py-3 px-4 text-sm"">€898</td><td class=""py-3 px-4 text-sm"">€123,280</td><td class=""py-3 px-4 text-sm"">€323,280</td></tr>"
src/lib/pseo-data.ts,3573,"<p>At 3.5% over 25 years the monthly principal and interest payment is €1,001 — crossing the symbolic four-figure mark. Shortening to 20 years adds €159 per month but saves €21,900 in total interest. The 15-year term costs €429 more per month than 25 years but cuts total interest paid by €42,900. See the <a href=""/blog/200k-euro-mortgage"">full €200,000 euro mortgage guide</a> for a deeper analysis of term and rate trade-offs for European buyers.</p>"
src/lib/pseo-data.ts,3575,"<h2>Euribor vs. Fixed Rate: Context for a €200,000 Loan</h2>"
src/lib/pseo-data.ts,3576,"<p>At €200,000, the choice between a fixed and a Euribor-linked rate has meaningful cash-flow consequences. Fixed rates — dominant in France and Germany — guarantee your payment for the full 25 years. Variable Euribor-plus-margin rates, common in Belgium, Spain, and Portugal, start below fixed rates during periods of low Euribor but track ECB policy decisions. In 2026, a 3.5% fixed rate is achievable for creditworthy borrowers across most of the Eurozone. For live benchmark data, see the <a href=""https://www.ecb.europa.eu"" target=""_blank"" rel=""noopener noreferrer"">European Central Bank</a>. On a €200,000 loan over 25 years, a 1% rate increase adds around €105 to the monthly payment — worth planning for if choosing a variable product.</p>"
src/lib/pseo-data.ts,3578,"<h2>Rate Sensitivity: €200,000 Mortgage at 25 Years</h2>"
src/lib/pseo-data.ts,3579,"<p>Here is what different rates cost on a €200,000 loan over the standard 25-year European term:</p>"
src/lib/pseo-data.ts,3588,"<th class=""py-3 px-4 font-bold text-sm"">vs 3.5%</th>"
src/lib/pseo-data.ts,3592,"<tr class=""border-b border-outline-variant/30""><td class=""py-3 px-4 text-sm"">2.5%</td><td class=""py-3 px-4 text-sm"">€897</td><td class=""py-3 px-4 text-sm"">€69,100</td><td class=""py-3 px-4 text-sm"">-€104/mo</td></tr>"
src/lib/pseo-data.ts,3593,"<tr class=""border-b border-outline-variant/30""><td class=""py-3 px-4 text-sm"">3.0%</td><td class=""py-3 px-4 text-sm"">€948</td><td class=""py-3 px-4 text-sm"">€84,400</td><td class=""py-3 px-4 text-sm"">-€53/mo</td></tr>"
src/lib/pseo-data.ts,3594,"<tr class=""border-b border-outline-variant/30 font-bold text-primary""><td class=""py-3 px-4 text-sm"">3.5%</td><td class=""py-3 px-4 text-sm"">€1,001</td><td class=""py-3 px-4 text-sm"">€100,300</td><td class=""py-3 px-4 text-sm"">—</td></tr>"
src/lib/pseo-data.ts,3595,"<tr class=""border-b border-outline-variant/30""><td class=""py-3 px-4 text-sm"">4.0%</td><td class=""py-3 px-4 text-sm"">€1,056</td><td class=""py-3 px-4 text-sm"">€116,800</td><td class=""py-3 px-4 text-sm"">+€55/mo</td></tr>"
src/lib/pseo-data.ts,3596,"<tr class=""border-b border-outline-variant/30""><td class=""py-3 px-4 text-sm"">4.5%</td><td class=""py-3 px-4 text-sm"">€1,112</td><td class=""py-3 px-4 text-sm"">€133,600</td><td class=""py-3 px-4 text-sm"">+€111/mo</td></tr>"
src/lib/pseo-data.ts,3597,"<tr class=""border-b border-outline-variant/30""><td class=""py-3 px-4 text-sm"">5.0%</td><td class=""py-3 px-4 text-sm"">€1,169</td><td class=""py-3 px-4 text-sm"">€150,700</td><td class=""py-3 px-4 text-sm"">+€168/mo</td></tr>"
src/lib/pseo-data.ts,3602,"<h2>Income Required for a €200,000 Mortgage at 3.5%</h2>"
src/lib/pseo-data.ts,3603,"<p>European lenders commonly use a 33% DTI threshold — meaning total monthly debt payments should not exceed one third of gross monthly income. Unlike in the US, Private Mortgage Insurance does not exist in most EU markets; lenders protect themselves through LTV limits instead. Here is the income picture for a 25-year fixed term at 3.5%:</p>"
src/lib/pseo-data.ts,3604,"<p><em>Assumptions: home value ~€222,000 (90% LTV), property tax 0.3% of home value, insurance €65/mo. No PMI charged.</em></p>"
src/lib/pseo-data.ts,3616,"<tr class=""border-b border-outline-variant/30""><td class=""py-3 px-4 text-sm"">P&I only</td><td class=""py-3 px-4 text-sm"">€1,001</td><td class=""py-3 px-4 text-sm"">~€36,400</td></tr>"
src/lib/pseo-data.ts,3617,"<tr class=""border-b border-outline-variant/30 font-bold bg-primary/5""><td class=""py-3 px-4 text-sm"">Full PITI</td><td class=""py-3 px-4 text-sm"">€1,122</td><td class=""py-3 px-4 text-sm"">~€40,800</td></tr>"
src/lib/pseo-data.ts,3618,"<tr class=""border-b border-outline-variant/30""><td class=""py-3 px-4 text-sm"">With €300 other debts</td><td class=""py-3 px-4 text-sm"">€1,422</td><td class=""py-3 px-4 text-sm"">~€51,700</td></tr>"
src/lib/pseo-data.ts,3624,"<p><strong>Belgium:</strong> Maximum LTV is typically 90% for first purchases; add 12–15% on top for notary fees and registration duties. A combined income of around €40,000–€45,000 generally qualifies. <strong>Netherlands:</strong> The NHG guarantee covers loans up to €435,000, reducing lender risk and often improving the rate offered — well worth pursuing at this loan size. <strong>France:</strong> The PTZ zero-interest loan can supplement a €200,000 mortgage for qualifying first-time buyers in zones B2 and C. Fixed rates are the norm in France, making 3.5% a realistic target for 2026. <strong>Germany:</strong> German lenders typically require 20–30% equity; a €200,000 loan implies a purchase price of around €250,000–€285,000 with a significant deposit. Consult a local mortgage broker (Hypothekenmakler) for current lender offers. Always work with a local adviser for up-to-date regional guidance.</p>"
src/lib/pseo-data.ts,3641,"question: ""What is the monthly payment on a €200,000 mortgage at 3.5% over 25 years?"","
src/lib/pseo-data.ts,3642,"answer: ""The monthly principal and interest payment is €1,001. Including estimated property tax and building insurance, the typical all-in monthly cost is around €1,122. EU mortgages do not include PMI — lenders use LTV limits instead."""
src/lib/pseo-data.ts,3645,"question: ""What income do I need for a €200,000 mortgage in Europe?"","
src/lib/pseo-data.ts,3646,"answer: ""At the 33% DTI threshold used by most Belgian, French, and Dutch lenders, you need a gross annual income of approximately €40,800 to cover the full monthly cost including taxes and insurance. A combined household income of €45,000–€55,000 provides comfortable headroom."""
src/lib/pseo-data.ts,3649,"question: ""What is the difference between a Euribor rate and a fixed rate on a €200,000 mortgage?"","
src/lib/pseo-data.ts,3650,"answer: ""A fixed rate locks your payment for the full term — standard in France and Germany. A Euribor-linked rate moves with ECB decisions; it may start lower but can increase. On €200,000 over 25 years, a 1% rate rise adds approximately €105 per month, so stress-testing your budget at 4.5% before choosing a variable product is sensible."""
src/lib/pseo-data.ts,3653,"question: ""Can I get a €200,000 mortgage in Belgium or France as a first-time buyer?"","
src/lib/pseo-data.ts,3654,"answer: ""Yes. In Belgium, you typically need a 10% deposit plus notary costs of 12–15%. In France, the PTZ interest-free loan can reduce the amount you need to borrow. Dutch buyers benefit from the NHG guarantee, which often lowers the interest rate offered by the bank. Each country has its own qualification criteria, so local advice is essential."""
src/lib/pseo-data.ts,3662,"amount: 250000,"
src/lib/pseo-data.ts,3663,"rate: 3.5,"
src/lib/pseo-data.ts,3664,"term: 25,"
src/lib/pseo-data.ts,3666,"customTitle: ""€250,000 Mortgage at 3.5% Europe 2026: Monthly Payment & Affordability Guide"","
src/lib/pseo-data.ts,3667,"customDescription: ""€250,000 mortgage at 3.5% for 25 years, Europe 2026: monthly payment €1,252, income required, rate sensitivity, and country tips for Belgian and Dutch buyers."","
src/lib/pseo-data.ts,3668,"customH1: ""€250,000 Mortgage at 3.5%: European Payment Breakdown and Affordability"","
src/lib/pseo-data.ts,3669,"customIntro: ""A €250,000 mortgage at 3.5% is a common dual-income scenario for buyers in suburban Belgium and the Netherlands, secondary French cities such as Lyon's satellite towns or Bordeaux's peri-urban fringe, and starter properties in mid-tier German markets. At this loan size, most lenders expect a combined gross income above €45,000 and a deposit of at least 10% — plus notary fees that can add another 10–15% to upfront costs in Belgium and France. The monthly payment over 25 years comes out to €1,252. Use the <a href='/mortgage-calculator'>mortgage calculator</a> above to adjust for your deposit size and term."","
src/lib/pseo-data.ts,3671,"<h2>Monthly Payment on a €250,000 Mortgage at 3.5%</h2>"
src/lib/pseo-data.ts,3672,"<p>At €250,000, term selection makes a significant difference to monthly affordability. Here is the breakdown for a 3.5% fixed rate across every common term:</p>"
src/lib/pseo-data.ts,3685,"<tr class=""border-b border-outline-variant/30""><td class=""py-3 px-4 text-sm"">10 years</td><td class=""py-3 px-4 text-sm"">€2,472</td><td class=""py-3 px-4 text-sm"">€46,640</td><td class=""py-3 px-4 text-sm"">€296,640</td></tr>"
src/lib/pseo-data.ts,3686,"<tr class=""border-b border-outline-variant/30""><td class=""py-3 px-4 text-sm"">15 years</td><td class=""py-3 px-4 text-sm"">€1,787</td><td class=""py-3 px-4 text-sm"">€71,660</td><td class=""py-3 px-4 text-sm"">€321,660</td></tr>"
src/lib/pseo-data.ts,3687,"<tr class=""border-b border-outline-variant/30""><td class=""py-3 px-4 text-sm"">20 years</td><td class=""py-3 px-4 text-sm"">€1,450</td><td class=""py-3 px-4 text-sm"">€98,000</td><td class=""py-3 px-4 text-sm"">€348,000</td></tr>"
src/lib/pseo-data.ts,3688,"<tr class=""border-b border-outline-variant/30 font-bold bg-primary/5""><td class=""py-3 px-4 text-sm"">25 years</td><td class=""py-3 px-4 text-sm"">€1,252</td><td class=""py-3 px-4 text-sm"">€125,600</td><td class=""py-3 px-4 text-sm"">€375,600</td></tr>"
src/lib/pseo-data.ts,3689,"<tr class=""border-b border-outline-variant/30 text-sm text-on-surface/60""><td class=""py-3 px-4 text-sm"">30 years (less common in EU)</td><td class=""py-3 px-4 text-sm"">€1,123</td><td class=""py-3 px-4 text-sm"">€154,280</td><td class=""py-3 px-4 text-sm"">€404,280</td></tr>"
src/lib/pseo-data.ts,3694,"<p>At 3.5% over 25 years the monthly principal and interest payment is €1,252. Shortening the term to 20 years adds €198 per month but saves €27,600 in total interest. The difference between a 25-year and a 15-year term is €535 per month but saves €53,940 in interest over the life of the loan — a decision that depends heavily on monthly cash flow and income stability. Use the <a href=""/mortgage-calculator"">mortgage calculator</a> to compare scenarios, and verify your buying power with our <a href=""/affordability-calculator"">affordability calculator</a>.</p>"
src/lib/pseo-data.ts,3696,"<h2>Euribor vs. Fixed Rate on a €250,000 Mortgage</h2>"
src/lib/pseo-data.ts,3697,"<p>At this loan size, the annual cost difference between a fixed and a variable Euribor-linked rate can reach several thousand euros. Fixed rates — the default in France and Germany — provide complete payment certainty. Variable rates, standard in Belgium, Spain, and Portugal, are set as Euribor plus a bank spread; they have historically been lower at origination but follow ECB policy. In 2026, 3.5% is a realistic fixed rate for solid-credit borrowers across the Eurozone. Monitor current Euribor benchmarks at the <a href=""https://www.ecb.europa.eu"" target=""_blank"" rel=""noopener noreferrer"">European Central Bank</a>. On €250,000 over 25 years, a 1% rate movement shifts the monthly payment by around €130 — meaningful at this loan size, so stress-test any variable offer at +1.5% before committing.</p>"
src/lib/pseo-data.ts,3699,"<h2>Rate Sensitivity: €250,000 Mortgage at 25 Years</h2>"
src/lib/pseo-data.ts,3700,"<p>Here is what different rates cost on a €250,000 loan over the standard 25-year European term:</p>"
src/lib/pseo-data.ts,3709,"<th class=""py-3 px-4 font-bold text-sm"">vs 3.5%</th>"
src/lib/pseo-data.ts,3713,"<tr class=""border-b border-outline-variant/30""><td class=""py-3 px-4 text-sm"">2.5%</td><td class=""py-3 px-4 text-sm"">€1,122</td><td class=""py-3 px-4 text-sm"">€86,600</td><td class=""py-3 px-4 text-sm"">-€130/mo</td></tr>"
src/lib/pseo-data.ts,3714,"<tr class=""border-b border-outline-variant/30""><td class=""py-3 px-4 text-sm"">3.0%</td><td class=""py-3 px-4 text-sm"">€1,186</td><td class=""py-3 px-4 text-sm"">€105,800</td><td class=""py-3 px-4 text-sm"">-€66/mo</td></tr>"
src/lib/pseo-data.ts,3715,"<tr class=""border-b border-outline-variant/30 font-bold text-primary""><td class=""py-3 px-4 text-sm"">3.5%</td><td class=""py-3 px-4 text-sm"">€1,252</td><td class=""py-3 px-4 text-sm"">€125,600</td><td class=""py-3 px-4 text-sm"">—</td></tr>"
src/lib/pseo-data.ts,3716,"<tr class=""border-b border-outline-variant/30""><td class=""py-3 px-4 text-sm"">4.0%</td><td class=""py-3 px-4 text-sm"">€1,320</td><td class=""py-3 px-4 text-sm"">€146,000</td><td class=""py-3 px-4 text-sm"">+€68/mo</td></tr>"
src/lib/pseo-data.ts,3717,"<tr class=""border-b border-outline-variant/30""><td class=""py-3 px-4 text-sm"">4.5%</td><td class=""py-3 px-4 text-sm"">€1,390</td><td class=""py-3 px-4 text-sm"">€167,000</td><td class=""py-3 px-4 text-sm"">+€138/mo</td></tr>"
src/lib/pseo-data.ts,3718,"<tr class=""border-b border-outline-variant/30""><td class=""py-3 px-4 text-sm"">5.0%</td><td class=""py-3 px-4 text-sm"">€1,461</td><td class=""py-3 px-4 text-sm"">€188,300</td><td class=""py-3 px-4 text-sm"">+€209/mo</td></tr>"
src/lib/pseo-data.ts,3723,"<h2>Income Required for a €250,000 Mortgage at 3.5%</h2>"
src/lib/pseo-data.ts,3724,<p>Most Eurozone lenders cap housing debt at 33% of gross monthly income. Private Mortgage Insurance does not exist in most EU markets — lenders manage risk through LTV limits and credit assessments. Here is the income picture for a 25-year fixed term at 3.5%:</p>
src/lib/pseo-data.ts,3725,"<p><em>Assumptions: home value ~€278,000 (90% LTV), property tax 0.3% of home value, insurance €75/mo. No PMI charged.</em></p>"
src/lib/pseo-data.ts,3737,"<tr class=""border-b border-outline-variant/30""><td class=""py-3 px-4 text-sm"">P&I only</td><td class=""py-3 px-4 text-sm"">€1,252</td><td class=""py-3 px-4 text-sm"">~€45,500</td></tr>"
src/lib/pseo-data.ts,3738,"<tr class=""border-b border-outline-variant/30 font-bold bg-primary/5""><td class=""py-3 px-4 text-sm"">Full PITI</td><td class=""py-3 px-4 text-sm"">€1,397</td><td class=""py-3 px-4 text-sm"">~€50,800</td></tr>"
src/lib/pseo-data.ts,3739,"<tr class=""border-b border-outline-variant/30""><td class=""py-3 px-4 text-sm"">With €300 other debts</td><td class=""py-3 px-4 text-sm"">€1,697</td><td class=""py-3 px-4 text-sm"">~€61,700</td></tr>"
src/lib/pseo-data.ts,3745,"<p><strong>Belgium:</strong> Lenders cap LTV at 90% for first purchases; notary and registration costs run 12–15% of the purchase price, adding €30,000–€40,000 to upfront costs at this level. Budget carefully. <strong>Netherlands:</strong> The NHG guarantee applies to purchases up to €435,000, often securing a lower interest rate margin. A €250,000 loan on a property under €278,000 falls comfortably within NHG scope. <strong>France:</strong> Fixed rates dominate; 3.5% is achievable for qualifying borrowers in 2026. The PTZ programme provides an interest-free supplemental loan for eligible first-time buyers in zones outside major cities — worth checking before finalising your financing. <strong>Germany:</strong> German lenders typically require 20–30% equity and strong documentation; a €250,000 loan implies a property around €310,000–€350,000 with a meaningful deposit. A local Hypothekenmakler can compare lenders efficiently. Always consult a qualified mortgage adviser in your country before committing.</p>"
src/lib/pseo-data.ts,3762,"question: ""What is the monthly payment on a €250,000 mortgage at 3.5% over 25 years?"","
src/lib/pseo-data.ts,3763,"answer: ""The monthly principal and interest payment is €1,252. Adding property tax (0.3% of home value) and building insurance brings the typical all-in monthly cost to around €1,397. EU mortgages do not include PMI — lenders use LTV limits and credit assessments instead."""
src/lib/pseo-data.ts,3766,"question: ""What household income is needed for a €250,000 European mortgage at 3.5%?"","
src/lib/pseo-data.ts,3767,"answer: ""At the 33% DTI limit used by most Belgian, French, and Dutch lenders, a full PITI monthly cost of €1,397 requires a gross annual income of approximately €50,800. With €300 in other monthly debts, that rises to around €61,700. Most buyers at this level are dual-income households."""
src/lib/pseo-data.ts,3770,"question: ""Is a fixed rate better than a Euribor-linked rate for a €250,000 mortgage in 2026?"","
src/lib/pseo-data.ts,3771,"answer: ""For a €250,000 mortgage, fixed rates are worth serious consideration. A 1% Euribor increase on a variable product adds around €130 per month — meaningful over 25 years. If you are in France or Germany, fixed rates are the standard market product. Belgian and Dutch buyers should stress-test any variable offer at Euribor +1.5% to ensure the payments remain manageable."""
src/lib/pseo-data.ts,3774,"question: ""How much deposit do I need for a €250,000 mortgage property in the Netherlands?"","
src/lib/pseo-data.ts,3775,"answer: ""Dutch lenders typically require a minimum 10% deposit, plus transfer tax (2% for properties under the first-buyer exemption threshold in 2026) and legal fees. For a property at ~€278,000 with 10% down, you would need approximately €28,000 deposit plus €5,000–€8,000 in closing costs. The NHG guarantee applies at this loan size, which may reduce the rate offered."""
src/lib/pseo-data.ts,3784,"amount: 300000,"
src/lib/pseo-data.ts,3785,"rate: 3.5,"
src/lib/pseo-data.ts,3786,"term: 25,"
src/lib/pseo-data.ts,3788,"customTitle: ""€300,000 Mortgage at 3.5% Europe 2026: Monthly Payment & Income Guide"","
src/lib/pseo-data.ts,3789,"customDescription: ""€300,000 mortgage at 3.5% over 25 years in Europe 2026: exact monthly payment, full rate table, income needed at 33% DTI, and country notes for buyers."","
src/lib/pseo-data.ts,3790,"customH1: ""€300,000 Mortgage at 3.5%: What European Buyers Pay Each Month"","
src/lib/pseo-data.ts,3791,"customIntro: ""A €300,000 mortgage at 3.5% suits established buyers in the Brussels suburbs, the outer rings of Amsterdam, secondary French hubs such as Lyon, and the fringes of Munich where prices ease outside the core. At this level, lenders typically expect a stable dual income, a clean credit history, and often a renovation budget if the property sits in an older district. The monthly payment over 25 years comes out to €1,502 — a commitment that calls for a combined gross income comfortably above €50,000. Use the <a href='/mortgage-calculator'>mortgage calculator</a> above to test your own deposit and term combination."","
src/lib/pseo-data.ts,3793,"<h2>Monthly Payment on a €300,000 Mortgage at 3.5%</h2>"
src/lib/pseo-data.ts,3794,"<p>At this loan size, term length has a real effect on monthly cash flow and lifetime cost. Here is the breakdown for a €300,000 loan at a 3.5% fixed rate across every common term:</p>"
src/lib/pseo-data.ts,3807,"<tr class=""border-b border-outline-variant/30""><td class=""py-3 px-4 text-sm"">10 years</td><td class=""py-3 px-4 text-sm"">€2,967</td><td class=""py-3 px-4 text-sm"">€56,040</td><td class=""py-3 px-4 text-sm"">€356,040</td></tr>"
src/lib/pseo-data.ts,3808,"<tr class=""border-b border-outline-variant/30""><td class=""py-3 px-4 text-sm"">15 years</td><td class=""py-3 px-4 text-sm"">€2,145</td><td class=""py-3 px-4 text-sm"">€86,100</td><td class=""py-3 px-4 text-sm"">€386,100</td></tr>"
src/lib/pseo-data.ts,3809,"<tr class=""border-b border-outline-variant/30""><td class=""py-3 px-4 text-sm"">20 years</td><td class=""py-3 px-4 text-sm"">€1,740</td><td class=""py-3 px-4 text-sm"">€117,600</td><td class=""py-3 px-4 text-sm"">€417,600</td></tr>"
src/lib/pseo-data.ts,3810,"<tr class=""border-b border-outline-variant/30 font-bold bg-primary/5""><td class=""py-3 px-4 text-sm"">25 years</td><td class=""py-3 px-4 text-sm"">€1,502</td><td class=""py-3 px-4 text-sm"">€150,600</td><td class=""py-3 px-4 text-sm"">€450,600</td></tr>"
src/lib/pseo-data.ts,3811,"<tr class=""border-b border-outline-variant/30 text-sm text-on-surface/60""><td class=""py-3 px-4 text-sm"">30 years (less common in EU)</td><td class=""py-3 px-4 text-sm"">€1,347</td><td class=""py-3 px-4 text-sm"">€184,920</td><td class=""py-3 px-4 text-sm"">€484,920</td></tr>"
src/lib/pseo-data.ts,3816,"<p>At 3.5% over 25 years the monthly principal and interest payment is €1,502. Shortening to 20 years adds €238 per month but saves €33,000 in total interest — worth considering if your income has room. Stretching to 30 years lowers the payment by €155 but adds €34,320 in interest over the life of the loan. For a closer look at this exact loan size, see our <a href=""/blog/300k-euro-mortgage"">€300,000 euro mortgage guide</a>, or <a href=""/calculator/400k-mortgage-monthly-payment-4-percent"">compare to a $400k USD mortgage</a> for a transatlantic perspective.</p>"
src/lib/pseo-data.ts,3818,"<h2>Euribor vs. Fixed Rate: Context for a €300,000 Loan</h2>"
src/lib/pseo-data.ts,3819,"<p>At €300,000, the gap between a fixed and a Euribor-linked rate becomes significant. Fixed rates — standard in France and Germany — lock your payment for the full 25 years, while variable Euribor-plus-margin products, common in Belgium, Spain, and Portugal, track ECB policy and can shift. A 3.5% fixed rate remains realistic for solid-credit borrowers in 2026. Check current benchmarks at the <a href=""https://www.ecb.europa.eu"" target=""_blank"" rel=""noopener noreferrer"">European Central Bank</a>. A 1% rate move changes this loan's monthly payment by roughly €155.</p>"
src/lib/pseo-data.ts,3821,"<h2>Rate Sensitivity: €300,000 Mortgage at 25 Years</h2>"
src/lib/pseo-data.ts,3822,"<p>Here is what different rates cost on a €300,000 loan over the standard 25-year European term:</p>"
src/lib/pseo-data.ts,3831,"<th class=""py-3 px-4 font-bold text-sm"">vs 3.5%</th>"
src/lib/pseo-data.ts,3835,"<tr class=""border-b border-outline-variant/30""><td class=""py-3 px-4 text-sm"">2.5%</td><td class=""py-3 px-4 text-sm"">€1,346</td><td class=""py-3 px-4 text-sm"">€103,800</td><td class=""py-3 px-4 text-sm"">-€156/mo</td></tr>"
src/lib/pseo-data.ts,3836,"<tr class=""border-b border-outline-variant/30""><td class=""py-3 px-4 text-sm"">3.0%</td><td class=""py-3 px-4 text-sm"">€1,423</td><td class=""py-3 px-4 text-sm"">€126,900</td><td class=""py-3 px-4 text-sm"">-€79/mo</td></tr>"
src/lib/pseo-data.ts,3837,"<tr class=""border-b border-outline-variant/30 font-bold text-primary""><td class=""py-3 px-4 text-sm"">3.5%</td><td class=""py-3 px-4 text-sm"">€1,502</td><td class=""py-3 px-4 text-sm"">€150,600</td><td class=""py-3 px-4 text-sm"">—</td></tr>"
src/lib/pseo-data.ts,3838,"<tr class=""border-b border-outline-variant/30""><td class=""py-3 px-4 text-sm"">4.0%</td><td class=""py-3 px-4 text-sm"">€1,584</td><td class=""py-3 px-4 text-sm"">€175,200</td><td class=""py-3 px-4 text-sm"">+€82/mo</td></tr>"
src/lib/pseo-data.ts,3839,"<tr class=""border-b border-outline-variant/30""><td class=""py-3 px-4 text-sm"">4.5%</td><td class=""py-3 px-4 text-sm"">€1,667</td><td class=""py-3 px-4 text-sm"">€200,100</td><td class=""py-3 px-4 text-sm"">+€165/mo</td></tr>"
src/lib/pseo-data.ts,3840,"<tr class=""border-b border-outline-variant/30""><td class=""py-3 px-4 text-sm"">5.0%</td><td class=""py-3 px-4 text-sm"">€1,754</td><td class=""py-3 px-4 text-sm"">€226,200</td><td class=""py-3 px-4 text-sm"">+€252/mo</td></tr>"
src/lib/pseo-data.ts,3845,"<h2>Income Required for a €300,000 Mortgage at 3.5%</h2>"
src/lib/pseo-data.ts,3846,<p>Most Eurozone lenders cap housing debt at 33% of gross monthly income. Private Mortgage Insurance does not exist in most EU markets — lenders manage risk through LTV limits and credit assessments instead. Here is the income picture for a 25-year fixed term at 3.5%:</p>
src/lib/pseo-data.ts,3847,"<p><em>Assumptions: home value ~€333,000 (90% LTV), property tax 0.3% of home value (~€83/mo), insurance ~€100/mo. No PMI — most EU lenders do not charge it.</em></p>"
src/lib/pseo-data.ts,3859,"<tr class=""border-b border-outline-variant/30""><td class=""py-3 px-4 text-sm"">P&I only</td><td class=""py-3 px-4 text-sm"">€1,502</td><td class=""py-3 px-4 text-sm"">~€54,600</td></tr>"
src/lib/pseo-data.ts,3860,"<tr class=""border-b border-outline-variant/30 font-bold bg-primary/5""><td class=""py-3 px-4 text-sm"">Full PITI</td><td class=""py-3 px-4 text-sm"">€1,685</td><td class=""py-3 px-4 text-sm"">~€61,300</td></tr>"
src/lib/pseo-data.ts,3861,"<tr class=""border-b border-outline-variant/30""><td class=""py-3 px-4 text-sm"">With €400 other debts</td><td class=""py-3 px-4 text-sm"">€2,085</td><td class=""py-3 px-4 text-sm"">~€75,800</td></tr>"
src/lib/pseo-data.ts,3867,"<p><strong>Belgium:</strong> A €300,000 loan implies a property near or above the national average price; expect notary and registration costs of 12–15% on top of the purchase price, and lenders will scrutinise income stability closely at this level. <strong>Netherlands:</strong> The NHG guarantee covers purchases up to €435,000, so a €300,000 loan on a property near €333,000 still qualifies — a meaningful advantage on the rate offered. <strong>France:</strong> Fixed-rate products dominate, and 3.5% is a realistic target for borrowers with steady employment contracts (CDI); the PTZ scheme can help in qualifying zones for first purchases. <strong>Germany:</strong> Lenders generally require 20–30% equity, so a €300,000 loan typically implies a property in the €375,000–€430,000 range with a sizeable deposit — common for buyers upgrading into a larger home or renovating an older property on Munich's outer fringe. Always confirm current terms with a local mortgage adviser.</p>"
src/lib/pseo-data.ts,3884,"question: ""What is the monthly payment on a €300,000 mortgage at 3.5% over 25 years?"","
src/lib/pseo-data.ts,3885,"answer: ""The monthly principal and interest payment is €1,502. Adding property tax (0.3% of home value) and building insurance brings the typical all-in monthly cost to around €1,685. EU mortgages generally do not include PMI — lenders rely on LTV limits instead."""
src/lib/pseo-data.ts,3888,"question: ""What income do I need for a €300,000 mortgage in Europe?"","
src/lib/pseo-data.ts,3889,"answer: ""At the 33% DTI limit applied by most Belgian, French, and Dutch lenders, the full PITI of €1,685 requires a gross annual income of approximately €61,300. With €400 in other monthly debts, that climbs to around €75,800 — typically a dual-income requirement at this loan size."""
src/lib/pseo-data.ts,3892,"question: ""Should I choose a fixed or Euribor-linked rate for a €300,000 mortgage?"","
src/lib/pseo-data.ts,3893,"answer: ""It depends on where you're buying and your appetite for payment variability. Fixed rates are the default in France and Germany and lock in your €1,502 payment for the full term. Euribor-linked products, common in Belgium, Spain, and Portugal, can start lower but move with ECB policy — a 1% increase adds roughly €156 per month on this loan size, so stress-test any variable offer before signing."""
src/lib/pseo-data.ts,3896,"question: ""Where does a €300,000 mortgage go furthest in Europe?"","
src/lib/pseo-data.ts,3905,"amount: 350000,"
src/lib/pseo-data.ts,3906,"rate: 3.5,"
src/lib/pseo-data.ts,3907,"term: 25,"
src/lib/pseo-data.ts,3909,"customTitle: ""€350,000 Mortgage at 3.5% Europe 2026: Payments, Income & Rate Guide"","
src/lib/pseo-data.ts,3910,"customDescription: ""€350,000 mortgage at 3.5% for 25 years in Europe 2026 — monthly payment €1,752, income required at 33% DTI, full rate sensitivity table, and country tips."","
src/lib/pseo-data.ts,3911,"customH1: ""€350,000 Mortgage at 3.5%: Monthly Costs for Established European Buyers"","
src/lib/pseo-data.ts,3912,"customIntro: ""A €350,000 mortgage at 3.5% reaches into inner-city Brussels and the mid-range family-home segment of the Dutch market — properties that typically demand a strong, stable income profile from the outset. Lenders at this level look for a clean credit history, a deposit of at least 10%, and a debt-to-income ratio with real headroom. The monthly payment over 25 years comes to €1,752, which usually calls for a combined gross household income above €70,000. Use the <a href='/mortgage-calculator'>mortgage calculator</a> above to test your own deposit, term, and rate combination."","
src/lib/pseo-data.ts,3914,"<h2>Monthly Payment on a €350,000 Mortgage at 3.5%</h2>"
src/lib/pseo-data.ts,3915,"<p>At this loan size, the choice of term materially shapes both monthly affordability and lifetime cost. Here is the full breakdown for a €350,000 loan at a 3.5% fixed rate:</p>"
src/lib/pseo-data.ts,3928,"<tr class=""border-b border-outline-variant/30""><td class=""py-3 px-4 text-sm"">10 years</td><td class=""py-3 px-4 text-sm"">€3,461</td><td class=""py-3 px-4 text-sm"">€65,320</td><td class=""py-3 px-4 text-sm"">€415,320</td></tr>"
src/lib/pseo-data.ts,3929,"<tr class=""border-b border-outline-variant/30""><td class=""py-3 px-4 text-sm"">15 years</td><td class=""py-3 px-4 text-sm"">€2,502</td><td class=""py-3 px-4 text-sm"">€100,360</td><td class=""py-3 px-4 text-sm"">€450,360</td></tr>"
src/lib/pseo-data.ts,3930,"<tr class=""border-b border-outline-variant/30""><td class=""py-3 px-4 text-sm"">20 years</td><td class=""py-3 px-4 text-sm"">€2,030</td><td class=""py-3 px-4 text-sm"">€137,200</td><td class=""py-3 px-4 text-sm"">€487,200</td></tr>"
src/lib/pseo-data.ts,3931,"<tr class=""border-b border-outline-variant/30 font-bold bg-primary/5""><td class=""py-3 px-4 text-sm"">25 years</td><td class=""py-3 px-4 text-sm"">€1,752</td><td class=""py-3 px-4 text-sm"">€175,600</td><td class=""py-3 px-4 text-sm"">€525,600</td></tr>"
src/lib/pseo-data.ts,3932,"<tr class=""border-b border-outline-variant/30 text-sm text-on-surface/60""><td class=""py-3 px-4 text-sm"">30 years (less common in EU)</td><td class=""py-3 px-4 text-sm"">€1,572</td><td class=""py-3 px-4 text-sm"">€215,920</td><td class=""py-3 px-4 text-sm"">€565,920</td></tr>"
src/lib/pseo-data.ts,3937,"<p>At 3.5% over 25 years the monthly principal and interest payment is €1,752. Moving to a 20-year term adds €278 per month but saves €38,400 in total interest, while stretching to 30 years trims €180 off the monthly payment at the cost of an extra €40,320 in interest. Use the <a href=""/mortgage-calculator"">mortgage calculator</a> above to test your own scenario, or <a href=""/calculator/400k-mortgage-monthly-payment-4-percent"">compare to a $400k USD mortgage</a> for a transatlantic view of a similarly sized loan.</p>"
src/lib/pseo-data.ts,3939,"<h2>Euribor vs. Fixed Rate: Context for a €350,000 Loan</h2>"
src/lib/pseo-data.ts,3940,"<p>A €350,000 loan sits well above the Eurozone median, so the choice between fixed and Euribor-linked pricing carries real weight. France and Germany default to fixed-rate products that lock in the payment for the full term, while Belgian, Spanish, and Portuguese lenders typically price variable mortgages as Euribor plus a margin that tracks ECB policy. A 3.5% fixed rate is achievable for borrowers with strong documentation in 2026 — track live benchmarks at the <a href=""https://www.ecb.europa.eu"" target=""_blank"" rel=""noopener noreferrer"">European Central Bank</a>. At this size, each 1% shift moves the monthly payment by close to €182.</p>"
src/lib/pseo-data.ts,3942,"<h2>Rate Sensitivity: €350,000 Mortgage at 25 Years</h2>"
src/lib/pseo-data.ts,3943,"<p>Here is what different rates cost on a €350,000 loan over the standard 25-year European term:</p>"
src/lib/pseo-data.ts,3952,"<th class=""py-3 px-4 font-bold text-sm"">vs 3.5%</th>"
src/lib/pseo-data.ts,3956,"<tr class=""border-b border-outline-variant/30""><td class=""py-3 px-4 text-sm"">2.5%</td><td class=""py-3 px-4 text-sm"">€1,570</td><td class=""py-3 px-4 text-sm"">€121,000</td><td class=""py-3 px-4 text-sm"">-€182/mo</td></tr>"
src/lib/pseo-data.ts,3957,"<tr class=""border-b border-outline-variant/30""><td class=""py-3 px-4 text-sm"">3.0%</td><td class=""py-3 px-4 text-sm"">€1,660</td><td class=""py-3 px-4 text-sm"">€148,000</td><td class=""py-3 px-4 text-sm"">-€92/mo</td></tr>"
src/lib/pseo-data.ts,3958,"<tr class=""border-b border-outline-variant/30 font-bold text-primary""><td class=""py-3 px-4 text-sm"">3.5%</td><td class=""py-3 px-4 text-sm"">€1,752</td><td class=""py-3 px-4 text-sm"">€175,600</td><td class=""py-3 px-4 text-sm"">—</td></tr>"
src/lib/pseo-data.ts,3959,"<tr class=""border-b border-outline-variant/30""><td class=""py-3 px-4 text-sm"">4.0%</td><td class=""py-3 px-4 text-sm"">€1,847</td><td class=""py-3 px-4 text-sm"">€204,100</td><td class=""py-3 px-4 text-sm"">+€95/mo</td></tr>"
src/lib/pseo-data.ts,3960,"<tr class=""border-b border-outline-variant/30""><td class=""py-3 px-4 text-sm"">4.5%</td><td class=""py-3 px-4 text-sm"">€1,945</td><td class=""py-3 px-4 text-sm"">€233,500</td><td class=""py-3 px-4 text-sm"">+€193/mo</td></tr>"
src/lib/pseo-data.ts,3961,"<tr class=""border-b border-outline-variant/30""><td class=""py-3 px-4 text-sm"">5.0%</td><td class=""py-3 px-4 text-sm"">€2,046</td><td class=""py-3 px-4 text-sm"">€263,800</td><td class=""py-3 px-4 text-sm"">+€294/mo</td></tr>"
src/lib/pseo-data.ts,3966,"<h2>Income Required for a €350,000 Mortgage at 3.5%</h2>"
src/lib/pseo-data.ts,3967,"<p>Most Eurozone lenders cap housing debt at 33% of gross monthly income, and Private Mortgage Insurance does not exist in most EU markets — lenders manage risk through LTV limits and thorough credit assessments instead. Here is the income picture for a 25-year fixed term at 3.5%:</p>"
src/lib/pseo-data.ts,3968,"<p><em>Assumptions: home value ~€389,000 (90% LTV), property tax 0.3% of home value (~€97/mo), insurance ~€115/mo. No PMI charged.</em></p>"
src/lib/pseo-data.ts,3980,"<tr class=""border-b border-outline-variant/30""><td class=""py-3 px-4 text-sm"">P&I only</td><td class=""py-3 px-4 text-sm"">€1,752</td><td class=""py-3 px-4 text-sm"">~€63,700</td></tr>"
src/lib/pseo-data.ts,3981,"<tr class=""border-b border-outline-variant/30 font-bold bg-primary/5""><td class=""py-3 px-4 text-sm"">Full PITI</td><td class=""py-3 px-4 text-sm"">€1,964</td><td class=""py-3 px-4 text-sm"">~€71,400</td></tr>"
src/lib/pseo-data.ts,3982,"<tr class=""border-b border-outline-variant/30""><td class=""py-3 px-4 text-sm"">With €400 other debts</td><td class=""py-3 px-4 text-sm"">€2,364</td><td class=""py-3 px-4 text-sm"">~€86,000</td></tr>"
src/lib/pseo-data.ts,3988,"<p><strong>Belgium:</strong> At this loan size, expect lenders to require strong proof of stable dual income; notary and registration costs of 12–15% add roughly €42,000–€52,000 to the upfront bill on an inner-city Brussels purchase. <strong>Netherlands:</strong> A €350,000 loan still sits comfortably under the €435,000 NHG ceiling, which can shave a meaningful margin off the offered rate for a mid-range Dutch family home. <strong>France:</strong> Fixed-rate mortgages remain standard, and inner-ring areas around Lyon or Bordeaux see plenty of activity at this level; lenders will want to see a debt ratio comfortably below 35% including the new payment. <strong>Germany:</strong> With typical equity requirements of 20–30%, a €350,000 loan generally implies a property near €440,000–€500,000 — a strong income profile and substantial savings are prerequisites. Always confirm current criteria with a local mortgage broker before committing.</p>"
src/lib/pseo-data.ts,4005,"question: ""What is the monthly payment on a €350,000 mortgage at 3.5% over 25 years?"","
src/lib/pseo-data.ts,4006,"answer: ""The monthly principal and interest payment is €1,752. Adding property tax and building insurance brings the typical all-in monthly cost to around €1,964. As with most EU mortgages, no PMI applies — lenders rely on LTV limits instead."""
src/lib/pseo-data.ts,4009,"question: ""What income is required for a €350,000 mortgage in Europe?"","
src/lib/pseo-data.ts,4010,"answer: ""At the standard 33% DTI ceiling used by most Belgian, French, and Dutch lenders, the full PITI of €1,964 requires a gross annual income near €71,400. Add €400 in other monthly debts and that rises to roughly €86,000 — a level that typically calls for two solid incomes or one exceptionally strong one."""
src/lib/pseo-data.ts,4013,"question: ""Is a Euribor-linked rate worth the risk on a €350,000 mortgage?"","
src/lib/pseo-data.ts,4014,"answer: ""A Euribor-linked rate can undercut a fixed offer when the benchmark is low, which has made it popular in Belgium and the Netherlands. But on a €350,000 loan, each 1% increase adds about €182 to the monthly payment. If your budget has little slack, a fixed rate — standard in France and Germany — offers steadier footing for a loan this size."""
src/lib/pseo-data.ts,4017,"question: ""Who typically takes out a €350,000 mortgage in Europe?"","
src/lib/pseo-data.ts,4018,"answer: ""This loan size is common among inner-city Brussels buyers and mid-range Dutch families upgrading from a starter home. Lenders expect a strong, stable income profile — often two incomes — plus a clean credit record and a deposit of at least 10% of the purchase price."""
src/lib/pseo-data.ts,4026,"amount: 400000,"
src/lib/pseo-data.ts,4027,"rate: 3.5,"
src/lib/pseo-data.ts,4028,"term: 25,"
src/lib/pseo-data.ts,4030,"customTitle: ""€400,000 Mortgage at 3.5% Europe 2026: Jumbo Loan Payment & Income Guide"","
src/lib/pseo-data.ts,4031,"customDescription: ""€400,000 mortgage at 3.5% over 25 years in Europe 2026: monthly payment €2,002, income needed at 33% DTI, jumbo-loan notes, and full rate sensitivity table."","
src/lib/pseo-data.ts,4032,"customH1: ""€400,000 Mortgage at 3.5%: Payments and Qualifying Income for Premium Buyers"","
src/lib/pseo-data.ts,4033,"customIntro: ""A €400,000 mortgage at 3.5% sits firmly in premium territory — central Brussels, Amsterdam, and the well-connected suburbs of Paris are typical markets at this price point. Borrowers here are usually top-tier earners with substantial savings, since lenders apply extra scrutiny and often expect a 20–25% down payment on loans of this size. The monthly payment over 25 years works out to €2,002, a figure that implies a gross household income comfortably above €80,000. Use the <a href='/mortgage-calculator'>mortgage calculator</a> above to model your own deposit and term."","
src/lib/pseo-data.ts,4035,"<h2>Monthly Payment on a €400,000 Mortgage at 3.5%</h2>"
src/lib/pseo-data.ts,4036,"<p>At this loan size, term selection has a substantial impact on both monthly cash flow and total cost. Here is the full breakdown for a €400,000 loan at a 3.5% fixed rate:</p>"
src/lib/pseo-data.ts,4049,"<tr class=""border-b border-outline-variant/30""><td class=""py-3 px-4 text-sm"">10 years</td><td class=""py-3 px-4 text-sm"">€3,955</td><td class=""py-3 px-4 text-sm"">€74,600</td><td class=""py-3 px-4 text-sm"">€474,600</td></tr>"
src/lib/pseo-data.ts,4050,"<tr class=""border-b border-outline-variant/30""><td class=""py-3 px-4 text-sm"">15 years</td><td class=""py-3 px-4 text-sm"">€2,860</td><td class=""py-3 px-4 text-sm"">€114,800</td><td class=""py-3 px-4 text-sm"">€514,800</td></tr>"
src/lib/pseo-data.ts,4051,"<tr class=""border-b border-outline-variant/30""><td class=""py-3 px-4 text-sm"">20 years</td><td class=""py-3 px-4 text-sm"">€2,320</td><td class=""py-3 px-4 text-sm"">€156,800</td><td class=""py-3 px-4 text-sm"">€556,800</td></tr>"
src/lib/pseo-data.ts,4052,"<tr class=""border-b border-outline-variant/30 font-bold bg-primary/5""><td class=""py-3 px-4 text-sm"">25 years</td><td class=""py-3 px-4 text-sm"">€2,002</td><td class=""py-3 px-4 text-sm"">€200,600</td><td class=""py-3 px-4 text-sm"">€600,600</td></tr>"
src/lib/pseo-data.ts,4053,"<tr class=""border-b border-outline-variant/30 text-sm text-on-surface/60""><td class=""py-3 px-4 text-sm"">30 years (less common in EU)</td><td class=""py-3 px-4 text-sm"">€1,796</td><td class=""py-3 px-4 text-sm"">€246,560</td><td class=""py-3 px-4 text-sm"">€646,560</td></tr>"
src/lib/pseo-data.ts,4058,"<p>At 3.5% over 25 years the monthly principal and interest payment is €2,002. Choosing a 20-year term instead adds €318 per month but saves €43,800 in total interest — a meaningful sum at this loan size. Stretching to 30 years reduces the payment by €206 but adds €45,960 in interest over the full term. Run your own numbers with the <a href=""/mortgage-calculator"">mortgage calculator</a> above, or <a href=""/calculator/400k-mortgage-monthly-payment-4-percent"">compare to a $400k USD mortgage</a> to see how this stacks up against a similarly sized US loan.</p>"
src/lib/pseo-data.ts,4060,"<h2>Euribor vs. Fixed Rate: Context for a €400,000 Loan</h2>"
src/lib/pseo-data.ts,4061,"<p>On a €400,000 mortgage, the spread between a fixed and a Euribor-linked rate can swing the household budget by hundreds of euros a month. Fixed pricing dominates in France and Germany, guaranteeing the payment for the full 25 years, while Belgian, Spanish, and Portuguese banks commonly price variable loans as Euribor plus a margin tied to ECB decisions. A 3.5% fixed rate is within reach for well-documented borrowers in 2026 — the <a href=""https://www.ecb.europa.eu"" target=""_blank"" rel=""noopener noreferrer"">European Central Bank</a> publishes current benchmark levels. Here, a 1% move changes the monthly payment by around €208.</p>"
src/lib/pseo-data.ts,4063,"<h2>Rate Sensitivity: €400,000 Mortgage at 25 Years</h2>"
src/lib/pseo-data.ts,4064,"<p>Here is what different rates cost on a €400,000 loan over the standard 25-year European term:</p>"
src/lib/pseo-data.ts,4073,"<th class=""py-3 px-4 font-bold text-sm"">vs 3.5%</th>"
src/lib/pseo-data.ts,4077,"<tr class=""border-b border-outline-variant/30""><td class=""py-3 px-4 text-sm"">2.5%</td><td class=""py-3 px-4 text-sm"">€1,794</td><td class=""py-3 px-4 text-sm"">€138,200</td><td class=""py-3 px-4 text-sm"">-€208/mo</td></tr>"
src/lib/pseo-data.ts,4078,"<tr class=""border-b border-outline-variant/30""><td class=""py-3 px-4 text-sm"">3.0%</td><td class=""py-3 px-4 text-sm"">€1,897</td><td class=""py-3 px-4 text-sm"">€169,100</td><td class=""py-3 px-4 text-sm"">-€105/mo</td></tr>"
src/lib/pseo-data.ts,4079,"<tr class=""border-b border-outline-variant/30 font-bold text-primary""><td class=""py-3 px-4 text-sm"">3.5%</td><td class=""py-3 px-4 text-sm"">€2,002</td><td class=""py-3 px-4 text-sm"">€200,600</td><td class=""py-3 px-4 text-sm"">—</td></tr>"
src/lib/pseo-data.ts,4080,"<tr class=""border-b border-outline-variant/30""><td class=""py-3 px-4 text-sm"">4.0%</td><td class=""py-3 px-4 text-sm"">€2,111</td><td class=""py-3 px-4 text-sm"">€233,300</td><td class=""py-3 px-4 text-sm"">+€109/mo</td></tr>"
src/lib/pseo-data.ts,4081,"<tr class=""border-b border-outline-variant/30""><td class=""py-3 px-4 text-sm"">4.5%</td><td class=""py-3 px-4 text-sm"">€2,223</td><td class=""py-3 px-4 text-sm"">€266,900</td><td class=""py-3 px-4 text-sm"">+€221/mo</td></tr>"
src/lib/pseo-data.ts,4082,"<tr class=""border-b border-outline-variant/30""><td class=""py-3 px-4 text-sm"">5.0%</td><td class=""py-3 px-4 text-sm"">€2,338</td><td class=""py-3 px-4 text-sm"">€301,400</td><td class=""py-3 px-4 text-sm"">+€336/mo</td></tr>"
src/lib/pseo-data.ts,4087,"<h2>Income Required for a €400,000 Mortgage at 3.5%</h2>"
src/lib/pseo-data.ts,4088,"<p>Most Eurozone lenders cap housing debt at 33% of gross monthly income. Private Mortgage Insurance does not exist in most EU markets — lenders manage risk through LTV limits, larger deposits, and detailed income verification instead. Here is the income picture for a 25-year fixed term at 3.5%:</p>"
src/lib/pseo-data.ts,4089,"<p><em>Assumptions: home value ~€444,000 (90% LTV), property tax 0.3% of home value (~€111/mo), insurance ~€130/mo. No PMI — EU lenders rely on LTV limits instead.</em></p>"
src/lib/pseo-data.ts,4101,"<tr class=""border-b border-outline-variant/30""><td class=""py-3 px-4 text-sm"">P&I only</td><td class=""py-3 px-4 text-sm"">€2,002</td><td class=""py-3 px-4 text-sm"">~€72,800</td></tr>"
src/lib/pseo-data.ts,4102,"<tr class=""border-b border-outline-variant/30 font-bold bg-primary/5""><td class=""py-3 px-4 text-sm"">Full PITI</td><td class=""py-3 px-4 text-sm"">€2,243</td><td class=""py-3 px-4 text-sm"">~€81,600</td></tr>"
src/lib/pseo-data.ts,4103,"<tr class=""border-b border-outline-variant/30""><td class=""py-3 px-4 text-sm"">With €400 other debts</td><td class=""py-3 px-4 text-sm"">€2,643</td><td class=""py-3 px-4 text-sm"">~€96,100</td></tr>"
src/lib/pseo-data.ts,4109,"<p><strong>Belgium:</strong> A €400,000 loan places you among the larger mortgages written in the market; central Brussels properties at this price point often carry notary and registration costs of €48,000–€60,000 on top of the deposit. <strong>Netherlands:</strong> This loan size approaches the €435,000 NHG ceiling — qualifying preserves the guarantee's rate advantage, but a property near €444,000 may sit just above it, so confirm eligibility early in the process. <strong>France:</strong> Fixed-rate products dominate, and Paris-suburb buyers at this level typically need a strong permanent employment contract (CDI) and a debt ratio comfortably under 35%. <strong>Germany:</strong> Expect lenders to require 20–30% equity, implying a property near €500,000–€570,000 — a premium-market purchase that calls for a well-documented, top-tier income profile. <strong>Jumbo loan note:</strong> In most EU markets, €400,000 is treated as a jumbo loan; lenders often require a 20–25% down payment and apply additional scrutiny to income, employment history, and existing debts. Always work with a local mortgage adviser to confirm current requirements.</p>"
src/lib/pseo-data.ts,4126,"question: ""What is the monthly payment on a €400,000 mortgage at 3.5% over 25 years?"","
src/lib/pseo-data.ts,4127,"answer: ""The monthly principal and interest payment is €2,002. Including property tax and building insurance, the typical all-in monthly cost comes to around €2,243. EU lenders do not generally charge PMI, relying instead on lower LTV ceilings and larger deposits."""
src/lib/pseo-data.ts,4130,"question: ""What income do I need for a €400,000 mortgage at 3.5%?"","
src/lib/pseo-data.ts,4131,"answer: ""Under the common 33% DTI rule, the full PITI of €2,243 requires a gross annual income near €81,600. Add €400 in other monthly debts and the requirement rises to roughly €96,100 — a threshold that usually means a top-tier dual income or a single high earner."""
src/lib/pseo-data.ts,4134,"question: ""Should I pick a fixed or Euribor-linked rate on a €400,000 mortgage?"","
src/lib/pseo-data.ts,4135,"answer: ""At this loan size the stakes are higher: a 1% Euribor increase adds around €208 to the monthly payment. Fixed rates — the norm in France and Germany — remove that uncertainty entirely. Belgian, Spanish, and Portuguese buyers considering a variable product should stress-test their budget at Euribor +1.5% before committing to a loan this large."""
src/lib/pseo-data.ts,4138,"question: ""Is €400,000 a jumbo mortgage in Europe?"","
src/lib/pseo-data.ts,4139,"answer: ""Yes — in most EU markets, €400,000 sits at or above the threshold lenders treat as a jumbo loan. Expect to be asked for a larger down payment (often 20–25%), more thorough income verification, and a lower maximum LTV than on a typical mid-range mortgage. Central Brussels, Amsterdam, and Paris-suburb buyers are the most common borrowers at this level."""
src/lib/pseo-data.ts,4208,"intro: `Financial experts suggest keeping your housing costs below 28% of your gross income. If you earn ${formattedSalary}, here is your estimated affordability limit.`,"
src/lib/pseo-data.ts,4217,"""Aim for a 20% down payment to avoid Private Mortgage Insurance (PMI)."","
src/lib/pseo-data.ts,4220,"""Don't forget to budget for closing costs, usually 2-5% of the home price."""
src/lib/pseo-data.ts,4225,"""Keep your total debt payments below 36% of your gross monthly income."","
src/lib/pseo-data.ts,4229,"""Use the 28/36 rule: House costs < 28% and total debt < 36% of income."","
src/lib/pseo-data.ts,4231,"""Budget for 'hidden' costs like maintenance, which is roughly 1% of home value annually."","
src/lib/finance.ts,31,return (loanAmount * 0.005) / 12; // 0.5% annual estimate
src/lib/finance.ts,37,if (principal > 1e12 || annualRate > 100) return 'Enter an amount up to 1 trillion and a rate up to 100%.';
src/lib/searchIndex.ts,35,"description: ""The 20% down payment rule is outdated. See how much you actually need in 2026, what PMI costs, and the programs that can help."","
src/lib/searchIndex.ts,112,"title: ""$100,000 Mortgage Monthly Payment"","
src/lib/searchIndex.ts,113,"description: ""Full breakdown for every rate and term on a $100k mortgage."","
src/lib/searchIndex.ts,118,"title: ""$200,000 Mortgage Monthly Payment"","
src/lib/searchIndex.ts,119,"description: ""Full breakdown for every rate and term on a $200k mortgage."","
src/lib/searchIndex.ts,155,"description: ""Exact numbers for every extra payment amount from $50 to $1,000."","
src/lib/searchIndex.ts,160,"title: ""€300,000 Euro Mortgage"","
src/lib/searchIndex.ts,166,"title: ""€200,000 Euro Mortgage"","
src/data/articles.ts,26,"title: ""$400k Mortgage Monthly Payment (2026)"","
src/data/articles.ts,29,"excerpt: ""What is the monthly payment on a $400,000 mortgage in 2026? See payment tables for every rate and term, total interest costs, income requirements, and a full breakdown including taxes and insurance."","
src/data/articles.ts,39,"""name"": ""Can I afford a $400k mortgage on a $100k salary?"","
src/data/articles.ts,42,"""text"": ""It's tight but possible. At $100k annual salary ($8,333/month gross), a $2,528 monthly payment represents 30.3% of gross income — just above the recommended 28% threshold."""
src/data/articles.ts,47,"""name"": ""What credit score do I need for a $400k mortgage?"","
src/data/articles.ts,58,"""text"": ""Choose 30-year for lowest monthly payment and flexibility. Choose 15-year if you can afford higher payments to save substantially on interest — over $280,000 at current rates."""
src/data/articles.ts,64,"<p>Thinking about taking out a $400,000 mortgage? Whether you're buying your first home or upgrading to something larger, knowing your exact <strong>monthly payment on a 400k mortgage</strong> is essential for staying within your budget. In 2026, the real cost of homeownership extends beyond just principal and interest. This guide provides the exact math for a $400,000 loan across multiple terms, income requirements, and the total interest you can expect to pay.</p>"
src/data/articles.ts,67,"<h3 class=""text-xl font-bold text-primary mb-2"">Detailed $400k Payment Breakdown (at 6.5%)</h3>"
src/data/articles.ts,70,"<li><strong>Principal & Interest:</strong> $2,528</li>"
src/data/articles.ts,71,<li><strong>Estimated Taxes & Insurance:</strong> $550–$750</li>
src/data/articles.ts,72,"<li><strong>Typical All-in Payment (PITI):</strong> $3,100–$3,300</li>"
src/data/articles.ts,76,<h2>$400k Mortgage 30 Years: Static Rate Scenarios</h2>
src/data/articles.ts,77,"<p>A $400,000 loan balance is extremely sensitive to interest rate shifts. Use the table below to find your base <strong>principal and interest</strong> cost across common 2026 rates. Note how a 1% drop in rates saves you roughly $260 every single month.</p>"
src/data/articles.ts,91,"<td class=""py-3 px-4 font-bold"">5.0%</td>"
src/data/articles.ts,92,"<td class=""py-3 px-4"">$3,163</td>"
src/data/articles.ts,93,"<td class=""py-3 px-4"">$2,640</td>"
src/data/articles.ts,94,"<td class=""py-3 px-4"">$2,147</td>"
src/data/articles.ts,97,"<td class=""py-3 px-4 font-bold"">5.5%</td>"
src/data/articles.ts,98,"<td class=""py-3 px-4"">$3,268</td>"
src/data/articles.ts,99,"<td class=""py-3 px-4"">$2,751</td>"
src/data/articles.ts,100,"<td class=""py-3 px-4"">$2,271</td>"
src/data/articles.ts,103,"<td class=""py-3 px-4 font-bold"">6.0%</td>"
src/data/articles.ts,104,"<td class=""py-3 px-4"">$3,375</td>"
src/data/articles.ts,105,"<td class=""py-3 px-4"">$2,866</td>"
src/data/articles.ts,106,"<td class=""py-3 px-4"">$2,398</td>"
src/data/articles.ts,109,"<td class=""py-3 px-4 font-bold text-primary"">6.5% (2026 Avg)</td>"
src/data/articles.ts,110,"<td class=""py-3 px-4 font-bold text-primary"">$3,485</td>"
src/data/articles.ts,111,"<td class=""py-3 px-4 font-bold text-primary"">$2,984</td>"
src/data/articles.ts,112,"<td class=""py-3 px-4 font-bold text-primary"">$2,528</td>"
src/data/articles.ts,115,"<td class=""py-3 px-4 font-bold"">7.0%</td>"
src/data/articles.ts,116,"<td class=""py-3 px-4"">$3,596</td>"
src/data/articles.ts,117,"<td class=""py-3 px-4"">$3,101</td>"
src/data/articles.ts,118,"<td class=""py-3 px-4"">$2,661</td>"
src/data/articles.ts,121,"<td class=""py-3 px-4 font-bold"">7.5%</td>"
src/data/articles.ts,122,"<td class=""py-3 px-4"">$3,710</td>"
src/data/articles.ts,123,"<td class=""py-3 px-4"">$3,222</td>"
src/data/articles.ts,124,"<td class=""py-3 px-4"">$2,796</td>"
src/data/articles.ts,130,<h2>How much income do you need for a $400k mortgage?</h2>
src/data/articles.ts,131,"<p>Lenders use the <strong>28% DTI rule</strong> to determine affordability. This rule suggests your total housing cost should not exceed 28% of your gross monthly income. For a $400k loan, that math works out as follows:</p>"
src/data/articles.ts,133,"<li><strong>Estimated Total Payment (PITI):</strong> ~$3,200</li>"
src/data/articles.ts,134,"<li><strong>Required Monthly Gross Income:</strong> $3,200 ÷ 0.28 = <strong>$11,428</strong></li>"
src/data/articles.ts,135,"<li><strong>Required Annual Gross Income:</strong> $11,428 × 12 = <strong>$137,136</strong></li>"
src/data/articles.ts,137,"<p>Keep in mind that if you have significant other debts (car loans, student loans), lenders will apply the 36% ""back-end"" ratio, which might require an even higher income to qualify for a mortgage on a 400k house.</p>"
src/data/articles.ts,140,"<p>While the ""20% down"" goal is standard for avoiding Private Mortgage Insurance (PMI), many 2026 mortgage programs allow for much lower entry points. Here is how your upfront cash affects your loan balance:</p>"
src/data/articles.ts,144,"<span class=""block text-primary font-bold text-xl mb-1"">3% Down</span>"
src/data/articles.ts,145,"<span class=""text-on-surface-variant font-medium"">$12,000 Upfront</span>"
src/data/articles.ts,148,"<span class=""block text-primary font-bold text-xl mb-1"">5% Down</span>"
src/data/articles.ts,149,"<span class=""text-on-surface-variant font-medium"">$20,000 Upfront</span>"
src/data/articles.ts,152,"<span class=""block text-primary font-bold text-xl mb-1"">10% Down</span>"
src/data/articles.ts,153,"<span class=""text-on-surface-variant font-medium"">$40,000 Upfront</span>"
src/data/articles.ts,156,"<span class=""block text-primary font-bold text-xl mb-1"">20% Down</span>"
src/data/articles.ts,157,"<span class=""text-on-surface-variant font-extrabold"">$80,000 Upfront</span>"
src/data/articles.ts,162,<h2>Total interest paid over 30 years on a $400k mortgage</h2>
src/data/articles.ts,163,"<p>One of the most surprising aspects of a <strong>400k mortgage monthly payment</strong> is the total cost over three decades. At a <a href=""/calculator/400k-mortgage-monthly-payment-4-percent"">6.5% interest rate</a>, the ""true"" cost of your home is nearly double the original loan amount:</p>"
src/data/articles.ts,165,"<li><strong>Principal Borrowed:</strong> $400,000</li>"
src/data/articles.ts,166,"<li><strong>Total Interest Paid:</strong> $510,234</li>"
src/data/articles.ts,167,"<li><strong>Total Sum of Payments:</strong> $910,234</li>"
src/data/articles.ts,169,"<p>By switching to a 15-year term, you pay more per month ($3,485) but save an incredible **$282,904** in interest over the life of the loan. You can track this in detail with our <a href=""/amortization-schedule"">amortization schedule guide</a>.</p>"
src/data/articles.ts,176,"<p>Where <strong>M</strong> is your monthly payment, <strong>P</strong> is the principal ($400,000), <strong>r</strong> is the monthly interest rate, and <strong>n</strong> is the number of months. Understanding the math behind your mortgage helps you identify exactly how small changes in interest rates or loan terms can save you thousands. For a deep dive, check our <a href=""/blog/loan-calculator-explained"">loan calculator guide</a>.</p>"
src/data/articles.ts,180,Run your $400k mortgage calculation now →
src/data/articles.ts,212,"""text"": ""For a $400,000 home, budget for $55,000–$75,000 in total cash: a 10–20% down payment ($40,000–$80,000), closing costs of 2–5% ($8,000–$20,000), and an emergency reserve of 1–2% ($4,000–$8,000). Having less than this is not disqualifying but significantly increases financial stress in the first years of ownership."""
src/data/articles.ts,228,"""text"": ""Most conventional lenders require a minimum score of 620. FHA loans are available with scores as low as 580 with 3.5% down. But to qualify for the best available rates — which saves you significantly over the life of the loan — aim for 740 or above. Check your score at AnnualCreditReport.com before you start the process."""
src/data/articles.ts,247,"<p>Lenders typically approve mortgages up to a 43% debt-to-income ratio — meaning your total monthly debt payments, including the new mortgage, can be up to 43% of your gross monthly income. But living at 43% DTI is financially suffocating for most households, especially once you add the unexpected costs of homeownership: maintenance, repairs, appliance replacements, and the general reality that houses always cost more than you expect.</p>"
src/data/articles.ts,250,"<li>Your <a href=""/mortgage-calculator"">monthly mortgage payment</a> (principal, interest, taxes, insurance) should not exceed 28% of your gross monthly income</li>"
src/data/articles.ts,251,<li>Your total monthly debt payments should not exceed 36% of your gross monthly income</li>
src/data/articles.ts,253,"<p>Here's what that means in practice for a <a href=""/calculator/400k-mortgage-monthly-payment-4-percent"">$400,000 home with 10% down at 6.5%</a> interest over 30 years:</p>"
src/data/articles.ts,266,"<td class=""py-3"">$2,275</td>"
src/data/articles.ts,269,"<td class=""py-3"">Property taxes (avg. 1.1%)</td>"
src/data/articles.ts,270,"<td class=""py-3"">$367</td>"
src/data/articles.ts,274,"<td class=""py-3"">$150</td>"
src/data/articles.ts,277,"<td class=""py-3"">PMI (&lt; 20% down)</td>"
src/data/articles.ts,278,"<td class=""py-3"">$180</td>"
src/data/articles.ts,282,"<td class=""py-3"">$2,972</td>"
src/data/articles.ts,288,"<p>At the 28% threshold, you would need a gross monthly income of at least $10,614 ($127,368/year) to comfortably afford this payment. At the more relaxed 36% threshold, the minimum drops to $8,256/month ($99,072/year).</p>"
src/data/articles.ts,295,"<li><strong>Closing costs</strong> — typically 2–5% of the purchase price. On a $400,000 home, that is $8,000–$20,000 paid at closing on top of your down payment.</li>"
src/data/articles.ts,296,"<li><strong>Home inspection</strong> — $300–$600, paid out of pocket before closing. Never skip this.</li>"
src/data/articles.ts,297,"<li><strong>Moving costs</strong> — $1,000–$5,000 depending on distance and volume.</li>"
src/data/articles.ts,298,"<li><strong>Immediate repairs and updates</strong> — even a move-in-ready home typically requires $3,000–$10,000 in the first year for things the previous owner deferred.</li>"
src/data/articles.ts,299,"<li><strong>Emergency fund</strong> — financial advisors typically recommend keeping 1–3% of the home's value in reserve for unexpected repairs. On a $400,000 home, that is $4,000–$12,000 you should not touch for the mortgage.</li>"
src/data/articles.ts,302,"<p>A buyer purchasing a $400,000 home with 10% down should budget for a total cash outlay of $55,000–$75,000, not just the $40,000 down payment.</p>"
src/data/articles.ts,318,"<p>Shop multiple lenders before committing. The <a href=""https://www.consumerfinance.gov/owning-a-home/explore-rates/"" target=""_blank"" rel=""noopener noreferrer"">Consumer Financial Protection Bureau</a> found that borrowers who get at least three mortgage quotes save an average of $1,500 over the life of their loan compared to borrowers who accept the first quote. Getting multiple pre-approvals within a 45-day window counts as a single inquiry on your credit report, so there is no penalty for comparing.</p>"
src/data/articles.ts,320,"<p>Once pre-approved, understand two limitations. First, pre-approval is conditional — it can be revoked if your financial situation changes before closing. Do not change jobs, open new credit accounts, or make large purchases between pre-approval and closing. Second, the pre-approved amount is a ceiling, not a target. Being pre-approved for $500,000 does not mean buying a $500,000 home is financially wise.</p>"
src/data/articles.ts,328,"<li><strong>List-to-sale price ratio</strong> — the percentage of asking price that homes are actually selling for. If homes are selling at 98–102% of list price, expect to offer at or above asking. If homes are selling at 93–95%, there is room to negotiate.</li>"
src/data/articles.ts,340,"<li><strong>Escalation clauses.</strong> In a multiple-offer situation, an escalation clause automatically increases your offer in set increments above any competing offer, up to a maximum you specify. For example: ""I offer $420,000, and will beat any competing offer by $2,500 up to a maximum of $440,000."" This can be effective but also signals to the seller exactly how much you are willing to pay.</li>"
src/data/articles.ts,342,"<li><strong>Earnest money.</strong> A higher earnest money deposit — typically 1–3% of the purchase price, so $4,000–$12,000 on a $400,000 home — signals serious commitment to the seller and can differentiate your offer when the price is similar to competing bids.</li>"
src/data/articles.ts,348,"<p>A home inspection is one of the most valuable $400 you will spend in the homebuying process. Never skip it, even on a new build or a move-in-ready home.</p>"
src/data/articles.ts,363,"<p>Use the TryFinCalc <a href=""/refinancing-calculator"">refinancing calculator</a> to model what a rate change of 0.25% or 0.5% would mean for your <a href=""/loan-calculator"">total loan cost</a> — the numbers are more dramatic than most buyers expect.</p>"
src/data/articles.ts,377,"<p>For a $400,000 home, budget for $55,000–$75,000 in total cash: a 10–20% down payment ($40,000–$80,000), closing costs of 2–5% ($8,000–$20,000), and an emergency reserve of 1–2% ($4,000–$8,000). Having less than this is not disqualifying but significantly increases financial stress in the first years of ownership.</p>"
src/data/articles.ts,383,"<p>Most conventional lenders require a minimum score of 620. FHA loans are available with scores as low as 580 with 3.5% down. But to qualify for the best available rates — which saves you significantly over the life of the loan — aim for 740 or above. Check your score at <a href=""https://www.annualcreditreport.com"" target=""_blank"" rel=""noopener noreferrer"">AnnualCreditReport.com</a> before you start the process.</p>"
src/data/articles.ts,414,"<li><strong>Insurance:</strong> This includes homeowners insurance and, if you put down less than 20%, Private Mortgage Insurance (PMI).</li>"
src/data/articles.ts,435,"<h2>Worked Example: $350,000 Home</h2>"
src/data/articles.ts,436,"<p>Suppose you're buying a <strong>$350,000 home</strong> with a 10% down payment ($35,000). Your loan amount is <strong>$315,000</strong> with a <strong>30-year fixed rate of 6.8%</strong>.</p>"
src/data/articles.ts,439,"<li><strong>Principal & Interest:</strong> ~$2,052</li>"
src/data/articles.ts,440,<li><strong>Property Taxes (est.):</strong> ~$350</li>
src/data/articles.ts,441,<li><strong>Homeowners Insurance (est.):</strong> ~$150</li>
src/data/articles.ts,442,<li><strong>PMI (if applicable):</strong> ~$78</li>
src/data/articles.ts,444,"<p><strong>Total Monthly Payment: ~$2,630</strong></p>"
src/data/articles.ts,450,"<p>Here is how different rates affect a <strong>$315,000 loan</strong> over 30 years (P&I only):</p>"
src/data/articles.ts,462,"<tr class=""border-b border-outline-variant/30""><td>5.5%</td><td>$1,789</td><td>$328,879</td></tr>"
src/data/articles.ts,463,"<tr class=""border-b border-outline-variant/30""><td>6.0%</td><td>$1,889</td><td>$364,895</td></tr>"
src/data/articles.ts,464,"<tr class=""border-b border-outline-variant/30 bg-primary/5""><td><strong>6.8%</strong></td><td><strong>$2,052</strong></td><td><strong>$424,242</strong></td></tr>"
src/data/articles.ts,465,"<tr class=""border-b border-outline-variant/30""><td>7.5%</td><td>$2,202</td><td>$477,883</td></tr>"
src/data/articles.ts,470,"<p>A 2% difference in rate can cost you over $400 more per month and $150,000 extra in interest over 30 years.</p>"
src/data/articles.ts,473,"<p>Comparing a <strong>$315,000 loan</strong> at 6.0% interest:</p>"
src/data/articles.ts,475,"<li><strong>30-Year:</strong> $1,889/mo | Total Interest: $364,895</li>"
src/data/articles.ts,476,"<li><strong>15-Year:</strong> $2,658/mo | Total Interest: $163,472</li>"
src/data/articles.ts,478,"<p>The 15-year term saves you over $201,000 in interest but increases your monthly payment by nearly $800. You can compare these terms instantly using our <a href=""/amortization-schedule"">amortization schedule</a> tool.</p>"
src/data/articles.ts,489,"<p>Before committing, check the <a href=""https://www.federalreserve.gov"" target=""_blank"" rel=""noopener noreferrer"">Federal Reserve</a> for updates on market trends that might influence when you should lock in your rate. For a specific example of how these rates apply to common loan amounts, see our <a href=""/blog/400k-mortgage-monthly-payment"">$400k mortgage monthly payment breakdown</a>, including the exact costs for <a href=""/calculator/400k-mortgage-monthly-payment-4-percent"">a $400,000 mortgage at 4%</a> and <a href=""/calculator/300k-mortgage-monthly-payment-6-percent"">a $300,000 mortgage at 6%</a>.</p>"
src/data/articles.ts,497,"<p>A good payment is one that doesn't exceed 28% of your gross monthly income. This ""28% rule"" is a standard used by many lenders to ensure you aren't overextended financially.</p>"
src/data/articles.ts,500,"<p>Yes. A higher down payment reduces your total loan amount, meaning you pay less in interest and principal each month. It also helps you avoid PMI costs if you reach 20% equity.</p>"
src/data/articles.ts,524,"excerpt: ""Find out how much house you can afford in 2026 using the 28/36 rule, real income examples from $50k to $200k, and a free affordability calculator."","
src/data/articles.ts,529,"<p>Deciding <strong>how much house can I afford</strong> is the most critical step in the homebuying process, especially in 2026. With mortgage rates above 6% and home prices remaining elevated, your true budget—not just the listing price—dictates your purchasing power. To avoid financial strain, you must look beyond the sticker price and understand how your income, debts, and current economic conditions interact. Using an <a href=""/affordability-calculator"">affordability calculator</a> is the best way to start your search with realistic expectations.</p>"
src/data/articles.ts,532,"<p>Lenders use specific ratios to determine your borrowing limit, most notably the 28/36 rule. This standard suggests that your total housing costs should not exceed 28% of your gross monthly income, while your total debt payments (including the new mortgage, car loans, and student loans) should stay below 36%.</p>"
src/data/articles.ts,534,"<p><strong>Worked Example: $75,000 Salary</strong></p>"
src/data/articles.ts,535,"<p>If you earn $75,000 per year ($6,250/month gross), the 28% rule sets your maximum monthly housing payment at approximately <strong>$1,750</strong>. If you have significant monthly debt, the 36% rule may lower this ceiling further. Understanding these thresholds is vital in learning <strong>how much house can I afford</strong>. You can model your own debt scenarios using our <a href=""/loan-calculator"">loan calculator</a>.</p>"
src/data/articles.ts,538,"<p>The table below provides a snapshot of affordability in 2026. These estimates assume a 6.8% interest rate, a 30-year fixed term, 10% down payment, and housing costs at 28% of gross income.</p>"
src/data/articles.ts,550,"<tr class=""border-b border-outline-variant/30""><td>$50,000</td><td>~$1,167</td><td>~$185,000</td></tr>"
src/data/articles.ts,551,"<tr class=""border-b border-outline-variant/30""><td>$75,000</td><td>~$1,750</td><td>~$275,000</td></tr>"
src/data/articles.ts,552,"<tr class=""border-b border-outline-variant/30 bg-primary/5""><td class=""font-bold"">$100,000</td><td class=""font-bold"">~$2,333</td><td class=""font-bold"">~$370,000</td></tr>"
src/data/articles.ts,553,"<tr class=""border-b border-outline-variant/30""><td>$150,000</td><td>~$3,500</td><td>~$555,000</td></tr>"
src/data/articles.ts,554,"<tr class=""border-b border-outline-variant/30""><td>$200,000</td><td>~$4,667</td><td>~$740,000</td></tr>"
src/data/articles.ts,565,"<li><strong>Debt-to-Income (DTI) Ratio:</strong> Lenders compare total monthly debt to gross income. The <a href=""https://www.consumerfinance.gov"" target=""_blank"" rel=""noopener noreferrer"">Consumer Financial Protection Bureau</a> (CFPB) notes a 43% DTI is often the maximum for conventional loans.</li>"
src/data/articles.ts,567,"<li><strong>Down Payment Size:</strong> Higher down payments reduce risk. While <a href=""https://www.hud.gov"" target=""_blank"" rel=""noopener noreferrer"">HUD</a> sets FHA minimums at 3.5%, a 20% down payment eliminates PMI costs.</li>"
src/data/articles.ts,572,"<p>When asking <strong>how much house can I afford</strong>, don't just focus on principal and interest. Property taxes, homeowners insurance, PMI, and HOA fees can add $400 to $800 to your monthly bill. Additionally, the <strong>1% Rule</strong> suggests budgeting 1% of your home's value annually for maintenance. On a $370,000 home, that's over $300 a month for upkeep. Use our <a href=""/mortgage-calculator"">mortgage calculator</a> to ensure these ""extras"" are included in your budget.</p>"
src/data/articles.ts,584,"<p>Finally, evaluate <a href=""/blog/rent-vs-buy-2026"">whether renting still makes sense</a> in your specific area, as market dynamics vary locally. If you're looking at a standard entry-level home price, see our specific analysis of the <a href=""/blog/400k-mortgage-monthly-payment"">$400k mortgage monthly payment</a> requirement. For a personalized estimate, check <a href=""/calculator/income-required-for-400k-house"">what income you need for a $400k house</a> or model your budget <a href=""/calculator/how-much-house-can-i-afford-80k-salary"">on an $80,000 salary</a>.</p>"
src/data/articles.ts,588,"<h3>How much house can I afford on a $75,000 salary?</h3>"
src/data/articles.ts,589,"<p>On a $75,000 salary, your gross income is approximately $6,250 per month. Under the 28% rule, a safe monthly payment is around $1,750, which usually allows for a home price of about $275,000 at current interest rates.</p>"
src/data/articles.ts,592,<p>The 28/36 rule is a standard formula used by lenders to decide <strong>how much house can I afford</strong>. It caps housing costs at 28% and total debt payments at 36% of your gross monthly income.</p>
src/data/articles.ts,595,"<p>Depending on the loan, you may need as little as 3.5% (FHA) or up to 20% for a conventional loan without mortgage insurance. However, the more you put down, the lower your monthly payment and total interest cost.</p>"
src/data/articles.ts,649,"""text"": ""Extra payments go 100% toward your principal balance. This reduces the base amount on which future interest is calculated, shortening your loan term and saving you money."""
src/data/articles.ts,689,"<p>An <strong>amortization schedule</strong> typically presents your loan's life in a clear, table-based format. The most common columns include the Month, Total Payment, Principal Paid, Interest Paid, and Remaining Balance. Seeing these numbers helps you understand the true cost of your home. Below is a sample schedule for the first six months of a $300,000 loan at 6.8% over 30 years (with a monthly payment of approximately $1,961):</p>"
src/data/articles.ts,703,"<tr class=""border-b border-outline-variant/30""><td>1</td><td>$1,961</td><td>$261</td><td>$1,700</td><td>$299,739</td></tr>"
src/data/articles.ts,704,"<tr class=""border-b border-outline-variant/30""><td>2</td><td>$1,961</td><td>$263</td><td>$1,698</td><td>$299,476</td></tr>"
src/data/articles.ts,705,"<tr class=""border-b border-outline-variant/30""><td>3</td><td>$1,961</td><td>$264</td><td>$1,697</td><td>$299,212</td></tr>"
src/data/articles.ts,706,"<tr class=""border-b border-outline-variant/30""><td>4</td><td>$1,961</td><td>$266</td><td>$1,695</td><td>$298,946</td></tr>"
src/data/articles.ts,707,"<tr class=""border-b border-outline-variant/30""><td>5</td><td>$1,961</td><td>$267</td><td>$1,694</td><td>$298,679</td></tr>"
src/data/articles.ts,708,"<tr class=""border-b border-outline-variant/30 bg-primary/5 font-bold""><td>6</td><td>$1,961</td><td>$269</td><td>$1,692</td><td>$298,410</td></tr>"
src/data/articles.ts,713,"<p>Notice the math: after six months of payments totaling $11,766, your actual debt has only dropped by $1,590. The remaining $10,176 was paid directly to the lender as interest. This is why using an <a href=""/amortization-schedule"">amortization schedule tool</a> is so eye-opening.</p>"
src/data/articles.ts,716,"<p>Many borrowers feel cheated by their balance in the early years, but this ""front-loading"" is simply the result of compound interest on a declining balance. In Month 1 of a $300,000 loan at 6.8%, the interest owed is $300,000 × (6.8% ÷ 12) = $1,700. Since your payment is $1,961, only the leftover $261 reduces your principal. This is not a penalty; it is the mathematical reality of fixed-rate loans. For more on this, refer to our guide on <a href=""/blog/mortgage-payment-guide"">how mortgage payments are calculated</a>.</p>"
src/data/articles.ts,719,"<p>On a 30-year mortgage at 6.8%, there is a ""tipping point"" where your payment finally starts doing more work for you than for the bank. In this scenario, that crossover point—where the principal portion exceeds the interest—doesn't occur until approximately month 207 (Year 17). Here is a look at the long-term milestones:</p>"
src/data/articles.ts,731,"<tr class=""border-b border-outline-variant/30""><td>1</td><td>$20,285</td><td>$3,247</td></tr>"
src/data/articles.ts,732,"<tr class=""border-b border-outline-variant/30""><td>5</td><td>$99,562</td><td>$18,118</td></tr>"
src/data/articles.ts,733,"<tr class=""border-b border-outline-variant/30""><td>10</td><td>$192,614</td><td>$43,466</td></tr>"
src/data/articles.ts,734,"<tr class=""border-b border-outline-variant/30""><td>20</td><td>$347,604</td><td>$123,276</td></tr>"
src/data/articles.ts,735,"<tr class=""border-b border-outline-variant/30 bg-primary/5 font-bold""><td>30</td><td>$405,960 (Total)</td><td>$300,000 (Final)</td></tr>"
src/data/articles.ts,740,"<p>By the end of the loan, you will have paid over $405,000 in interest alone. You can see how this total interest compares to other rates in our study on <a href=""/blog/interest-rate-impact"">how interest rates affect your total cost</a>, or explore the full breakdown for <a href=""/calculator/400k-mortgage-monthly-payment-4-percent"">a $400,000 mortgage at 4%</a> and <a href=""/calculator/300k-mortgage-monthly-payment-6-percent"">a $300,000 mortgage at 6%</a>.</p>"
src/data/articles.ts,743,"<p>An <strong>amortization schedule</strong> is not set in stone. Because interest is calculated based on the current balance, every extra dollar you pay toward the principal *today* eliminates all future interest on that dollar. For instance, paying an extra $200 per month on this loan cuts roughly 4.5 years off your term and saves approximately $47,000 in interest. We highly recommend <a href=""/blog/early-mortgage-payoff"">paying off your mortgage early</a> if your budget allows. Use our <a href=""/amortization-schedule"">amortization schedule tool</a> or core <a href=""/mortgage-calculator"">mortgage calculator</a> to test your numbers.</p>"
src/data/articles.ts,760,"<p>Extra payments go 100% toward your principal balance. This reduces the base amount on which future interest is calculated, shortening your loan term and saving you money.</p>"
src/data/articles.ts,784,"title: ""$100,000 Mortgage Monthly Payment: Full Breakdown for 2026"","
src/data/articles.ts,785,"excerpt: ""What is the monthly payment on a $100,000 mortgage in 2026? See exact payments for every interest rate and term, total interest costs, income requirements, and a full PITI breakdown."","
src/data/articles.ts,786,"content: `<p>A $100,000 mortgage remains a highly effective tool for buyers in affordable U.S. markets, those purchasing a secondary residence, or homeowners refinancing a small equity balance into more favorable terms. While it is lower than the national average mortgage balance, understanding the exact **$100000 mortgage monthly payment** is fundamental for precise financial planning in 2026. This guide provides a comprehensive breakdown of monthly costs at various interest rates, comparisons across loan terms, income requirements, and the total cost of borrowing. For an instant, personalized figure based on your specific situation, use our <a href=""/mortgage-calculator"">mortgage calculator</a> or <a href=""/calculator/250k-mortgage-monthly-payment-3-5-percent"">see a comparable payment breakdown for a $250k loan at 3.5%</a>.</p>"
src/data/articles.ts,788,"<h2>Monthly Payment on a $100,000 Mortgage by Interest Rate</h2>"
src/data/articles.ts,789,"<p>The interest rate is the most significant factor in determining your monthly commitment. Even a fractional difference in the rate can translate into tens of thousands of dollars saved over the life of the loan. The table below illustrates the monthly principal and interest (P&I) for a $100,000 mortgage on a standard 30-year fixed term across realistic 2026 scenarios:</p>"
src/data/articles.ts,801,"<tr><td>5.0%</td><td>$537</td><td>$93,256</td><td>$193,256</td></tr>"
src/data/articles.ts,802,"<tr><td>5.5%</td><td>$568</td><td>$104,422</td><td>$204,422</td></tr>"
src/data/articles.ts,803,"<tr><td>6.0%</td><td>$600</td><td>$115,838</td><td>$215,838</td></tr>"
src/data/articles.ts,804,"<tr><td>6.5%</td><td>$632</td><td>$127,544</td><td>$227,544</td></tr>"
src/data/articles.ts,805,"<tr><td>6.8% (Current Avg)</td><td>$654</td><td>$135,320</td><td>$235,320</td></tr>"
src/data/articles.ts,806,"<tr><td>7.0%</td><td>$665</td><td>$139,508</td><td>$239,508</td></tr>"
src/data/articles.ts,807,"<tr><td>7.5%</td><td>$699</td><td>$151,717</td><td>$251,717</td></tr>"
src/data/articles.ts,808,"<tr><td>8.0%</td><td>$734</td><td>$164,155</td><td>$264,155</td></tr>"
src/data/articles.ts,812,"<p>At current market benchmarks of approximately 6.8% (see the <a href=""https://fred.stlouisfed.org"" target=""_blank"" rel=""noopener noreferrer"">Federal Reserve Economic Data</a> for live updates), a $100,000 mortgage costs roughly $654 per month in principal and interest. Over 30 years, this results in $135,320 in total interest—meaning you pay back significantly more than the original loan amount. Use our <a href=""/mortgage-calculator"">mortgage calculator</a> to adjust for your exact credit-qualified rate.</p>"
src/data/articles.ts,815,"<p>While the 30-year term is the most popular due to its lower monthly payment, shorter terms offer massive savings for those who can afford the higher monthly bills. Here is how a $100,000 loan at a 6.8% interest rate compares across different timelines:</p>"
src/data/articles.ts,827,"<tr><td>10 years</td><td>$1,151</td><td>$38,120</td><td>+$497</td></tr>"
src/data/articles.ts,828,"<tr><td>15 years</td><td>$887</td><td>$59,660</td><td>+$233</td></tr>"
src/data/articles.ts,829,"<tr><td>20 years</td><td>$762</td><td>$82,880</td><td>+$108</td></tr>"
src/data/articles.ts,830,"<tr><td>25 years</td><td>$696</td><td>$108,800</td><td>+$42</td></tr>"
src/data/articles.ts,831,"<tr><td>30 years</td><td>$654</td><td>$135,320</td><td>—</td></tr>"
src/data/articles.ts,835,"<p>Conclusively, choosing a 15-year term instead of a 30-year term costs $233 more per month but saves you $75,660 in total interest—nearly the entire value of the original loan. Review our <a href=""/blog/amortization-schedule-explained"">how amortization works</a> guide and use the <a href=""/amortization-schedule"">amortization schedule</a> tool for a full year-by-year breakdown.</p>"
src/data/articles.ts,838,"<p>The actual monthly payment you write a check for—known as PITI—includes more than just principal and interest. It encompasses property taxes, homeowners insurance, and potentially private mortgage insurance (PMI). Here is a realistic breakdown for a $125,000 home purchase with a 20% down payment ($25,000), resulting in a $100,000 loan at 6.8% over 30 years:</p>"
src/data/articles.ts,845,<tr><td>Principal and interest</td><td>$654</td></tr>
src/data/articles.ts,846,<tr><td>Property tax (1.1%/yr)</td><td>$115</td></tr>
src/data/articles.ts,847,<tr><td>Homeowners insurance</td><td>$60</td></tr>
src/data/articles.ts,848,<tr><td>PMI (none - 20% down)</td><td>$0</td></tr>
src/data/articles.ts,849,<tr><td><strong>Total monthly payment</strong></td><td><strong>$829</strong></td></tr>
src/data/articles.ts,855,"<h2>What Income Do You Need for a $100,000 Mortgage?</h2>"
src/data/articles.ts,856,"<p>Lenders use Debt-to-Income (DTI) ratios to determine if you can afford a loan. The most common standard is the ""28% rule,"" which suggests housing costs shouldn't exceed 28% of your gross monthly income. For our 6.8% interest rate example:</p>"
src/data/articles.ts,867,"<tr><td>$654 (P&amp;I only)</td><td>$2,336</td><td>~$28,029</td></tr>"
src/data/articles.ts,868,"<tr><td>$829 (Full PITI)</td><td>$2,961</td><td>~$35,571</td></tr>"
src/data/articles.ts,872,"<p>A $100,000 mortgage is accessible to a wide range of income levels, making it a realistic goal for buyers in affordable US markets or those with significant savings. However, lenders also factor in your existing debts—use our <a href=""/affordability-calculator"">affordability calculator</a> to see <a href=""/blog/how-much-house-can-i-afford"">how much house you can afford</a> based on your full financial profile.</p>"
src/data/articles.ts,874,"<h2>How a Down Payment Affects Your $100,000 Mortgage</h2>"
src/data/articles.ts,875,"<p>Remember that a ""$100,000 mortgage"" is the loan amount after your down payment is applied. The total home purchase price will differ based on how much cash you put down:</p>"
src/data/articles.ts,882,"<tr><td>$3,093</td><td>3%</td><td>$103,093</td></tr>"
src/data/articles.ts,883,"<tr><td>$5,263</td><td>5%</td><td>$105,263</td></tr>"
src/data/articles.ts,884,"<tr><td>$11,111</td><td>10%</td><td>$111,111</td></tr>"
src/data/articles.ts,885,"<tr><td>$25,000</td><td>20%</td><td>$125,000</td></tr>"
src/data/articles.ts,889,"<p>Note: Buyers putting less than 20% down will typically pay Private Mortgage Insurance (PMI), adding $40–$80/month to the payment. For more, see our <a href=""/blog/down-payment-guide"">down payment guide</a> and check the <a href=""https://www.consumerfinance.gov"" target=""_blank"" rel=""noopener noreferrer"">Consumer Financial Protection Bureau</a> for PMI cancellation rights under the Homeowners Protection Act.</p>"
src/data/articles.ts,891,"<h2>Is a $100,000 Mortgage Worth It? When It Makes Sense</h2>"
src/data/articles.ts,892,"<p>A $100,000 mortgage is a strategic financial decision in several scenarios: (1) Buying in an affordable Midwest or Southern US market where median home prices are below $150,000. (2) Purchasing a second property or vacation home where you want a smaller, manageable loan balance. (3) Refinancing a nearly paid-off primary mortgage to access home equity at a low rate for renovations. (4) Financing a manufactured home or condo in a lower-cost area. For smaller loans like $100k, the choice between <a href=""/blog/fixed-vs-variable-mortgage"">fixed vs variable mortgage</a> options can still significantly affect long-term interest. Contrast this with larger loans; see our <a href=""/blog/200k-mortgage-monthly-payment"">$200,000 mortgage payment breakdown</a> or even a <a href=""/blog/400k-mortgage-monthly-payment"">$400,000 mortgage guide</a> for comparison. Always run your numbers through the <a href=""/total-interest-calculator"">total interest calculator</a> before committing to any borrowing strategy.</p>"
src/data/articles.ts,895,"<h3>What is the monthly payment on a $100,000 mortgage?</h3>"
src/data/articles.ts,896,"<p>At a 6.8% interest rate on a 30-year term, the **$100000 mortgage monthly payment** is approximately $654 for P&amp;I. With taxes and insurance, the total PITI typically lands between $800 and $850.</p>"
src/data/articles.ts,897,"<h3>How much income do I need for a $100,000 mortgage?</h3>"
src/data/articles.ts,898,"<p>A gross annual income of $35,000 to $40,000 is typically sufficient to qualify for a $100,000 loan, assuming moderate existing debts and a decent credit score.</p>"
src/data/articles.ts,899,"<h3>How much is a $100,000 mortgage over 30 years?</h3>"
src/data/articles.ts,900,"<p>At 6.8%, you will pay a total of $235,320 over 30 years, which includes $135,320 in cumulative interest costs.</p>"
src/data/articles.ts,901,"<h3>Can I get a $100,000 mortgage with a low credit score?</h3>"
src/data/articles.ts,903,"<h3>What is the total cost of a $100,000 mortgage?</h3>"
src/data/articles.ts,904,"<p>Including interest at 6.8%, the total cost to borrow $100,000 over three decades is approximately $135,320 in interest alone.</p>"
src/data/articles.ts,907,"<p>Every successful home purchase starts with knowing exactly what you can afford. Enter $100,000 as the loan amount into the <a href=""/mortgage-calculator"">mortgage calculator</a>, set your interest rate and term, and see your full monthly breakdown in seconds. Don't leave your financial future to guesswork—get the exact data you need to borrow with confidence.</p>"
src/data/articles.ts,926,"title: ""$200,000 Mortgage Monthly Payment: Full Breakdown for 2026"","
src/data/articles.ts,927,"excerpt: ""What is the monthly payment on a $200,000 mortgage in 2026? See exact payments for every interest rate and term, total interest costs, income requirements, and a full PITI breakdown."","
src/data/articles.ts,928,"content: `<p>A $200,000 mortgage is one of the most common loan amounts in the United States, typically covering first-time buyers in affordable markets, buyers with substantial down payments on mid-range homes, and homeowners refinancing existing balances into more favorable terms. Whether you are stepping into homeownership for the first time or optimizing your current debt, knowing the exact **$200000 mortgage monthly payment** is the foundation of a sound financial strategy. This guide provides the exact monthly payment at every realistic interest rate and term for 2026, plus total interest costs, income requirements, and a full PITI breakdown so there are no surprises on closing day. For an instant, personalized calculation, use our <a href=""/mortgage-calculator"">mortgage calculator</a>.</p>"
src/data/articles.ts,930,"<h2>Monthly Payment on a $200,000 Mortgage by Interest Rate</h2>"
src/data/articles.ts,931,"<p>The interest rate is the primary driver of your monthly housing cost. In today's market, even a 0.5% difference in your rate can change your payment by nearly $100 and your total interest by tens of thousands of dollars. The following table shows the monthly principal and interest (P&I) for a $200,000 mortgage on a standard 30-year fixed term:</p>"
src/data/articles.ts,943,"<tr><td>5.0%</td><td>$1,074</td><td>$186,512</td><td>$386,512</td></tr>"
src/data/articles.ts,944,"<tr><td>5.5%</td><td>$1,136</td><td>$208,844</td><td>$408,844</td></tr>"
src/data/articles.ts,945,"<tr><td>6.0%</td><td>$1,199</td><td>$231,676</td><td>$431,676</td></tr>"
src/data/articles.ts,946,"<tr><td>6.5%</td><td>$1,264</td><td>$255,040</td><td>$455,040</td></tr>"
src/data/articles.ts,947,"<tr><td>6.8% (Current Avg)</td><td>$1,307</td><td>$270,520</td><td>$470,520</td></tr>"
src/data/articles.ts,948,"<tr><td>7.0%</td><td>$1,331</td><td>$279,016</td><td>$479,016</td></tr>"
src/data/articles.ts,949,"<tr><td>7.5%</td><td>$1,398</td><td>$303,434</td><td>$503,434</td></tr>"
src/data/articles.ts,950,"<tr><td>8.0%</td><td>$1,468</td><td>$328,310</td><td>$528,310</td></tr>"
src/data/articles.ts,954,"<p>As of 2026, with average rates around 6.8% according to <a href=""https://fred.stlouisfed.org"" target=""_blank"" rel=""noopener noreferrer"">Federal Reserve Economic Data</a>, a $200,000 mortgage costs approximately $1,307 per month in principal and interest. Over 30 years, that results in $270,520 in total interest—meaning you pay back $470,520 on a $200,000 loan, which is 135% of the original amount in interest alone. To find <a href=""/blog/interest-rate-impact"">how your interest rate affects total cost</a> more deeply, run your own scenarios through our <a href=""/mortgage-calculator"">mortgage calculator</a> or use our specific calculator for a <a href=""/calculator/250k-mortgage-monthly-payment-3-5-percent"">$250,000 mortgage at 3.5%</a> to see a detailed breakdown.</p>"
src/data/articles.ts,957,"<p>While the 30-year term offers the lowest monthly payment, shorter terms allow you to own your home outright much faster while saving a fortune in interest. Here is how that same $200,000 loan at 6.8% breaks down by term:</p>"
src/data/articles.ts,969,"<tr><td>10 years</td><td>$2,302</td><td>$76,240</td><td>$194,280</td></tr>"
src/data/articles.ts,970,"<tr><td>15 years</td><td>$1,774</td><td>$119,320</td><td>$151,200</td></tr>"
src/data/articles.ts,971,"<tr><td>20 years</td><td>$1,524</td><td>$165,760</td><td>$104,760</td></tr>"
src/data/articles.ts,972,"<tr><td>25 years</td><td>$1,392</td><td>$217,600</td><td>$52,920</td></tr>"
src/data/articles.ts,973,"<tr><td>30 years</td><td>$1,307</td><td>$270,520</td><td>—</td></tr>"
src/data/articles.ts,977,"<p>Choosing a 15-year term instead of a 30-year term costs $467 more per month but saves $151,200 in total interest—more than 75% of the original loan amount. Use our <a href=""/amortization-schedule"">amortization schedule</a> for a full year-by-year breakdown of either option and see <a href=""/blog/amortization-schedule-explained"">how amortization works</a> over time.</p>"
src/data/articles.ts,980,"<p>In reality, your total **$200000 mortgage monthly payment** includes property taxes, homeowners insurance, and private mortgage insurance (PMI). Below is a realistic PITI breakdown for a $225,000 home purchase with 11% down ($25,000), resulting in a $200,000 loan at 6.8% over 30 years:</p>"
src/data/articles.ts,987,"<tr><td>Principal and interest</td><td>$1,307</td></tr>"
src/data/articles.ts,988,<tr><td>Property tax (1.1%/yr)</td><td>$206</td></tr>
src/data/articles.ts,989,<tr><td>Homeowners insurance</td><td>$100</td></tr>
src/data/articles.ts,990,<tr><td>PMI (~0.5% - under 20%)</td><td>$83</td></tr>
src/data/articles.ts,991,"<tr><td><strong>Total monthly payment</strong></td><td><strong>$1,696</strong></td></tr>"
src/data/articles.ts,995,"<p>Note: Property taxes vary significantly by state and county—from under 0.5% in Hawaii and Alabama to over 2% in New Jersey and Illinois. Use our <a href=""/mortgage-calculator"">mortgage calculator</a> for a personalized PITI estimate based on your location and down payment, and learn <a href=""/blog/mortgage-payment-guide"">how mortgage payments are calculated</a> including these extra costs.</p>"
src/data/articles.ts,997,"<h2>What Income Do You Need for a $200,000 Mortgage?</h2>"
src/data/articles.ts,998,"<p>Lenders typically apply the ""28% rule,"" which suggests that your total housing costs should not exceed 28% of your gross monthly income. Here is what that looks like at different payment levels:</p>"
src/data/articles.ts,1005,"<tr><td>P&I only</td><td>$1,307</td><td>~$56,014</td></tr>"
src/data/articles.ts,1006,"<tr><td>Full PITI (example)</td><td>$1,696</td><td>~$72,686</td></tr>"
src/data/articles.ts,1007,"<tr><td>With existing debts</td><td>$1,696 + $400</td><td>~$89,829</td></tr>"
src/data/articles.ts,1011,"<p>Most buyers will need a household income between $56,000 and $90,000 to comfortably qualify for a $200,000 mortgage depending on their existing debts and local taxes. Use our <a href=""/affordability-calculator"">affordability calculator</a> to get a personalized figure based on your full financial picture and find out <a href=""/blog/how-much-house-can-i-afford"">how much house you can afford</a>.</p>"
src/data/articles.ts,1013,"<h2>How a Down Payment Affects Your $200,000 Mortgage</h2>"
src/data/articles.ts,1014,"<p>A $200,000 mortgage refers to the loan amount *after* your down payment. Here is how that loan maps to home purchase prices:</p>"
src/data/articles.ts,1021,"<tr><td>$6,186</td><td>3%</td><td>$206,186</td><td>Yes</td></tr>"
src/data/articles.ts,1022,"<tr><td>$10,526</td><td>5%</td><td>$210,526</td><td>Yes</td></tr>"
src/data/articles.ts,1023,"<tr><td>$22,222</td><td>10%</td><td>$222,222</td><td>Yes</td></tr>"
src/data/articles.ts,1024,"<tr><td>$50,000</td><td>20%</td><td>$250,000</td><td>No</td></tr>"
src/data/articles.ts,1028,"<p>Putting 20% down on a $250,000 home eliminates PMI entirely—saving $83/month on this loan and removing a cost that never builds equity. Check our <a href=""/blog/down-payment-guide"">down payment guide</a> for strategies to reach 20% faster and understand your rights under the <a href=""https://www.consumerfinance.gov"" target=""_blank"" rel=""noopener noreferrer"">Consumer Financial Protection Bureau</a> (CFPB) guidelines.</p>"
src/data/articles.ts,1030,"<h2>How a $200,000 Mortgage Compares to Other Loan Amounts</h2>"
src/data/articles.ts,1031,"<p>When shopping for a home, it's helpful to see how much your payment shifts if you adjust your budget by $50,000 to $100,000. Here is a comparison at 6.8% over 30 years:</p>"
src/data/articles.ts,1038,"<tr><td>$100,000</td><td>$654</td><td>$135,320</td></tr>"
src/data/articles.ts,1039,"<tr><td>$150,000</td><td>$980</td><td>$202,880</td></tr>"
src/data/articles.ts,1040,"<tr><td>$200,000</td><td>$1,307</td><td>$270,520</td></tr>"
src/data/articles.ts,1041,"<tr><td>$300,000</td><td>$1,961</td><td>$405,960</td></tr>"
src/data/articles.ts,1042,"<tr><td>$400,000</td><td>$2,615</td><td>$541,400</td></tr>"
src/data/articles.ts,1046,"<p>If you find that $200,000 is slightly above your comfortable limit, check out our <a href=""/blog/100k-mortgage-monthly-payment"">$100,000 mortgage payment breakdown</a> for a lower-cost alternative. If you have a larger budget, our <a href=""/blog/300k-mortgage-monthly-payment"">$300,000 mortgage analysis</a> and <a href=""/blog/400k-mortgage-monthly-payment"">$400,000 mortgage payment breakdown</a> provide similar depth for larger properties.</p>"
src/data/articles.ts,1049,"<h3>What is the monthly payment on a $200,000 mortgage?</h3>"
src/data/articles.ts,1050,"<p>At a 6.8% interest rate on a 30-year term, the **$200000 mortgage monthly payment** is approximately $1,307 for P&I. With taxes, insurance, and PMI, the total payment (PITI) is likely between $1,650 and $1,750.</p>"
src/data/articles.ts,1051,"<h3>How much income do I need for a $200,000 mortgage?</h3>"
src/data/articles.ts,1052,"<p>Generally, you need an annual household income of $65,000 to $85,000 to qualify, depending on your other debt obligations and the specific tax rates in your area.</p>"
src/data/articles.ts,1053,"<h3>How much is a $200,000 mortgage over 30 years?</h3>"
src/data/articles.ts,1054,"<p>At 6.8% interest, you will pay a total of $470,520 over 30 years. This includes the $200,000 principal plus $270,520 in total interest.</p>"
src/data/articles.ts,1055,"<h3>What is the total cost of a $200,000 mortgage at 7% interest?</h3>"
src/data/articles.ts,1056,"<p>At a 7% interest rate over 30 years, you will pay $1,331 per month in P&I, and a total of $279,016 in interest, totaling $479,016 overall.</p>"
src/data/articles.ts,1057,"<h3>How much do I need to put down on a $200,000 mortgage?</h3>"
src/data/articles.ts,1058,"<p>The minimum down payment for conventional loans is typically 3% ($6,186), but putting down 20% ($50,000) is recommended to avoid PMI and lower your monthly cost.</p>"
src/data/articles.ts,1061,"<p>Ready to see your own numbers? Enter $200,000 as the loan amount into our mortgage calculator, set your interest rate and term, and see your personalized monthly breakdown including taxes, insurance, and PMI in seconds. Don't leave your largest financial decision to guesswork—get the exact data you need today.</p>"
src/data/articles.ts,1075,"title: ""$300,000 Mortgage Monthly Payment: The Complete 2026 Breakdown"","
src/data/articles.ts,1078,"excerpt: ""What is the monthly payment on a $300,000 mortgage in 2026? See exact P&I payments for every interest rate and term, full PITI breakdown, income requirements, and how much total interest you'll pay over the life of the loan."","
src/data/articles.ts,1083,"<p>Start by acknowledging that $300,000 is one of the most common mortgage amounts in the United States — the kind of loan that buys a solid first home in the Midwest, a starter property in the South, or a smaller unit in a mid-tier metro area. If you're looking at a $300k mortgage, you want precise numbers before you commit to anything. This page gives you exactly that — every payment scenario, the full cost including taxes and insurance, and an honest look at what income you actually need to make this work comfortably. Check your numbers with our <a href=""/mortgage-calculator"">mortgage calculator</a>.</p>"
src/data/articles.ts,1085,"<p>The short answer: at current 2026 rates around 6.8%, the monthly principal and interest payment on a $300,000 mortgage over 30 years is approximately $1,961. But that number alone is misleading — your actual monthly cost will be higher once you factor in property taxes, homeowners insurance, and possibly PMI. The full picture is what matters.</p>"
src/data/articles.ts,1088,"<p>Interest rates are the single biggest variable in your monthly payment. A 1% difference sounds small until you see what it means in dollars. Here is the exact monthly principal and interest payment on a $300,000 loan at every realistic rate for 2026:</p>"
src/data/articles.ts,1101,"<tr class=""border-b border-outline-variant/30""><td>5.5%</td><td>$1,703</td><td>$313,080</td><td>$613,080</td></tr>"
src/data/articles.ts,1102,"<tr class=""border-b border-outline-variant/30""><td>6.0%</td><td>$1,799</td><td>$347,640</td><td>$647,640</td></tr>"
src/data/articles.ts,1103,"<tr class=""border-b border-outline-variant/30""><td>6.5%</td><td>$1,896</td><td>$382,560</td><td>$682,560</td></tr>"
src/data/articles.ts,1104,"<tr class=""border-b border-outline-variant/30 bg-primary/5 font-bold""><td>6.8%</td><td>$1,961</td><td>$405,960</td><td>$705,960</td></tr>"
src/data/articles.ts,1105,"<tr class=""border-b border-outline-variant/30""><td>7.0%</td><td>$1,996</td><td>$418,560</td><td>$718,560</td></tr>"
src/data/articles.ts,1106,"<tr class=""border-b border-outline-variant/30""><td>7.5%</td><td>$2,098</td><td>$455,280</td><td>$755,280</td></tr>"
src/data/articles.ts,1107,"<tr class=""border-b border-outline-variant/30""><td>8.0%</td><td>$2,201</td><td>$492,360</td><td>$792,360</td></tr>"
src/data/articles.ts,1112,"<p>The difference between 5.5% and 7.5% on this loan is $395/month — or $142,200 over 30 years. That is why shopping multiple lenders before locking a rate is one of the highest-return things you can do. According to the <a href=""https://www.consumerfinance.gov"" target=""_blank"" rel=""noopener noreferrer"">Consumer Financial Protection Bureau</a>, getting quotes from at least three lenders can save borrowers thousands over the life of a loan. You can track current benchmarks via <a href=""https://fred.stlouisfed.org"" target=""_blank"" rel=""noopener noreferrer"">Federal Reserve Economic Data</a>. For a specific rate scenario, see our <a href=""/calculator/300k-mortgage-monthly-payment-6-percent"">$300,000 mortgage at 6% breakdown</a> to understand what a lower rate looks like for this loan size.</p>"
src/data/articles.ts,1115,"<p>The term you choose matters almost as much as the rate. A shorter term means a higher payment but dramatically less total interest — and you own your home outright years sooner. Here is the same $300,000 loan at 6.8% across every common term:</p>"
src/data/articles.ts,1128,"<tr class=""border-b border-outline-variant/30""><td>10 years</td><td>$3,453</td><td>$114,360</td><td>$291,600</td></tr>"
src/data/articles.ts,1129,"<tr class=""border-b border-outline-variant/30""><td>15 years</td><td>$2,660</td><td>$178,800</td><td>$227,160</td></tr>"
src/data/articles.ts,1130,"<tr class=""border-b border-outline-variant/30""><td>20 years</td><td>$2,285</td><td>$248,400</td><td>$157,560</td></tr>"
src/data/articles.ts,1131,"<tr class=""border-b border-outline-variant/30""><td>25 years</td><td>$2,087</td><td>$326,100</td><td>$79,860</td></tr>"
src/data/articles.ts,1132,"<tr class=""border-b border-outline-variant/30 bg-primary/5 font-bold""><td>30 years</td><td>$1,961</td><td>$405,960</td><td>—</td></tr>"
src/data/articles.ts,1137,"<p>Choosing a <a href=""/blog/15-vs-30-year-mortgage"">15-year term instead of 30 years</a> costs $699 more per month but saves $227,160 in total interest — and your home is paid off 15 years sooner. Whether that trade-off makes sense depends on your income stability and what else you'd do with that extra $699 each month.</p>"
src/data/articles.ts,1140,"<p>This is the section most mortgage calculators skip — and it is the one that catches buyers off guard. Your monthly mortgage payment is not just principal and interest. Most lenders collect property taxes and homeowners insurance through an <a href=""/blog/escrow-accounts-explained"">escrow account</a>, adding them to your monthly payment automatically. If your down payment is under 20%, PMI is added on top of that.</p>"
src/data/articles.ts,1142,"<p>Here is what the true monthly cost looks like on a $334,000 home purchase with 10% down ($34,000), resulting in a $300,000 loan at 6.8% over 30 years. Property tax assumes 1.1% annually — adjust for your state, since this number varies enormously from under 0.5% in some Southern states to over 2% in New Jersey and Illinois. It's helpful to understand <a href=""/blog/mortgage-payment-guide"">how mortgage payments are calculated</a> in full.</p>"
src/data/articles.ts,1153,"<tr class=""border-b border-outline-variant/30""><td class=""py-3 px-4"">Principal and interest</td><td class=""py-3 px-4"">$1,961</td></tr>"
src/data/articles.ts,1154,"<tr class=""border-b border-outline-variant/30""><td class=""py-3 px-4"">Property tax (1.1%/yr)</td><td class=""py-3 px-4"">$306</td></tr>"
src/data/articles.ts,1155,"<tr class=""border-b border-outline-variant/30""><td class=""py-3 px-4"">Homeowners insurance</td><td class=""py-3 px-4"">$110</td></tr>"
src/data/articles.ts,1156,"<tr class=""border-b border-outline-variant/30""><td class=""py-3 px-4"">PMI (~0.5% of loan)</td><td class=""py-3 px-4"">$125</td></tr>"
src/data/articles.ts,1159,"<td class=""py-3 px-4 font-bold"">$2,502</td>"
src/data/articles.ts,1165,"<p>Once your loan balance drops to 80% of the original purchase price you can request PMI cancellation — it drops off automatically at 78% under federal law. On this loan that saves $125/month. See our <a href=""/blog/down-payment-guide"">down payment guide</a> for more on this.</p>"
src/data/articles.ts,1167,"<h2>What Income Do You Need for a $300,000 Mortgage?</h2>"
src/data/articles.ts,1168,"<p>The income question is where a lot of buyers get an unwelcome surprise. Lenders use the <a href=""/blog/28-36-rule-explained"">28/36 rule</a> — your housing costs shouldn't exceed 28% of gross monthly income, and total debt payments shouldn't exceed 36%. These are based on your gross income (before taxes), which is always higher than what you actually take home.</p>"
src/data/articles.ts,1170,"<p>Here is what income you need at different payment levels, using the full PITI payment of $2,502/month from the example above:</p>"
src/data/articles.ts,1182,"<tr class=""border-b border-outline-variant/30""><td>P&I only (28% rule)</td><td>$1,961</td><td>~$84,043</td></tr>"
src/data/articles.ts,1183,"<tr class=""border-b border-outline-variant/30 bg-primary/5 font-bold""><td>Full PITI (28% rule)</td><td>$2,502</td><td>~$107,229</td></tr>"
src/data/articles.ts,1184,"<tr class=""border-b border-outline-variant/30""><td>PITI + $400 existing debts</td><td>$2,502</td><td>~$124,114</td></tr>"
src/data/articles.ts,1185,"<tr class=""border-b border-outline-variant/30""><td>PITI + $700 existing debts</td><td>$2,502</td><td>~$136,800</td></tr>"
src/data/articles.ts,1190,"<p>The income requirement rises quickly when you add existing debts — a car payment and student loan can push the required income from $107,000 to $137,000 on the same house. If your debt load is significant, paying some of it down before applying can meaningfully improve what you qualify for. Check out our <a href=""/blog/28-36-rule-explained"">28/36 rule explainer</a> and <a href=""/affordability-calculator"">affordability calculator</a>.</p>"
src/data/articles.ts,1193,"<p>A $300,000 mortgage represents the loan amount after your <a href=""/blog/down-payment-guide"">down payment</a> — not the home price. Here is what home price this corresponds to at different down payment levels, and how PMI changes the total cost:</p>"
src/data/articles.ts,1207,"<tr class=""border-b border-outline-variant/30""><td>3%</td><td>~$309,300</td><td>Yes</td><td>~$188/mo</td><td>~$2,565</td></tr>"
src/data/articles.ts,1208,"<tr class=""border-b border-outline-variant/30""><td>5%</td><td>~$315,800</td><td>Yes</td><td>~$156/mo</td><td>~$2,533</td></tr>"
src/data/articles.ts,1209,"<tr class=""border-b border-outline-variant/30""><td>10%</td><td>~$333,300</td><td>Yes</td><td>~$125/mo</td><td>~$2,502</td></tr>"
src/data/articles.ts,1210,"<tr class=""border-b border-outline-variant/30 bg-primary/5 font-bold""><td>20%</td><td>~$375,000</td><td>No</td><td>$0</td><td>~$2,377</td></tr>"
src/data/articles.ts,1215,"<p>PMI disappears entirely at 20% down, saving $125/month on this loan size. But 20% on a $375,000 home is $75,000 in cash — which most first-time buyers don't have. The 10% option is a reasonable middle ground for most buyers in this price range. See our <a href=""/blog/down-payment-guide"">down payment guide</a> for more strategy.</p>"
src/data/articles.ts,1217,"<h2>$300,000 vs Other Loan Amounts — How It Compares</h2>"
src/data/articles.ts,1218,"<p>If you're weighing whether to stretch to a larger loan or scale back, here is a direct comparison at 6.8% over 30 years. This is useful as you consider whether a <a href=""/blog/100k-mortgage-monthly-payment"">$100,000 mortgage</a>, a <a href=""/blog/200k-mortgage-monthly-payment"">$200,000 mortgage</a>, or a <a href=""/blog/400k-mortgage-monthly-payment"">$400,000 mortgage</a> might better fit your budget.</p>"
src/data/articles.ts,1227,"<th class=""py-3 font-bold text-on-surface"">Difference vs $300k</th>"
src/data/articles.ts,1231,"<tr class=""border-b border-outline-variant/30""><td>$200,000</td><td>$1,307</td><td>$270,520</td><td>−$654/mo</td></tr>"
src/data/articles.ts,1232,"<tr class=""border-b border-outline-variant/30""><td>$250,000</td><td>$1,634</td><td>$338,240</td><td>−$327/mo</td></tr>"
src/data/articles.ts,1233,"<tr class=""border-b border-outline-variant/30 bg-primary/5 font-bold""><td>$300,000</td><td>$1,961</td><td>$405,960</td><td>—</td></tr>"
src/data/articles.ts,1234,"<tr class=""border-b border-outline-variant/30""><td>$350,000</td><td>$2,288</td><td>$523,680</td><td>+$327/mo</td></tr>"
src/data/articles.ts,1235,"<tr class=""border-b border-outline-variant/30""><td>$400,000</td><td>$2,615</td><td>$541,400</td><td>+$654/mo</td></tr>"
src/data/articles.ts,1240,"<p>Every $50,000 in additional loan amount adds approximately $327/month to your payment at 6.8%. That is a useful number to keep in mind as you evaluate different price points.</p>"
src/data/articles.ts,1242,"<h2>Is a $300,000 Mortgage a Good Idea in 2026?</h2>"
src/data/articles.ts,1243,"<p>That depends entirely on where you're buying and what you earn. In markets like Detroit, Indianapolis, Memphis, or most of the Midwest and South, $300,000 buys a solid family home and the payment is manageable on a $90,000–$100,000 household income. In Austin, Denver, or any coastal metro, $300,000 is a down payment on an entry-level condo, and the actual mortgage will be significantly larger.</p>"
src/data/articles.ts,1245,"<p>At current rates, the true all-in monthly cost of a $300,000 mortgage is around $2,500 with typical taxes and insurance. For that to comfortably fit within the 28% housing ratio guideline, you need a household income of roughly $107,000. That is above the US median household income — which means a $300,000 mortgage is achievable for many buyers but does require a solid income base, especially when existing debts are factored in.</p>"
src/data/articles.ts,1247,"<p>The honest assessment: if the total monthly payment — PITI plus maintenance reserve — comes in under 30% of your actual take-home pay, and you have 3–6 months of expenses in savings after closing, a $300,000 mortgage is very manageable. If it pushes beyond 35% of take-home pay, you are financially stretched and one unexpected expense away from real stress. Run the full numbers on our <a href=""/affordability-calculator"">affordability calculator</a> before deciding.</p>"
src/data/articles.ts,1251,"<h3>What is the monthly payment on a $300,000 mortgage?</h3>"
src/data/articles.ts,1252,"<p>At current 2026 rates around 6.8%, the monthly principal and interest payment on a $300,000 30-year mortgage is approximately $1,961. Your actual total monthly payment will be higher — typically $2,400–$2,600 — once property taxes, homeowners insurance, and PMI are included. Use our <a href=""/mortgage-calculator"">mortgage calculator</a> for a precise figure.</p>"
src/data/articles.ts,1254,"<h3>How much do I need to earn for a $300,000 mortgage?</h3>"
src/data/articles.ts,1255,"<p>Using the <a href=""/blog/28-36-rule-explained"">28/36 rule</a>, you need a gross annual income of approximately $84,000–$107,000 depending on whether you use just P&I or the full PITI payment. If you have significant existing debts, the required income is higher.</p>"
src/data/articles.ts,1257,"<h3>How much is a $300,000 mortgage over 30 years in total?</h3>"
src/data/articles.ts,1258,"<p>At 6.8%, you will pay approximately $705,960 in total — $300,000 in principal and $405,960 in interest. Choosing a 15-year term instead reduces the total to around $478,800, saving over $227,000 in interest.</p>"
src/data/articles.ts,1260,"<h3>What credit score do I need for a $300,000 mortgage?</h3>"
src/data/articles.ts,1261,"<p>Most conventional lenders require a minimum credit score of 620. You'll get the best rates — typically 0.5–1% lower — with a score above 740. FHA loans allow scores as low as 580 with 3.5% down. Your credit score directly affects your interest rate, which affects your payment more than almost any other factor.</p>"
src/data/articles.ts,1263,"<h3>How much down payment do I need for a $300,000 mortgage?</h3>"
src/data/articles.ts,1264,"<p>The loan amount is $300,000 after your down payment. With 3% down, you're buying a home around $309,000. With 10% down, around $333,000. With 20% down — which eliminates PMI — around $375,000. Link to our <a href=""/blog/down-payment-guide"">down payment guide</a>.</p>"
src/data/articles.ts,1285,"excerpt: ""Find out how much you can borrow based on your income in 2026 — with loan eligibility tables from $30k to $200k salary, DTI ratio explained, and tips to qualify for more."","
src/data/articles.ts,1295,"<p>According to the <a href=""https://www.consumerfinance.gov"" target=""_blank"" rel=""noopener noreferrer"">Consumer Financial Protection Bureau</a>, a ""Qualified Mortgage"" typically requires a back-end DTI of 43% or less. However, <a href=""https://www.hud.gov"" target=""_blank"" rel=""noopener noreferrer"">HUD</a> notes that FHA loans can sometimes allow for a DTI as high as 50% for borrowers with strong compensating factors. For personal loans and auto loans, expect lenders to look for a DTI below 35–40%.</p>"
src/data/articles.ts,1299,"<li>Monthly gross income: $6,000</li>"
src/data/articles.ts,1300,<li>Existing debts (car + student loan): $800/month</li>
src/data/articles.ts,1301,"<li>Maximum total debt allowed (43% DTI): $6,000 × 0.43 = $2,580/month</li>"
src/data/articles.ts,1302,"<li><strong>Available for new mortgage payment:</strong> $2,580 − $800 = $1,780/month</li>"
src/data/articles.ts,1304,"<p>Use our <a href=""/mortgage-calculator"">mortgage calculator</a> to see what loan amount that $1,780 monthly payment can support at current rates.</p>"
src/data/articles.ts,1307,"<p>The table below shows estimated maximum mortgage loan amounts assuming a 43% DTI, <strong>zero existing monthly debt</strong>, a 6.8% rate, and a 30-year term.</p>"
src/data/articles.ts,1315,"<th class=""py-4 px-4 font-bold"">Max Payment (43%)</th>"
src/data/articles.ts,1320,"<tr class=""border-b border-outline-variant/30""><td>$30,000</td><td>$2,500</td><td>$1,075</td><td>~$161,000</td></tr>"
src/data/articles.ts,1321,"<tr class=""border-b border-outline-variant/30""><td>$50,000</td><td>$4,167</td><td>$1,792</td><td>~$268,000</td></tr>"
src/data/articles.ts,1322,"<tr class=""border-b border-outline-variant/30""><td>$75,000</td><td>$6,250</td><td>$2,688</td><td>~$402,000</td></tr>"
src/data/articles.ts,1323,"<tr class=""border-b border-outline-variant/30 bg-primary/5 font-bold""><td>$100,000</td><td>$8,333</td><td>$3,583</td><td>~$536,000</td></tr>"
src/data/articles.ts,1324,"<tr class=""border-b border-outline-variant/30""><td>$150,000</td><td>$12,500</td><td>$5,375</td><td>~$804,000</td></tr>"
src/data/articles.ts,1325,"<tr class=""border-b border-outline-variant/30""><td>$200,000</td><td>$16,667</td><td>$7,167</td><td>~$1,072,000</td></tr>"
src/data/articles.ts,1330,"<p>Note: Every $100 in existing monthly debt reduces your eligible loan amount by approximately $15,000. It's helpful to see <a href=""/blog/how-much-house-can-i-afford"">how much house you can afford</a> after factoring in taxes and insurance. For a specific example, see our breakdowns for the <a href=""/calculator/how-much-house-can-i-afford-100k-salary"">$100k salary housing limit</a> or the <a href=""/calculator/how-much-house-can-i-afford-80k-salary"">$80k salary housing limit</a>. Use our <a href=""/affordability-calculator"">affordability calculator</a> to see your personalised limit instantly.</p>"
src/data/articles.ts,1333,"<p>To see the direct impact of debt, let’s look at a borrower earning $75,000 annually. As debts increase, their mortgage capacity drops rapidly:</p>"
src/data/articles.ts,1345,"<tr class=""border-b border-outline-variant/30""><td>$0</td><td>$2,688</td><td>~$402,000</td></tr>"
src/data/articles.ts,1346,"<tr class=""border-b border-outline-variant/30""><td>$300 (car payment)</td><td>$2,388</td><td>~$357,000</td></tr>"
src/data/articles.ts,1347,"<tr class=""border-b border-outline-variant/30""><td>$600 (car + student)</td><td>$2,088</td><td>~$312,000</td></tr>"
src/data/articles.ts,1348,"<tr class=""border-b border-outline-variant/30 bg-primary/5 font-bold""><td>$900 (multiple debts)</td><td>$1,788</td><td>~$267,000</td></tr>"
src/data/articles.ts,1353,"<p>Carrying $900/month in debt reduces your mortgage eligibility by $135,000 on a $75k salary. Paying down debt is the single most effective way to increase your loan capacity.</p>"
src/data/articles.ts,1356,<p>Personal loan lenders focus more on credit history and DTI (often looking for < 35%). Minimum income requirements are usually around $20k-$25k.</p>
src/data/articles.ts,1367,"<tr class=""border-b border-outline-variant/30""><td>$30,000</td><td>$8,000 – $12,000</td></tr>"
src/data/articles.ts,1368,"<tr class=""border-b border-outline-variant/30""><td>$50,000</td><td>$15,000 – $25,000</td></tr>"
src/data/articles.ts,1369,"<tr class=""border-b border-outline-variant/30""><td>$75,000</td><td>$25,000 – $40,000</td></tr>"
src/data/articles.ts,1370,"<tr class=""border-b border-outline-variant/30""><td>$100,000</td><td>$40,000 – $60,000</td></tr>"
src/data/articles.ts,1379,"<li><strong>Pay down debts:</strong> Every $100 freed up adds ~$15,000 to your capacity.</li>"
src/data/articles.ts,1397,<p>Most lenders follow the 43% DTI rule. This means your total monthly debt payments (including your future loan) should not exceed 43% of your gross income. **How much can I borrow based on my income** ultimately depends on your existing debts as much as your salary.</p>
src/data/articles.ts,1400,"<p>The standard DTI for a conventional mortgage is 43%. This includes your mortgage payment, property taxes, insurance, and all other monthly debt like car or student loans.</p>"
src/data/articles.ts,1403,"<p>Yes, FHA loans often allow a higher DTI, sometimes up to 50% or more, provided you have a decent credit score or a larger down payment.</p>"
src/data/articles.ts,1433,"<p>Most borrowers focus entirely on the monthly payment—the number that affects their budget today. But there is another, often much larger number that determines your wealth tomorrow: the <strong>total interest paid on a loan</strong>. On a typical $300,000 mortgage at a 6.8% interest rate, the total interest paid over 30 years exceeds $400,000. This means you end up paying for the house more than twice. Understanding what drives this cost is the first step toward reclaiming your financial future. This guide explains exactly how interest accumulates and provides proven strategies to reduce your total cost significantly. Start by calculating your own numbers with our <a href=""/total-interest-calculator"">total interest calculator</a>.</p>"
src/data/articles.ts,1438,"<p><strong>Example:</strong> $1,961/month × 360 payments = $705,960 total paid. Subtracting $300,000 principal leaves $405,960 in total interest. Use our <a href=""/total-interest-calculator"">total interest calculator</a> to see this math for any loan amount.</p>"
src/data/articles.ts,1455,"<tr class=""border-b border-outline-variant/30""><td>Personal loan</td><td>$10,000</td><td>3y @ 10%</td><td>$323</td><td>$1,616</td></tr>"
src/data/articles.ts,1456,"<tr class=""border-b border-outline-variant/30""><td>Auto loan</td><td>$25,000</td><td>5y @ 7%</td><td>$495</td><td>$4,700</td></tr>"
src/data/articles.ts,1457,"<tr class=""border-b border-outline-variant/30""><td>Student loan</td><td>$40,000</td><td>10y @ 5.5%</td><td>$433</td><td>$11,960</td></tr>"
src/data/articles.ts,1458,"<tr class=""border-b border-outline-variant/30 bg-primary/5 font-bold""><td>Mortgage (30y)</td><td>$300,000</td><td>30y @ 6.8%</td><td>$1,961</td><td>$405,960</td></tr>"
src/data/articles.ts,1459,"<tr class=""border-b border-outline-variant/30 italic""><td>Mortgage (15y)</td><td>$300,000</td><td>15y @ 6.8%</td><td>$2,660</td><td>$178,800</td></tr>"
src/data/articles.ts,1464,"<p>The 30-year mortgage accumulates 25x more interest than the auto loan—not primarily because of the rate, but because of the longer term. Time is the biggest driver of total interest. For broader looks, check our <a href=""/mortgage-calculator"">mortgage calculator</a> or <a href=""/loan-calculator"">loan calculator</a>. You can also see a specific example of a <a href=""/calculator/25k-personal-loan-repayment-8-percent"">$25,000 loan at 8%</a> or a <a href=""/calculator/50k-loan-monthly-payment-8-percent"">$50,000 loan at 8%</a> to see the interest accumulation, and compare with <a href=""/calculator/300k-mortgage-monthly-payment-6-percent"">a $300,000 mortgage at 6%</a> for the lifetime cost of a home loan.</p>"
src/data/articles.ts,1468,"<li><strong>Interest Rate:</strong> Higher rates accrue more interest monthly. A 1% increase on a $300k, 30-year loan adds ~$65,000 in interest. See <a href=""/blog/interest-rate-impact"">how interest rates affect total cost</a>.</li>"
src/data/articles.ts,1476,"<th class=""py-3 px-4 font-bold"">Term ($300k @ 6.8%)</th>"
src/data/articles.ts,1483,"<tr class=""border-b border-outline-variant/30""><td>10 years</td><td>$3,453</td><td>$114,360</td><td>38%</td></tr>"
src/data/articles.ts,1484,"<tr class=""border-b border-outline-variant/30""><td>15 years</td><td>$2,660</td><td>$178,800</td><td>60%</td></tr>"
src/data/articles.ts,1485,"<tr class=""border-b border-outline-variant/30 font-bold text-primary""><td>30 years</td><td>$1,961</td><td>$405,960</td><td>135%</td></tr>"
src/data/articles.ts,1489,"<p>On a 30-year mortgage, you pay 135% of the original loan in interest alone. This is how <a href=""/blog/monthly-payment-formula"">the monthly payment formula</a> is structured.</p>"
src/data/articles.ts,1492,"<p>Every dollar paid toward principal stops accruing interest forever. See the impact on a $300k, 30y loan at 6.8%:</p>"
src/data/articles.ts,1504,"<tr class=""border-b border-outline-variant/30""><td>$100/mo</td><td>$377,960</td><td>$28,000</td><td>2.5 years</td></tr>"
src/data/articles.ts,1505,"<tr class=""border-b border-outline-variant/30 text-primary font-bold""><td>$200/mo</td><td>$358,960</td><td>$47,000</td><td>4.5 years</td></tr>"
src/data/articles.ts,1506,"<tr class=""border-b border-outline-variant/30""><td>$500/mo</td><td>$321,960</td><td>$84,000</td><td>8 years</td></tr>"
src/data/articles.ts,1513,"<p>When rates drop, <a href=""/blog/when-to-refinance"">when refinancing makes sense</a> depends on total interest savings vs. closing costs. For a $280k balance at 7.5%, refinancing to 6.4% saves ~$63k in gross interest. Check your break-even point with our <a href=""/refinancing-calculator"">refinancing calculator</a>.</p>"
src/data/articles.ts,1516,"<p>A $10,000 credit card balance at 22% APR with $200 minimum payments generates $9,800 in interest over 8 years—nearly doubling the debt. The <a href=""https://www.consumerfinance.gov"" target=""_blank"" rel=""noopener noreferrer"">Consumer Financial Protection Bureau</a> provides resources on credit card rights. Clear high-interest debt before making extra mortgage payments.</p>"
src/data/articles.ts,1549,"seoTitle: ""Loan Payment Formula 2026: Exact Formula + $300k Example"","
src/data/articles.ts,1550,"seoDescription: ""The loan payment formula banks use to calculate your monthly bill — see it solved step-by-step on a $300,000 mortgage at 6.8%. Try the free calculator now."","
src/data/articles.ts,1552,"<p>Every bank, credit union, and online lender uses the exact same underlying mathematical logic to determine your monthly bill. Whether you are borrowing $5,000 for a personal project or $500,000 for a home, the mechanics of the <strong>monthly payment formula</strong> remain constant. Understanding this math gives you the power to pull back the curtain on the ""black box"" of lending—allowing you to verify any quote, spot potential errors, and make smarter decisions. This guide walks you through the formula step-by-step with real examples. Start by testing your own numbers with our <a href=""/monthly-payment-calculator"">monthly payment calculator</a>.</p>"
src/data/articles.ts,1563,"<li><strong>r = Monthly Interest Rate:</strong> Your annual rate divided by 12, expressed as a decimal (e.g., 6% = 0.005).</li>"
src/data/articles.ts,1569,"<p>Let’s look at a <a href=""/calculator/10k-personal-loan-repayment-10-percent"">$10,000 personal loan at a 10% APR</a> over 3 years, common for well-qualified borrowers according to <a href=""https://fred.stlouisfed.org"" target=""_blank"" rel=""noopener noreferrer"">Federal Reserve Economic Data</a>.</p>"
src/data/articles.ts,1571,"<li>P = $10,000</li>"
src/data/articles.ts,1572,<li>Annual rate = 10% → r = 0.10 ÷ 12 = 0.008333</li>
src/data/articles.ts,1575,"<p>Calculation: (1 + 0.008333)^36 = 1.3482. Applying the formula: <strong>M = $322.67/month</strong>. Total interest paid over 3 years: $1,616. Verify this with our <a href=""/loan-calculator"">loan calculator</a>.</p>"
src/data/articles.ts,1578,"<p>Applying the <strong>monthly payment formula</strong> to a $25,000 auto loan at 7% APR over 5 years:</p>"
src/data/articles.ts,1580,"<li>P = $25,000</li>"
src/data/articles.ts,1584,"<p>Calculation: (1 + 0.005833)^60 = 1.4176. Applying the formula: <strong>M = $495/month</strong>. Total interest paid: $4,700. See <a href=""/blog/loan-calculator-explained"">how to use a loan calculator</a> to model your next car purchase.</p>"
src/data/articles.ts,1587,"<p>For a $300,000 mortgage at 6.8% over 30 years:</p>"
src/data/articles.ts,1589,"<li>P = $300,000</li>"
src/data/articles.ts,1593,"<p>Calculation: (1 + 0.005667)^360 = 7.6889. Applying the formula: <strong>M = $1,953/month</strong> (Principal and Interest Only). Your actual payment will be higher with taxes and insurance. Read our <a href=""/blog/mortgage-payment-guide"">complete mortgage payment guide</a> for a full PITI breakdown. Use our <a href=""/mortgage-calculator"">mortgage calculator</a> for a detailed analysis.</p>"
src/data/articles.ts,1596,"<p>Interest is calculated based on your remaining balance. In month 1 of the mortgage above, interest is $300,000 × 0.005667 = $1,700.10. Consequently, only $252.90 of your $1,953 payment reduces your principal. As the balance shrinks, interest drops, and more goes to principal. This is known as amortization. View this transition with our <a href=""/amortization-schedule"">amortization schedule</a> tool. Understanding <a href=""/blog/amortization-schedule-explained"">how amortization works</a> is key to early payoff planning.</p>"
src/data/articles.ts,1602,"<th class=""py-3 px-4 font-bold"">Rate Change ($300k, 30y)</th>"
src/data/articles.ts,1608,"<tr class=""border-b border-outline-variant/30""><td>5.5%</td><td>$1,703</td><td>$313,080</td></tr>"
src/data/articles.ts,1609,"<tr class=""border-b border-outline-variant/30 text-primary font-bold""><td>6.8%</td><td>$1,953</td><td>$403,080</td></tr>"
src/data/articles.ts,1610,"<tr class=""border-b border-outline-variant/30""><td>7.5%</td><td>$2,098</td><td>$455,280</td></tr>"
src/data/articles.ts,1617,"<th class=""py-3 px-4 font-bold"">Term Change ($300k, 6.8%)</th>"
src/data/articles.ts,1623,"<tr class=""border-b border-outline-variant/30""><td>15 years</td><td>$2,660</td><td>$178,800</td></tr>"
src/data/articles.ts,1624,"<tr class=""border-b border-outline-variant/30 text-primary font-bold""><td>30 years</td><td>$1,953</td><td>$403,080</td></tr>"
src/data/articles.ts,1628,"<p>A small rate shift can cost $50,000+ extra. See <a href=""/blog/interest-rate-impact"">how interest rates affect total cost</a>. Cutting your term from 30 to 15 years saves a staggering <strong>$224,280</strong>. Verify this with our <a href=""/total-interest-calculator"">total interest calculator</a>.</p>"
src/data/articles.ts,1663,"excerpt: ""15-year or 30-year mortgage — which should you choose in 2026? We compare monthly payments, total interest, break-even points, and the exact scenarios where each term wins — with real numbers for loan amounts from $200k to $600k."","
src/data/articles.ts,1666,"seoDescription: ""15-year vs 30-year fixed-rate mortgages compared for 2026 — a $350k loan costs $235,660 more in interest over 30 years. See which term actually wins for you."","
src/data/articles.ts,1684,"""text"": ""On a $350,000 loan at 2026 rates, a 30-year mortgage costs approximately $235,660 more in total interest than a 15-year mortgage. However, the 15-year monthly payment is about $703 higher."""
src/data/articles.ts,1700,"""text"": ""In 2026, 15-year mortgage rates are typically 0.5% to 0.75% lower than 30-year rates. This spread, tracked by <strong>Federal Reserve Economic Data</strong>, reflects the lower risk lenders take on shorter-term debt."""
src/data/articles.ts,1708,"""text"": ""If the higher 15-year payment stays below 28% of your gross income and you value being debt-free (especially before retirement), then yes. But if it prevents you from building an emergency fund or investing in a 401(k), the 30-year may be the safer financial foundation."""
src/data/articles.ts,1717,"<p>The fundamental trade-off is simple: a 15-year mortgage has a higher monthly payment but dramatically lower total interest. A 30-year mortgage has a lower monthly payment, but you pay far more over time. Neither is objectively better; it depends on what you do with the payment difference. Let's look at a $350,000 loan at 2026 rates (15-year at 6.2%, 30-year at 6.8%):</p>"
src/data/articles.ts,1724,"<th class=""py-4 px-4 font-bold"">15-Year (6.2%)</th>"
src/data/articles.ts,1725,"<th class=""py-4 px-4 font-bold"">30-Year (6.8%)</th>"
src/data/articles.ts,1730,"<tr class=""border-b border-outline-variant/30""><td class=""py-3 px-4"">Monthly P&I</td><td class=""py-3 px-4"">$2,993</td><td class=""py-3 px-4"">$2,290</td><td class=""py-3 px-4 text-red-600"">+$703/month</td></tr>"
src/data/articles.ts,1731,"<tr class=""border-b border-outline-variant/30""><td class=""py-3 px-4"">Total Interest Paid</td><td class=""py-3 px-4"">$188,740</td><td class=""py-3 px-4"">$424,400</td><td class=""py-3 px-4 text-green-600"">$235,660 saved</td></tr>"
src/data/articles.ts,1732,"<tr class=""border-b border-outline-variant/30""><td class=""py-3 px-4"">Equity at Year 5</td><td class=""py-3 px-4"">~$98,000</td><td class=""py-3 px-4"">~$37,000</td><td class=""py-3 px-4 font-bold"">$61,000 more</td></tr>"
src/data/articles.ts,1738,"<p>As the table shows, the 30-year mortgage costs $235,660 more in total interest but frees up $703/month every month for 30 years. To see how this equity builds month-by-month, check your <a href=""/amortization-schedule"">amortization schedule</a>.</p>"
src/data/articles.ts,1741,<p>How much does the choice impact your specific budget? Here is the comparison across common loan amounts at 2026 rates (using a 15-year at 6.2% and a 30-year at 6.8%):</p>
src/data/articles.ts,1755,"<tr class=""border-b border-outline-variant/30""><td>$200,000</td><td>$1,710</td><td>$1,307</td><td>+$403</td><td>$134,660</td></tr>"
src/data/articles.ts,1756,"<tr class=""border-b border-outline-variant/30""><td>$300,000</td><td>$2,565</td><td>$1,961</td><td>+$604</td><td>$201,980</td></tr>"
src/data/articles.ts,1757,"<tr class=""border-b border-outline-variant/30 font-bold text-primary""><td>$350,000</td><td>$2,993</td><td>$2,290</td><td>+$703</td><td>$235,660</td></tr>"
src/data/articles.ts,1758,"<tr class=""border-b border-outline-variant/30""><td>$400,000</td><td>$3,420</td><td>$2,615</td><td>+$805</td><td>$269,320</td></tr>"
src/data/articles.ts,1759,"<tr class=""border-b border-outline-variant/30""><td>$500,000</td><td>$4,275</td><td>$3,327</td><td>+$948</td><td>$326,600</td></tr>"
src/data/articles.ts,1760,"<tr class=""border-b border-outline-variant/30 bg-primary/5""><td>$600,000</td><td>$5,130</td><td>$3,993</td><td>+$1,137</td><td>$392,160</td></tr>"
src/data/articles.ts,1764,"<p>Run these calculations for your exact home price using our <a href=""/mortgage-calculator"">mortgage calculator</a>, or see detailed breakdowns for a <a href=""/calculator/400k-mortgage-monthly-payment-4-percent"">$400k mortgage at 4%</a> and a <a href=""/calculator/300k-mortgage-monthly-payment-6-percent"">$300k mortgage at 6%</a>.</p>"
src/data/articles.ts,1769,"<li><strong>Stable, High Income:</strong> If the higher 15-year payment comfortably stays within the 28% housing ratio enforced by many lenders (and discussed by the <a href=""https://www.consumerfinance.gov"" target=""_blank"" rel=""noopener noreferrer"">Consumer Financial Protection Bureau</a>), it's a great way to force savings.</li>"
src/data/articles.ts,1772,"<li><strong>Lack of Investing Discipline:</strong> If you wouldn't actually invest that $600–$900/month difference, the 15-year ""forces"" you to build wealth through home equity.</li>"
src/data/articles.ts,1778,"<li><strong>Budget Constraints:</strong> If a 15-year payment strains your budget above 30% of your gross income, you leave no buffer for job loss or emergencies. Flexibility is valuable.</li>"
src/data/articles.ts,1779,"<li><strong>Consistent Investing:</strong> If you invest the $703/month difference into a low-cost index fund averaging 8-10% annually, the math often favors the 30-year borrower over 30 years.</li>"
src/data/articles.ts,1781,"<li><strong>High-Interest Debt:</strong> You should always pay off credit cards (often 20%+ interest) or auto loans before committing to higher mortgage payments. Review our guide on <a href=""/blog/extra-payments-impact"">making extra payments on a 30-year loan</a> for an alternative strategy.</li>"
src/data/articles.ts,1785,"<p>One of the best-kept secrets in home finance is taking a 30-year mortgage but paying it like a 15-year loan. This gives you the best of both worlds: the interest savings of a faster payoff, with the contractual flexibility to drop back to the lower 30-year minimum payment if you hit a financial rough patch. Paying $2,993/month on a 30-year $350,000 loan at 6.8% pays it off in approximately 16.5 years and saves roughly $210,000 in interest — an outcome nearly as good as the 15-year loan but with significantly less risk. You can model this specific ""what-if"" scenario on our <a href=""/amortization-schedule"">amortization schedule</a> tool. Check out more <a href=""/blog/early-mortgage-payoff"">strategies for paying off your mortgage early</a>.</p>"
src/data/articles.ts,1788,"<p>15-year mortgages consistently carry lower interest rates than 30-year loans — typically 0.5%–0.75% lower. This is because a shorter loan represents less time-based risk to the lender. According to <a href=""https://fred.stlouisfed.org"" target=""_blank"" rel=""noopener noreferrer"">Federal Reserve Economic Data</a>, this spread is a historical constant. On a $350,000 loan, the rate difference alone saves approximately $40,000 in interest before even considering the shorter term. Understanding <a href=""/blog/interest-rate-impact"">how your rate affects total cost</a> is vital before you sign. If you already have a 30-year loan, consider <a href=""/blog/when-to-refinance"">refinancing from a 30-year to a 15-year</a> if rates have dropped.</p>"
src/data/articles.ts,1795,"<p>On a $350,000 loan at 2026 rates, a 30-year mortgage costs approximately $235,660 more in total interest than a 15-year mortgage. However, the 15-year monthly payment is about $703 higher. You can see the full breakdown on our <a href=""/total-interest-calculator"">total interest calculator</a>.</p>"
src/data/articles.ts,1801,"<p>In 2026, 15-year mortgage rates are typically 0.5% to 0.75% lower than 30-year rates. This spread, tracked by <strong>Federal Reserve Economic Data</strong>, reflects the lower risk lenders take on shorter-term debt.</p>"
src/data/articles.ts,1804,"<p>If the higher 15-year payment stays below 28% of your gross income and you value being debt-free (especially before retirement), then yes. But if it prevents you from building an emergency fund or investing in a 401(k), the 30-year may be the safer financial foundation.</p>"
src/data/articles.ts,1822,"excerpt: ""Refinancing can save you thousands — but only if the timing is right. Learn the break-even formula, the 1% rule, real savings examples, and exactly when refinancing costs more than it saves."","
src/data/articles.ts,1827,"<p>Refinancing is one of those financial decisions that sounds straightforward until you actually sit down to do the math. The pitch is simple: rates went up, now they're coming down, so refinance and save money. The reality is that refinancing has upfront costs — typically $3,000 to $8,000 — and whether it actually saves you money depends entirely on one number most people never calculate: the break-even point. You can run these numbers yourself using our <a href=""/refinancing-calculator"">refinancing calculator</a>.</p>"
src/data/articles.ts,1829,"<p>A lot of homeowners locked in rates between 6.5% and 8% over the past few years and have been watching rates closely ever since. If that's you, this article is written for your situation. We'll walk through the exact math, show you what a meaningful rate drop actually saves, and cover the situations where refinancing clearly makes sense — and the ones where it doesn't.</p>"
src/data/articles.ts,1831,"<p>One thing upfront: there is no universal rule that makes refinancing right or wrong. The 1% rule of thumb is a starting point, not a verdict. The break-even calculation is what actually matters, and it takes about five minutes to run.</p>"
src/data/articles.ts,1839,"<p>If it costs you $6,000 to refinance and you save $200/month, your break-even is 30 months — just under two and a half years. Stay beyond that, refinancing wins. Move or refinance again before that, and you've lost money.</p>"
src/data/articles.ts,1853,"<tr class=""border-b border-outline-variant/30""><td class=""py-3 px-4"">Monthly P&I</td><td class=""py-3 px-4"">$2,086</td><td class=""py-3 px-4"">$1,871</td></tr>"
src/data/articles.ts,1854,"<tr class=""border-b border-outline-variant/30""><td class=""py-3 px-4"">Monthly savings</td><td class=""py-3 px-4"">—</td><td class=""py-3 px-4"">$215</td></tr>"
src/data/articles.ts,1856,"<tr class=""border-b border-outline-variant/30""><td class=""py-3 px-4"">Total interest remaining</td><td class=""py-3 px-4"">$288,528</td><td class=""py-3 px-4"">$229,592</td></tr>"
src/data/articles.ts,1857,"<tr class=""bg-primary/5 font-bold""><td class=""py-3 px-4"">Interest saved (net)</td><td class=""py-3 px-4"">—</td><td class=""py-3 px-4"">~$52,936</td></tr>"
src/data/articles.ts,1862,"<p>If this homeowner plans to stay more than 27 months — highly likely for most homeowners — refinancing saves nearly $53,000 over the remaining loan life. That's a straightforward yes. Use our <a href=""/refinancing-calculator"">refinancing calculator</a> to run your own version of this calculation.</p>"
src/data/articles.ts,1864,"<h2>The 1% Rule — Useful Starting Point, Not a Final Answer</h2>"
src/data/articles.ts,1865,"<p>The traditional rule of thumb says refinancing is worth exploring when you can drop your rate by at least 1%. That's not bad advice — a 1% drop on a $300,000 loan saves roughly $170/month, and on a $500,000 loan it saves closer to $285/month. Those are real numbers.</p>"
src/data/articles.ts,1867,"<p>But the 1% rule ignores closing costs entirely, which is a significant omission. A 0.6% rate drop on a large loan balance with low closing costs can be a better deal than a 1.2% drop with high fees on a smaller balance. Always run the break-even calculation. Use the 1% rule as a filter to decide whether it's worth spending 20 minutes doing the actual math — not as a substitute for it. Read more about <a href=""/blog/interest-rate-impact"">what a rate drop actually saves</a>, or compare <a href=""/calculator/400k-mortgage-monthly-payment-4-percent"">what a $400k mortgage at 4% costs</a> against today's rates.</p>"
src/data/articles.ts,1870,"<p><strong>Situation 1: Your rate is significantly above current market rates and you plan to stay.</strong> If you're sitting on a 7.5% mortgage and current 30-year rates are around 6.2%, that's a 1.3% difference. On a $350,000 balance, that's roughly $250/month. Over 10 years, it's $30,000 in savings minus closing costs. The math is compelling for anyone planning to stay put.</p>"
src/data/articles.ts,1874,"<p><strong>Situation 3: You want to shorten your loan term.</strong> Refinancing from a 30-year to a 15-year mortgage dramatically increases your monthly payment but cuts your total interest cost by well over $100,000 on most loan sizes. If your income has grown since you took out the original loan and you want to build equity faster, this is one of the most powerful financial moves available to a homeowner. Check out our <a href=""/blog/15-vs-30-year-mortgage"">15-year vs 30-year mortgage</a> comparison.</p>"
src/data/articles.ts,1876,"<p><strong>Situation 4: Your credit score has improved significantly.</strong> If you bought your home when your credit score was in the 620–650 range and it's now above 720, you may qualify for a meaningfully better rate than you originally received — even if market rates haven't moved. Lenders price risk based on your score, and a 100-point improvement can translate into a 0.5–1.0% rate reduction on its own.</p>"
src/data/articles.ts,1881,"<p><strong>Situation 1: You're planning to move within two to three years.</strong> This is the most common refinancing mistake. If your break-even is 28 months and you're moving in 24, you've paid $5,000 in closing costs and recouped $4,800 in savings. Net loss: $200 and a lot of paperwork. Run the break-even first — always.</p>"
src/data/articles.ts,1885,"<p><strong>Situation 3: The rate drop is too small to justify the costs.</strong> A 0.25% rate reduction on a $250,000 balance saves about $40/month. With $5,000 in closing costs, your break-even is over 10 years. Unless you're absolutely certain you're staying that long, leave it.</p>"
src/data/articles.ts,1892,"<p>But there is a real risk that often goes unmentioned. A cash-out refinance converts unsecured debt — which a lender can't take your house for — into secured debt backed by your home. If you use a cash-out refi to pay off $30,000 in credit card debt and then accumulate credit card debt again, you haven't solved the problem. You've just added it to your mortgage. This is genuinely worth pausing on before proceeding.</p>"
src/data/articles.ts,1897,"<p>One of the most underappreciated risks of refinancing is accidentally extending your loan term without realising it. It happens constantly. You're 8 years into a 30-year mortgage, your remaining balance is $260,000, and you refinance into a new 30-year loan. You've just given yourself 38 years of mortgage payments instead of 22.</p>"
src/data/articles.ts,1915,"<tr class=""border-b border-outline-variant/30""><td class=""py-3 px-4"">Loan origination fee</td><td class=""py-3 px-4"">0.5–1% of loan</td></tr>"
src/data/articles.ts,1916,"<tr class=""border-b border-outline-variant/30""><td class=""py-3 px-4"">Appraisal fee</td><td class=""py-3 px-4"">$400–$700</td></tr>"
src/data/articles.ts,1917,"<tr class=""border-b border-outline-variant/30""><td class=""py-3 px-4"">Title search</td><td class=""py-3 px-4"">$200–$400</td></tr>"
src/data/articles.ts,1918,"<tr class=""border-b border-outline-variant/30""><td class=""py-3 px-4"">Title insurance</td><td class=""py-3 px-4"">$500–$1,000</td></tr>"
src/data/articles.ts,1919,"<tr class=""border-b border-outline-variant/30""><td class=""py-3 px-4"">Credit report fee</td><td class=""py-3 px-4"">$25–$50</td></tr>"
src/data/articles.ts,1920,"<tr class=""border-b border-outline-variant/30""><td class=""py-3 px-4"">Recording fees</td><td class=""py-3 px-4"">$25–$250</td></tr>"
src/data/articles.ts,1921,"<tr class=""border-b border-outline-variant/30""><td class=""py-3 px-4"">Attorney fee (if req'd)</td><td class=""py-3 px-4"">$500–$1,000</td></tr>"
src/data/articles.ts,1922,"<tr class=""bg-primary/5 font-bold""><td class=""py-3 px-4"">Total typical range</td><td class=""py-3 px-4"">$3,000–$8,000</td></tr>"
src/data/articles.ts,1943,"A: It's the number of months it takes for your cumulative monthly savings to equal your upfront closing costs. Divide total closing costs by monthly payment savings to get the number. If your closing costs are $6,000 and you save $200/month, break-even is 30 months.</p>"
src/data/articles.ts,1947,"A: If you can comfortably afford the higher 15-year payment, the interest savings are substantial — often $100,000–$200,000 over the life of the loan. If the 15-year payment would stretch your budget, a 30-year with extra payments is more flexible. See our <a href=""/blog/15-vs-30-year-mortgage"">15-year vs 30-year mortgage</a> comparison.</p>"
src/data/articles.ts,1982,"<p>The 2026 context demands honesty. Mortgage rates are still above 6% after a period of historically low rates that ended sharply. Home prices in most markets haven't corrected significantly despite those rate increases. That combination has made the monthly cost of buying genuinely more expensive than renting in many US cities for the first time in decades. That doesn't mean you shouldn't buy — it means you need to run the actual numbers for your specific situation. You can use our <a href=""/rent-vs-buy"">rent vs buy calculator</a> to see how this applies to you.</p>"
src/data/articles.ts,1987,"<p>Most people calculate the cost of renting as just their monthly rent. That's mostly right — renting is financially simpler than owning. But the complete picture includes: monthly rent (obviously), renter's insurance (typically $15–$30/month, surprisingly often skipped), and the opportunity cost of not building equity.</p>"
src/data/articles.ts,1989,"<p>That last one is the crux of the whole debate. Every month you rent, your landlord's equity grows and yours doesn't. But here's what that argument misses: if you had put $40,000 into a down payment instead of keeping it invested, you'd also be missing whatever that $40,000 earned in the market. Equity isn't free money — it's money you chose to put into real estate instead of somewhere else.</p>"
src/data/articles.ts,1991,"<p>The genuine advantage of renting is flexibility and simplicity. No maintenance costs, no property taxes, no surprise $8,000 roof replacement. When the boiler breaks at 2am, you call your landlord. That has real value, especially if you're not sure where you'll be in three years.</p>"
src/data/articles.ts,2003,"<tr class=""border-b border-outline-variant/30""><td class=""py-3 px-4"">$1,500</td><td class=""py-3 px-4"">$20</td><td class=""py-3 px-4"">$1,520</td></tr>"
src/data/articles.ts,2004,"<tr class=""border-b border-outline-variant/30""><td class=""py-3 px-4"">$2,000</td><td class=""py-3 px-4"">$22</td><td class=""py-3 px-4"">$2,022</td></tr>"
src/data/articles.ts,2005,"<tr class=""border-b border-outline-variant/30""><td class=""py-3 px-4"">$2,500</td><td class=""py-3 px-4"">$25</td><td class=""py-3 px-4"">$2,525</td></tr>"
src/data/articles.ts,2006,"<tr class=""border-b border-outline-variant/30""><td class=""py-3 px-4"">$3,000</td><td class=""py-3 px-4"">$28</td><td class=""py-3 px-4"">$3,028</td></tr>"
src/data/articles.ts,2011,"<p class=""text-sm italic text-on-surface-variant"">Note: rent typically increases 3–5% per year. A $2,000/month apartment today could cost $2,315–$2,552 in five years.</p>"
src/data/articles.ts,2014,"<p>This is where most people underestimate. The mortgage payment is just the beginning. The true monthly cost of homeownership includes principal and interest (which most people calculate), property taxes (which vary enormously — from under 0.5% annually in Hawaii to over 2% in New Jersey), homeowners insurance, PMI if your down payment is under 20%, and maintenance.</p>"
src/data/articles.ts,2016,"<p>That last item is chronically underbudgeted. The standard rule of thumb is 1% of the home's value per year for maintenance — on a $380,000 home, that's $3,800/year or about $317/month on average. Some years it's nothing. Some years the HVAC dies in August. Budget for the average.</p>"
src/data/articles.ts,2020,"<caption class=""p-4 text-left font-bold bg-surface-container-low border-b border-outline-variant"">$380,000 Home | 10% Down | 6.8% Rate</caption>"
src/data/articles.ts,2028,"<tr class=""border-b border-outline-variant/30""><td class=""py-3 px-4"">Principal and interest</td><td class=""py-3 px-4"">$2,239</td></tr>"
src/data/articles.ts,2029,"<tr class=""border-b border-outline-variant/30""><td class=""py-3 px-4"">Property tax (1.1%/yr)</td><td class=""py-3 px-4"">$348</td></tr>"
src/data/articles.ts,2030,"<tr class=""border-b border-outline-variant/30""><td class=""py-3 px-4"">Homeowners insurance</td><td class=""py-3 px-4"">$130</td></tr>"
src/data/articles.ts,2031,"<tr class=""border-b border-outline-variant/30""><td class=""py-3 px-4"">PMI (~0.5%)</td><td class=""py-3 px-4"">$142</td></tr>"
src/data/articles.ts,2032,"<tr class=""border-b border-outline-variant/30""><td class=""py-3 px-4"">Maintenance reserve (1%)</td><td class=""py-3 px-4"">$317</td></tr>"
src/data/articles.ts,2033,"<tr class=""bg-primary/5 font-bold""><td class=""py-3 px-4"">Total true monthly cost</td><td class=""py-3 px-4"">$3,176</td></tr>"
src/data/articles.ts,2040,"<caption class=""p-4 text-left font-bold bg-surface-container-low border-b border-outline-variant"">High-Tax State (New Jersey @ 2.2% Property Tax)</caption>"
src/data/articles.ts,2048,"<tr class=""border-b border-outline-variant/30""><td class=""py-3 px-4"">Principal and interest</td><td class=""py-3 px-4"">$2,239</td></tr>"
src/data/articles.ts,2049,"<tr class=""border-b border-outline-variant/30""><td class=""py-3 px-4"">Property tax (2.2%/yr)</td><td class=""py-3 px-4"">$697</td></tr>"
src/data/articles.ts,2050,"<tr class=""border-b border-outline-variant/30""><td class=""py-3 px-4"">Homeowners insurance</td><td class=""py-3 px-4"">$160</td></tr>"
src/data/articles.ts,2051,"<tr class=""border-b border-outline-variant/30""><td class=""py-3 px-4"">PMI (~0.5%)</td><td class=""py-3 px-4"">$142</td></tr>"
src/data/articles.ts,2052,"<tr class=""border-b border-outline-variant/30""><td class=""py-3 px-4"">Maintenance reserve (1%)</td><td class=""py-3 px-4"">$317</td></tr>"
src/data/articles.ts,2053,"<tr class=""bg-primary/5 font-bold""><td class=""py-3 px-4"">Total true monthly cost</td><td class=""py-3 px-4"">$3,555</td></tr>"
src/data/articles.ts,2058,"<p>Location dramatically changes the math. A $380,000 home in Texas or New Jersey costs hundreds more per month than the same priced home in Alabama or Hawaii — purely because of property taxes. You can run your own PITI calculation using our <a href=""/mortgage-calculator"">mortgage calculator</a>.</p>"
src/data/articles.ts,2063,"<p>The calculation accounts for: upfront costs of buying (down payment, closing costs typically 2–5% of purchase price), monthly payment difference between buying and renting, equity built through mortgage payments and appreciation, and the investment return you could have earned on the down payment instead.</p>"
src/data/articles.ts,2065,"<p>For most markets in 2026, with rates above 6%, the break-even sits somewhere between 4 and 8 years. In expensive coastal markets where rents are high relative to purchase prices, it can be faster. In markets where buying costs far more per month than renting, it can push past 10 years.</p>"
src/data/articles.ts,2069,"<caption class=""p-4 text-left font-bold bg-surface-container-low border-b border-outline-variant"">Break-Even Comparison ($380k home, 10% down, 6.8% rate, vs $2,200/mo rent)</caption>"
src/data/articles.ts,2080,"<tr class=""border-b border-outline-variant/30""><td class=""py-3 px-4"">1</td><td class=""py-3 px-4"">$88,212</td><td class=""py-3 px-4"">$26,664</td><td class=""py-3 px-4"">$7,840</td><td class=""py-3 px-4"">Renting wins</td></tr>"
src/data/articles.ts,2081,"<tr class=""border-b border-outline-variant/30""><td class=""py-3 px-4"">3</td><td class=""py-3 px-4"">$133,636</td><td class=""py-3 px-4"">$81,576</td><td class=""py-3 px-4"">$24,180</td><td class=""py-3 px-4"">Renting wins</td></tr>"
src/data/articles.ts,2082,"<tr class=""border-b border-outline-variant/30""><td class=""py-3 px-4"">5</td><td class=""py-3 px-4"">$179,060</td><td class=""py-3 px-4"">$138,276</td><td class=""py-3 px-4"">$41,840</td><td class=""py-3 px-4"">Renting wins</td></tr>"
src/data/articles.ts,2083,"<tr class=""border-b border-outline-variant/30 bg-primary/5""><td class=""py-3 px-4"">7</td><td class=""py-3 px-4"">$224,484</td><td class=""py-3 px-4"">$197,892</td><td class=""py-3 px-4"">$61,240</td><td class=""py-3 px-4 font-bold"">~Break-even</td></tr>"
src/data/articles.ts,2084,"<tr class=""border-b border-outline-variant/30""><td class=""py-3 px-4"">10</td><td class=""py-3 px-4"">$292,120</td><td class=""py-3 px-4"">$296,244</td><td class=""py-3 px-4"">$95,600</td><td class=""py-3 px-4 text-primary font-bold"">Buying wins</td></tr>"
src/data/articles.ts,2089,"<p class=""text-sm italic text-on-surface-variant"">Note: cumulative buying cost includes down payment and closing costs upfront. Equity built includes mortgage paydown and 3% annual appreciation. Renting cost assumes 4% annual rent increases.</p>"
src/data/articles.ts,2108,"<tr class=""border-b border-outline-variant/30""><td class=""py-3 px-4"">Detroit, MI</td><td class=""py-3 px-4"">$185,000</td><td class=""py-3 px-4"">$15,600</td><td class=""py-3 px-4"">11.9</td><td class=""py-3 px-4 text-green-600 font-bold"">Strong buy</td></tr>"
src/data/articles.ts,2109,"<tr class=""border-b border-outline-variant/30""><td class=""py-3 px-4"">Indianapolis</td><td class=""py-3 px-4"">$275,000</td><td class=""py-3 px-4"">$19,200</td><td class=""py-3 px-4"">14.3</td><td class=""py-3 px-4 text-green-600 font-bold"">Lean buy</td></tr>"
src/data/articles.ts,2110,"<tr class=""border-b border-outline-variant/30""><td class=""py-3 px-4"">Atlanta, GA</td><td class=""py-3 px-4"">$385,000</td><td class=""py-3 px-4"">$24,000</td><td class=""py-3 px-4"">16.0</td><td class=""py-3 px-4 font-bold"">Neutral</td></tr>"
src/data/articles.ts,2111,"<tr class=""border-b border-outline-variant/30""><td class=""py-3 px-4"">Austin, TX</td><td class=""py-3 px-4"">$490,000</td><td class=""py-3 px-4"">$26,400</td><td class=""py-3 px-4"">18.6</td><td class=""py-3 px-4 text-orange-600 font-bold"">Lean rent</td></tr>"
src/data/articles.ts,2112,"<tr class=""border-b border-outline-variant/30""><td class=""py-3 px-4"">Denver, CO</td><td class=""py-3 px-4"">$580,000</td><td class=""py-3 px-4"">$27,600</td><td class=""py-3 px-4"">21.0</td><td class=""py-3 px-4 text-orange-600 font-bold"">Lean rent</td></tr>"
src/data/articles.ts,2113,"<tr class=""border-b border-outline-variant/30""><td class=""py-3 px-4"">San Francisco</td><td class=""py-3 px-4"">$1,100,000</td><td class=""py-3 px-4"">$42,000</td><td class=""py-3 px-4"">26.2</td><td class=""py-3 px-4 text-red-600 font-bold"">Strong rent</td></tr>"
src/data/articles.ts,2127,"<p>Scenario 4: You have or can save a meaningful down payment. Buying with 5–10% down is entirely workable — millions of people do it. But going in with at least 5% reduces your loan, keeps PMI manageable, and signals to lenders that you're a lower-risk borrower. Check our <a href=""/blog/down-payment-guide"">down payment guide</a> for strategies.</p>"
src/data/articles.ts,2134,"<p>Scenario 3: You're carrying significant high-interest debt. If you have credit card debt above 15% APR, paying that off before buying a home is almost always the right mathematical call. The guaranteed return of eliminating 20% interest debt beats the speculative return of home appreciation.</p>"
src/data/articles.ts,2136,"<p>Scenario 4: Your debt-to-income ratio is already stretched. Lenders use DTI to evaluate mortgage applications — most want it below 43%. But qualifying for the maximum you're allowed and comfortably affording it are two different things. If buying would push your housing costs above 30% of your take-home pay, rent until your income grows or your debts shrink. Read more about the <a href=""/blog/28-36-rule-explained"">28/36 rule</a>.</p>"
src/data/articles.ts,2139,"<p>The down payment comparison is the part of the rent vs. buy debate that most articles skip. If you put $40,000 into a down payment, that money is no longer available for anything else. The question is: what would it have earned if you'd invested it instead?</p>"
src/data/articles.ts,2141,"<p>The S&P 500 has historically returned roughly 10% annually before inflation. $40,000 invested over 7 years at 10% becomes approximately $78,000. Over the same 7 years, your $40,000 down payment on a $400,000 home might generate $84,000 in equity (assuming 3% annual appreciation and mortgage paydown). The numbers are closer than most people expect — and that's before factoring in the tax deductibility of mortgage interest or the non-financial value of owning your space. There is no universally correct answer here. You can reference the <a href=""https://www.federalreserve.gov"" target=""_blank"" rel=""noopener noreferrer"">Federal Reserve's data</a> on historical housing appreciation for context.</p>"
src/data/articles.ts,2193,"excerpt: ""The 20% down payment rule is outdated for most buyers. Here is how much you actually need in 2026, what PMI really costs, how long it takes to save, and the programs that can help you get there faster."","
src/data/articles.ts,2198,"<p>Most people grew up hearing they need 20% down to buy a house. But for most buyers today, waiting to save 20% would mean waiting a decade. The median home price in the US is now over $400,000 — that's $80,000 before you even get to closing costs. The reality is that millions of Americans buy homes every year with far less than 20% down, and most of them are just fine.</p>"
src/data/articles.ts,2203,"<p>In 2026, the options for getting into a home are more flexible than ever. For many first-time buyers and those with lower-to-moderate incomes, there are 3% down programs available through conventional loans like Fannie Mae's HomeReady and Freddie Mac's Home Possible. While these typically require a credit score of at least 620, you'll find that scoring 680 or higher generally unlocks much better terms. If your credit score is a bit lower, FHA loans are a common path, allowing for as little as 3.5% down with scores as low as 580. The trade-off here is that FHA mortgage insurance is a bit more persistent than conventional PMI, which we'll dive into shortly.</p>"
src/data/articles.ts,2205,"<p>Many buyers find that 10% down represents the ""sweet spot."" It's enough to reduce your loan size and drop your PMI costs significantly, but it still leaves you with enough cash for closing costs, moving expenses, and the inevitable repairs that pop up in any new home. Of course, 20% down remains the gold standard for avoiding PMI entirely and securing the lowest possible interest rate. However, on a $400,000 home, that’s $80,000 in cash—a mountain of money that many people simply don't have sitting around, especially after also budgeting for closing costs. Worth targeting if you can, but not worth waiting years for if you're ready to buy.</p>"
src/data/articles.ts,2215,"<th class=""py-3 px-4 font-bold text-sm"">Monthly P&I (6.8%)</th>"
src/data/articles.ts,2219,"<tr class=""border-b border-outline-variant/30""><td class=""py-3 px-4"">3%</td><td class=""py-3 px-4"">$11,400</td><td class=""py-3 px-4"">$368,600</td><td class=""py-3 px-4"">~$154/mo</td><td class=""py-3 px-4"">$2,413</td></tr>"
src/data/articles.ts,2220,"<tr class=""border-b border-outline-variant/30""><td class=""py-3 px-4"">3.5%</td><td class=""py-3 px-4"">$13,300</td><td class=""py-3 px-4"">$366,700</td><td class=""py-3 px-4"">~$153/mo</td><td class=""py-3 px-4"">$2,400</td></tr>"
src/data/articles.ts,2221,"<tr class=""border-b border-outline-variant/30 bg-primary/5 font-bold""><td class=""py-3 px-4"">10%</td><td class=""py-3 px-4"">$38,000</td><td class=""py-3 px-4"">$342,000</td><td class=""py-3 px-4"">~$71/mo</td><td class=""py-3 px-4"">$2,239</td></tr>"
src/data/articles.ts,2222,"<tr class=""border-b border-outline-variant/30 font-bold text-primary""><td class=""py-3 px-4"">20%</td><td class=""py-3 px-4"">$76,000</td><td class=""py-3 px-4"">$304,000</td><td class=""py-3 px-4"">$0</td><td class=""py-3 px-4"">$1,990</td></tr>"
src/data/articles.ts,2227,"<p>When you look at the raw data, the difference between putting 3% down and 20% down on a typical home is about $423 per month. While that is absolutely real money, it may be less of a gap than many people expect given the massive difference in upfront cash. You can run your own scenarios using our <a href=""/mortgage-calculator"">mortgage calculator</a> to see how these numbers shift for your specific price point. Check out our guide on <a href=""/blog/mortgage-payment-guide"">how mortgage payments are calculated</a> for more on this.</p>"
src/data/articles.ts,2230,"<p>PMI, or Private Mortgage Insurance, often gets a bad reputation in the homebuying world. Yes, it's essentially a fee you pay that doesn't build any equity in your home. However, it's also the very thing that enables you to buy a home three to seven years earlier than if you were forced to wait and save up a full 20% down payment. In a rising market, the math can actually work in your favor—getting into a home sooner often beats waiting for a ""perfect"" down payment while prices climb.</p>"
src/data/articles.ts,2232,"<p>Typically, PMI costs between 0.5% and 1.5% of the loan amount per year, which is split into your monthly payments. On a $350,000 loan at an average 0.8% rate, you’re looking at about $233 per month. It isn't a small amount, but it’s also not permanent. Under the Homeowners Protection Act, which you can read about in detail at the <a href=""https://www.consumerfinance.gov"" target=""_blank"" rel=""noopener noreferrer"">Consumer Financial Protection Bureau</a>, lenders are required to automatically cancel your PMI once your loan balance reaches 78% of the original purchase price. You can even request early cancellation once you hit 80% equity, or get there faster by making <a href=""/blog/extra-payments-impact"">extra payments</a> toward your principal.</p>"
src/data/articles.ts,2234,"<p>There is one important exception to keep in mind: FHA mortgage insurance. If you put down less than 10% on an FHA loan, that insurance stays for the entire life of the loan. If you put down 10% or more, it drops off after 11 years. This is a big reason why many buyers prefer conventional loans even when FHA rates seem slightly lower—over the long haul, the persistent cost of FHA insurance can easily erase any benefit from a lower interest rate.</p>"
src/data/articles.ts,2237,"<p>Saving for a down payment while you're already paying rent is genuinely one of the hardest parts of the journey. There's no sense in sugarcoating it: it requires a high level of discipline and often some tough trade-offs. The timeline depends heavily on your monthly surplus and your target. If you're able to set aside $1,000 a month after tax and rent, here is what that path forward looks like:</p>"
src/data/articles.ts,2249,"<tr class=""border-b border-outline-variant/30""><td class=""py-3 px-4"">$11,400 (3%)</td><td class=""py-3 px-4"">~11 months</td><td class=""py-3 px-4"">Realistic for many renters</td></tr>"
src/data/articles.ts,2250,"<tr class=""border-b border-outline-variant/30""><td class=""py-3 px-4"">$38,000 (10%)</td><td class=""py-3 px-4"">~3.2 years</td><td class=""py-3 px-4"">Achievable with discipline</td></tr>"
src/data/articles.ts,2251,"<tr class=""border-b border-outline-variant/30""><td class=""py-3 px-4"">$57,000 (15%)</td><td class=""py-3 px-4"">~4.7 years</td><td class=""py-3 px-4"">Start to question opportunity cost</td></tr>"
src/data/articles.ts,2252,"<tr class=""border-b border-outline-variant/30""><td class=""py-3 px-4"">$76,000 (20%)</td><td class=""py-3 px-4"">~6.3 years</td><td class=""py-3 px-4"">A long time in a rising market</td></tr>"
src/data/articles.ts,2257,"<p>It's worth considering that if you're in a market where home prices are rising by 4–5% per year, waiting an extra three or four years just to hit that 20% mark means you’re essentially chasing a moving target. Sometimes, putting less down sooner is the smarter move than waiting for a ""right"" number that keeps getting further away. You can explore this dynamic further in our analysis of <a href=""/blog/rent-vs-buy-2026"">renting vs buying in 2026</a>.</p>"
src/data/articles.ts,2260,"<p>Many homebuyers assume they have to save every single dollar of their down payment themselves, but there are several programs designed specifically to help you cross the finish line sooner. For instance, most US states offer Down Payment Assistance (DPA) programs. These often take the form of grants or low-interest second loans that can cover 3–5% of your purchase price. The <a href=""https://www.ncsha.org"" target=""_blank"" rel=""noopener noreferrer"">National Council of State Housing Agencies</a> maintains a directory where you can find programs specific to your area. These are often underutilized and are well worth checking before you assume you're on your own. If you're still wondering <a href=""/blog/how-much-house-can-i-afford"">how much house you can afford</a> given these programs, our guide has you covered.</p>"
src/data/articles.ts,2262,"<p>Beyond state programs, most loan types—including conventional, FHA, and VA—allow you to use gift funds from family members for part or all of your down payment. You'll just need a signed ""gift letter"" confirming that the money isn't a loan that needs to be repaid. If you have a 401(k), some employers allow you to borrow against it for a home purchase, typically up to $50,000 or 50% of your vested balance. While it’s not always ideal to miss out on market gains, it’s an option worth knowing about. And of course, if you or your spouse have served in the military, <a href=""/blog/va-loans-guide"">VA loans</a> require zero down payment and no PMI, which is arguably the single best mortgage benefit available in the US today. For official information on all these assistance programs, <a href=""https://www.hud.gov"" target=""_blank"" rel=""noopener noreferrer"">HUD</a> is the best place to start.</p>"
src/data/articles.ts,2267,"<p>Most financial planners suggest a ""1% maintenance rule,"" meaning you should budget roughly 1% of your home's total value each year for upkeep. On a $380,000 home, that’s $3,800 a year that you need to have accessible, not locked away in home equity. The honest take is that putting 10% down and keeping $15,000 in an emergency fund is often a much stronger financial position than putting 15% down and having nothing left. After all, home equity doesn't pay your plumber. For a full breakdown of what you'll need beyond the down payment, check out our breakdown of <a href=""/blog/home-purchase-budgeting"">full cash requirements</a>.</p>"
src/data/articles.ts,2270,"<p><strong>How much down payment do I need to buy a house in 2026?</strong><br/>The absolute minimum is 3% for most conventional loans and 3.5% for FHA loans. The right amount for your specific situation depends on your current savings, your monthly comfort level, and how long you plan to stay in the home. Many buyers find that landing somewhere between 5% and 10% is the ideal balance for keeping PMI costs manageable without wiping out their entire life savings.</p>"
src/data/articles.ts,2272,"<p><strong>Is it worth putting 20% down to avoid PMI?</strong><br/>It really depends on how long it would take you to save that extra amount. If you can get there in 12–18 months, it might be worth it. But if it means waiting five years or more while rents rise and home prices climb, you're likely better off buying sooner with a smaller deposit. Run the numbers for your specific situation using our <a href=""/mortgage-calculator"">mortgage calculator</a>.</p>"
src/data/articles.ts,2276,"<p><strong>What is PMI and when does it go away?</strong><br/>PMI stands for Private Mortgage Insurance, and it's a policy that protects the lender (not you) in case you default on the loan. It's required on most loans with less than 20% down. On conventional loans, it automatically cancels when your loan balance reaches 78% of the original price, though you can request it at 80%. See our guide on <a href=""/blog/extra-payments-impact"">extra payments</a> for tips on how to get there faster.</p>"
src/data/articles.ts,2278,"<p><strong>How long does it take to save a down payment?</strong><br/>If you’re saving $1,000 a month, you can reach a 3% down payment on a $380,000 home in about 11 months, while a 10% payment would take roughly three years. Whether you should wait longer for a bigger deposit really depends on your local market and how quickly prices are moving in your area.</p>"
src/data/articles.ts,2292,"title: ""€300,000 Mortgage: Monthly Payments, Rates, and Full Cost Breakdown for 2026"","
src/data/articles.ts,2295,"excerpt: ""What is the monthly payment on a €300,000 mortgage in 2026? See exact payments for European mortgage rates, full cost breakdown in euros, income requirements, and how rates differ across Belgium, France, Germany, and the Netherlands."","
src/data/articles.ts,2305,"""name"": ""What is the monthly payment on a €300,000 mortgage?"","
src/data/articles.ts,2308,"""text"": ""At a 4.0% interest rate over 25 years, the monthly principal and interest payment on a €300,000 mortgage is €1,582. This does not include mandatory insurances or municipal taxes, which can add €200–€300 to your total monthly cost in European markets."""
src/data/articles.ts,2313,"""name"": ""What income do I need for a €300,000 mortgage in Belgium?"","
src/data/articles.ts,2316,"""text"": ""Most European lenders use a 33%–35% DTI ratio. For a €300,000 mortgage with a €1,582 monthly payment, you would typically need a net monthly household income of approximately €4,794, or roughly €57,530 annually."""
src/data/articles.ts,2324,"""text"": ""In 2026, European mortgage rates generally trend lower than US rates, with typical fixed rates between 3.2% and 4.8% depending on the country. However, European loans often have shorter fixed terms (15–25 years) compared to the US 30-year standard."""
src/data/articles.ts,2340,"""text"": ""Upfront costs include the down payment (typically 10%–20%) plus transaction costs like registration taxes and notary fees. In Belgium, these costs can range from 10%–15% of the purchase price, while they are lower in the Netherlands and Ireland (2%–4%)."""
src/data/articles.ts,2346,"<p>A €300,000 mortgage is one of the most common loan amounts across Western Europe in 2026 — covering first-time buyers in mid-sized cities, families upsizing in suburban markets, and buyers in Belgium, France, the Netherlands, and Germany where property prices have remained elevated. This guide provides the exact monthly payment at current European mortgage rates, a full cost breakdown in euros, income requirements, and a country-by-country rate comparison. To calculate your specific scenario, use our <a href=""/mortgage-calculator"">mortgage calculator — supports EUR currency</a>.</p>"
src/data/articles.ts,2348,"<h2>Monthly Payment on a €300,000 Mortgage by Interest Rate</h2>"
src/data/articles.ts,2362,"<tr class=""border-b border-outline-variant/30""><td class=""py-3 px-4"">3.0%</td><td class=""py-3 px-4"">€1,423</td><td class=""py-3 px-4"">€126,900</td><td class=""py-3 px-4"">€426,900</td></tr>"
src/data/articles.ts,2363,"<tr class=""border-b border-outline-variant/30""><td class=""py-3 px-4"">3.5%</td><td class=""py-3 px-4"">€1,501</td><td class=""py-3 px-4"">€150,300</td><td class=""py-3 px-4"">€450,300</td></tr>"
src/data/articles.ts,2364,"<tr class=""border-b border-outline-variant/30 font-bold bg-primary/5""><td class=""py-3 px-4"">4.0%</td><td class=""py-3 px-4"">€1,582</td><td class=""py-3 px-4"">€174,600</td><td class=""py-3 px-4"">€474,600</td></tr>"
src/data/articles.ts,2365,"<tr class=""border-b border-outline-variant/30""><td class=""py-3 px-4"">4.5%</td><td class=""py-3 px-4"">€1,667</td><td class=""py-3 px-4"">€200,100</td><td class=""py-3 px-4"">€500,100</td></tr>"
src/data/articles.ts,2366,"<tr class=""border-b border-outline-variant/30""><td class=""py-3 px-4"">5.0%</td><td class=""py-3 px-4"">€1,754</td><td class=""py-3 px-4"">€226,200</td><td class=""py-3 px-4"">€526,200</td></tr>"
src/data/articles.ts,2367,"<tr class=""border-b border-outline-variant/30""><td class=""py-3 px-4"">5.5%</td><td class=""py-3 px-4"">€1,844</td><td class=""py-3 px-4"">€253,200</td><td class=""py-3 px-4"">€553,200</td></tr>"
src/data/articles.ts,2368,"<tr class=""border-b border-outline-variant/30""><td class=""py-3 px-4"">6.0%</td><td class=""py-3 px-4"">€1,933</td><td class=""py-3 px-4"">€279,900</td><td class=""py-3 px-4"">€579,900</td></tr>"
src/data/articles.ts,2373,"<p>The loan term also has a dramatic effect on your budget. Here is the same €300,000 loan at a 4.0% fixed rate:</p>"
src/data/articles.ts,2375,"<li><strong>20 years:</strong> €1,818/month | €136,320 total interest</li>"
src/data/articles.ts,2376,"<li><strong>25 years:</strong> €1,582/month | €174,600 total interest</li>"
src/data/articles.ts,2377,"<li><strong>30 years:</strong> €1,432/month | €215,760 total interest</li>"
src/data/articles.ts,2379,"<p>Choosing a 20-year term adds €236 to your monthly bill but saves over €38,000 in interest. You can visualize this specific timeline using our interactive <a href=""/amortization-schedule"">amortization schedule</a>.</p>"
src/data/articles.ts,2395,"<tr class=""border-b border-outline-variant/30""><td class=""py-3 px-4 font-bold"">Belgium</td><td class=""py-3 px-4"">3.2–4.1%</td><td class=""py-3 px-4"">20–25 yrs</td><td>Fixed rates are the standard</td></tr>"
src/data/articles.ts,2396,"<tr class=""border-b border-outline-variant/30""><td class=""py-3 px-4 font-bold"">France</td><td class=""py-3 px-4"">3.4–4.3%</td><td class=""py-3 px-4"">20–25 yrs</td><td>Strict 33% DTI rules apply</td></tr>"
src/data/articles.ts,2397,"<tr class=""border-b border-outline-variant/30""><td class=""py-3 px-4 font-bold"">Germany</td><td class=""py-3 px-4"">3.6–4.5%</td><td class=""py-3 px-4"">15–20 yrs</td><td>Rates fixed for 10–15 years</td></tr>"
src/data/articles.ts,2398,"<tr class=""border-b border-outline-variant/30""><td class=""py-3 px-4 font-bold"">Netherlands</td><td class=""py-3 px-4"">3.8–4.6%</td><td class=""py-3 px-4"">30 yrs</td><td>NHG guarantee reduces rates</td></tr>"
src/data/articles.ts,2399,"<tr class=""border-b border-outline-variant/30""><td class=""py-3 px-4 font-bold"">Ireland</td><td class=""py-3 px-4"">4.0–5.0%</td><td class=""py-3 px-4"">25–30 yrs</td><td>Variable/tracker rates common</td></tr>"
src/data/articles.ts,2400,"<tr class=""border-b border-outline-variant/30""><td class=""py-3 px-4 font-bold"">Spain</td><td class=""py-3 px-4"">3.5–4.5%</td><td class=""py-3 px-4"">25–30 yrs</td><td>Mixed fixed/variable market</td></tr>"
src/data/articles.ts,2405,"<h2>Full Monthly Cost Breakdown for a €300,000 Mortgage in Belgium</h2>"
src/data/articles.ts,2406,"<p>Belgium is a prime example of a market where insurance costs surprise many English-speaking buyers. Here is a realistic monthly budget for a €375,000 property purchase with a 20% down payment (€75,000), resulting in a €300,000 loan at 3.8% over 25 years:</p>"
src/data/articles.ts,2408,"<li><strong>Principal and Interest:</strong> €1,558</li>"
src/data/articles.ts,2409,<li><strong>Property Insurance (Fire/Contents):</strong> ~€80</li>
src/data/articles.ts,2410,<li><strong>Debt Insurance (Schuldsaldoverzekering):</strong> ~€60</li>
src/data/articles.ts,2411,<li><strong>Municipal Taxes (Estimate):</strong> ~€150</li>
src/data/articles.ts,2412,"<li><strong>Total Monthly Outlay:</strong> ~€1,848</li>"
src/data/articles.ts,2416,"<h2>What Income Do You Need for a €300,000 Mortgage in Europe?</h2>"
src/data/articles.ts,2417,"<p>European lenders typically apply a debt-to-income ratio of 33–35%, significantly lower than the US 43% standard. This means your total loan payments should not exceed roughly one-third of your net household income. Here are the 2026 requirements for a <strong>300k euro mortgage</strong>:</p>"
src/data/articles.ts,2425,"<th class=""py-4 px-4 font-bold"">Required Net Income (33%)</th>"
src/data/articles.ts,2430,"<tr class=""border-b border-outline-variant/30""><td class=""py-3 px-4"">3.0%</td><td class=""py-3 px-4"">€1,423</td><td class=""py-3 px-4"">€4,312</td><td class=""py-3 px-4"">€51,750</td></tr>"
src/data/articles.ts,2431,"<tr class=""border-b border-outline-variant/30 font-bold text-primary""><td class=""py-3 px-4"">4.0%</td><td class=""py-3 px-4"">€1,582</td><td class=""py-3 px-4"">€4,794</td><td class=""py-3 px-4"">€57,530</td></tr>"
src/data/articles.ts,2432,"<tr class=""border-b border-outline-variant/30""><td class=""py-3 px-4"">5.0%</td><td class=""py-3 px-4"">€1,754</td><td class=""py-3 px-4"">€5,315</td><td class=""py-3 px-4"">€63,780</td></tr>"
src/data/articles.ts,2433,"<tr class=""border-b border-outline-variant/30""><td class=""py-3 px-4"">6.0%</td><td class=""py-3 px-4"">€1,933</td><td class=""py-3 px-4"">€5,857</td><td class=""py-3 px-4"">€70,280</td></tr>"
src/data/articles.ts,2444,"<p>Transaction costs in Europe are notoriously high. Beyond the <a href=""/blog/down-payment-guide"">down payment guide</a> basics, you must budget for significant fees. Here is the upfront cash needed for a €375,000 property (resulting in our €300,000 loan):</p>"
src/data/articles.ts,2446,<li><strong>Belgium:</strong> 10–15% costs (~€37k–€56k) | Total cash needed: ~€130k+</li>
src/data/articles.ts,2447,<li><strong>France:</strong> 7–8% costs (~€26k–€30k) | Total cash needed: ~€105k+</li>
src/data/articles.ts,2448,<li><strong>Germany:</strong> 9–12% costs (~€33k–€45k) | Total cash needed: ~€115k+</li>
src/data/articles.ts,2449,<li><strong>Netherlands/Ireland:</strong> 2–4% costs (~€7k–€15k) | Total cash needed: ~€85k+</li>
src/data/articles.ts,2454,"<h3>What is the monthly payment on a €300,000 mortgage?</h3>"
src/data/articles.ts,2455,"<p>At a 4.0% interest rate over 25 years, the monthly principal and interest payment on a €300,000 mortgage is €1,582. This does not include mandatory insurances or municipal taxes, which can add €200–€300 to your total monthly cost in European markets.</p>"
src/data/articles.ts,2457,"<h3>What income do I need for a €300,000 mortgage in Belgium?</h3>"
src/data/articles.ts,2458,"<p>Most European lenders use a 33%–35% DTI ratio. For a €300,000 mortgage with a €1,582 monthly payment, you would typically need a net monthly household income of approximately €4,794, or roughly €57,530 annually.</p>"
src/data/articles.ts,2461,"<p>In 2026, European mortgage rates generally trend lower than US rates, with typical fixed rates between 3.2% and 4.8% depending on the country. However, European loans often have shorter fixed terms (15–25 years) compared to the US 30-year standard.</p>"
src/data/articles.ts,2467,"<p>Upfront costs include the down payment (typically 10%–20%) plus transaction costs like registration taxes and notary fees. In Belgium, these costs can range from 10%–15% of the purchase price, while they are lower in the Netherlands and Ireland (2%–4%).</p>"
src/data/articles.ts,2470,"<h3 class=""text-4xl font-bold mb-4"">Calculate Your €300,000 Mortgage Payment</h3>"
src/data/articles.ts,2471,"<p class=""mb-8 opacity-90 max-w-3xl mx-auto text-xl"">Switch our calculator to EUR using the currency toggle, enter €300,000 as your loan amount, and see your full monthly breakdown instantly. TryFinCalc is one of the only English-language mortgage calculators that fully supports EUR and European loan structures.</p>"
src/data/articles.ts,2483,"excerpt: ""How much can you borrow based on your income in 2026? Detailed loan eligibility tables for salaries from $30k to $250k — covering mortgages, personal loans, and auto loans with DTI calculations included."","
src/data/articles.ts,2493,"""name"": ""How much can I borrow on a $75,000 salary?"","
src/data/articles.ts,2496,"""text"": ""On a $75,000 salary with no existing debt, you can typically borrow up to $401,700 for a mortgage at a 6.8% interest rate, assuming a 43% back-end DTI. Actual eligibility depends on your credit score, down payment, and current monthly debt obligations."""
src/data/articles.ts,2504,"""text"": ""Most conventional lenders prefer a front-end DTI (housing costs) below 28% and a back-end DTI (total debt) below 43%. However, FHA loans may allow a front-end DTI up to 31% and a back-end DTI up to 50% for qualified borrowers."""
src/data/articles.ts,2512,"""text"": ""Existing monthly debt reduces your <strong>loan eligibility by income</strong> dollar-for-dollar from your maximum allowed total debt payment. For a $100,000 earner, every $300 in monthly debt (like a car loan or student loan) reduces mortgage borrowing power by approximately $44,800."""
src/data/articles.ts,2520,"""text"": ""Yes, programs like FHA loans are designed for borrowers with higher DTI ratios, often allowing up to 50% back-end DTI. Some conventional lenders may also go higher if you have 'compensating factors' like a high credit score or significant cash reserves."""
src/data/articles.ts,2539,"<li><strong>Front-end DTI (housing ratio):</strong> Your total monthly housing costs (principal, interest, taxes, insurance) divided by your gross monthly income. Most conventional lenders want this below 28%, though <a href=""https://www.hud.gov"" target=""_blank"" rel=""noopener noreferrer"">HUD</a> guidelines for FHA loans allow up to 31%.</li>"
src/data/articles.ts,2540,"<li><strong>Back-end DTI (total debt ratio):</strong> All monthly debt payments (housing plus credit cards, car loans, student loans) divided by gross monthly income. The <a href=""https://www.consumerfinance.gov"" target=""_blank"" rel=""noopener noreferrer"">Consumer Financial Protection Bureau</a> notes that 43% is the standard limit for 'Qualified Mortgages,' though some programs go up to 50%.</li>"
src/data/articles.ts,2543,"<p><strong>Example Calculation:</strong> For someone earning $80,000/year ($6,667 monthly) with $600 in existing monthly debts:</p>"
src/data/articles.ts,2545,"<li>Max back-end DTI (43%): $2,867 total debt allowed.</li>"
src/data/articles.ts,2546,"<li>Remaining for mortgage: $2,867 − $600 = $2,267/month.</li>"
src/data/articles.ts,2547,"<li>Estimated mortgage eligibility: ~$339,000 (at current 6.8% rates).</li>"
src/data/articles.ts,2552,"<p>The table below shows the maximum mortgage borrowing power assuming a 43% back-end DTI, 6.8% interest rate, and a 30-year term. These figures assume you have no other monthly debt obligations.</p>"
src/data/articles.ts,2560,"<th class=""py-4 px-4 font-bold"">Max Payment (43%)</th>"
src/data/articles.ts,2565,"<tr class=""border-b border-outline-variant/30""><td>$30,000</td><td>$2,500</td><td>$1,075</td><td>~$160,700</td></tr>"
src/data/articles.ts,2566,"<tr class=""border-b border-outline-variant/30""><td>$40,000</td><td>$3,333</td><td>$1,433</td><td>~$214,200</td></tr>"
src/data/articles.ts,2567,"<tr class=""border-b border-outline-variant/30""><td>$50,000</td><td>$4,167</td><td>$1,792</td><td>~$267,800</td></tr>"
src/data/articles.ts,2568,"<tr class=""border-b border-outline-variant/30""><td>$60,000</td><td>$5,000</td><td>$2,150</td><td>~$321,300</td></tr>"
src/data/articles.ts,2569,"<tr class=""border-b border-outline-variant/30 bg-primary/5 font-bold""><td>$75,000</td><td>$6,250</td><td>$2,688</td><td>~$401,700</td></tr>"
src/data/articles.ts,2570,"<tr class=""border-b border-outline-variant/30""><td>$90,000</td><td>$7,500</td><td>$3,225</td><td>~$481,900</td></tr>"
src/data/articles.ts,2571,"<tr class=""border-b border-outline-variant/30""><td>$100,000</td><td>$8,333</td><td>$3,583</td><td>~$535,600</td></tr>"
src/data/articles.ts,2572,"<tr class=""border-b border-outline-variant/30""><td>$125,000</td><td>$10,417</td><td>$4,479</td><td>~$669,400</td></tr>"
src/data/articles.ts,2573,"<tr class=""border-b border-outline-variant/30""><td>$150,000</td><td>$12,500</td><td>$5,375</td><td>~$803,300</td></tr>"
src/data/articles.ts,2574,"<tr class=""border-b border-outline-variant/30""><td>$200,000</td><td>$16,667</td><td>$7,167</td><td>~$1,071,000</td></tr>"
src/data/articles.ts,2575,"<tr class=""border-b border-outline-variant/30""><td>$250,000</td><td>$20,833</td><td>$8,958</td><td>~$1,338,700</td></tr>"
src/data/articles.ts,2580,"<p>Note: These are mathematical maximums. Most financial advisors recommend borrowing at 80–90% of your technical maximum to maintain financial flexibility for maintenance and life goals. You can refine these numbers using the <a href=""/affordability-calculator"">affordability calculator</a>.</p>"
src/data/articles.ts,2583,"<p>Your <strong>loan eligibility by income</strong> is heavily impacted by existing recurring debts. Here is how borrowing power changes for a $100,000 earner as monthly debts increase:</p>"
src/data/articles.ts,2596,"<tr class=""border-b border-outline-variant/30""><td>$0</td><td>$3,583</td><td>~$535,600</td><td>—</td></tr>"
src/data/articles.ts,2597,"<tr class=""border-b border-outline-variant/30""><td>$300/month</td><td>$3,283</td><td>~$490,800</td><td class=""text-red-600"">−$44,800</td></tr>"
src/data/articles.ts,2598,"<tr class=""border-b border-outline-variant/30 font-bold""><td>$600/month</td><td>$2,983</td><td>~$446,000</td><td class=""text-red-600"">−$89,600</td></tr>"
src/data/articles.ts,2599,"<tr class=""border-b border-outline-variant/30""><td>$900/month</td><td>$2,683</td><td>~$401,100</td><td class=""text-red-600"">−$134,500</td></tr>"
src/data/articles.ts,2600,"<tr class=""border-b border-outline-variant/30""><td>$1,200/month</td><td>$2,383</td><td>~$356,300</td><td class=""text-red-600"">−$179,300</td></tr>"
src/data/articles.ts,2605,"<p>As the data shows, every $300 in monthly debt reduces mortgage eligibility by approximately $44,800 for a $100,000 earner. Paying off a car loan or credit card balance before applying is often the single highest-return financial move a buyer can make. For more on this, read <a href=""/blog/how-much-house-can-i-afford"">how much house you can afford</a> based on your specific debt profile.</p>"
src/data/articles.ts,2608,<p>Personal loan lenders focus primarily on your back-end DTI and absolute minimum income thresholds. Most lenders cap DTI at 35–40% for these unsecured loans. Here is the estimated <strong>loan eligibility by income</strong> for personal loans:</p>
src/data/articles.ts,2615,"<th class=""py-4 px-4 font-bold"">Max Monthly Payment (36% DTI)</th>"
src/data/articles.ts,2616,"<th class=""py-4 px-4 font-bold"">Max 3-yr Loan (10%)</th>"
src/data/articles.ts,2617,"<th class=""py-4 px-4 font-bold"">Max 5-yr Loan (10%)</th>"
src/data/articles.ts,2621,"<tr class=""border-b border-outline-variant/30""><td>$30,000</td><td>$900</td><td>~$27,700</td><td>~$41,900</td></tr>"
src/data/articles.ts,2622,"<tr class=""border-b border-outline-variant/30""><td>$50,000</td><td>$1,500</td><td>~$46,200</td><td>~$69,800</td></tr>"
src/data/articles.ts,2623,"<tr class=""border-b border-outline-variant/30""><td>$75,000</td><td>$2,250</td><td>~$69,300</td><td>~$104,800</td></tr>"
src/data/articles.ts,2624,"<tr class=""border-b border-outline-variant/30 bg-primary/5 font-bold""><td>$100,000</td><td>$3,000</td><td>~$92,400</td><td>~$139,700</td></tr>"
src/data/articles.ts,2625,"<tr class=""border-b border-outline-variant/30""><td>$150,000</td><td>$4,500</td><td>~$138,600</td><td>~$209,500</td></tr>"
src/data/articles.ts,2630,"<p>Actual personal loan maximums are often capped by the lender (commonly at $50,000 or $100,000) regardless of how high your income is. Since rate depends heavily on credit, use our <a href=""/loan-calculator"">loan calculator</a> to see how different interest rates change these totals.</p>"
src/data/articles.ts,2633,"<p>Auto lenders typically follow the ""15% rule,"" suggesting that your total monthly auto payment should not exceed 15% of your gross monthly income. While more flexible than mortgages, these loans still count toward your overall DTI.</p>"
src/data/articles.ts,2640,"<th class=""py-4 px-4 font-bold"">15% Monthly Ceiling</th>"
src/data/articles.ts,2641,"<th class=""py-4 px-4 font-bold"">Max 5yr Loan (7%)</th>"
src/data/articles.ts,2642,"<th class=""py-4 px-4 font-bold"">Max 7yr Loan (7%)</th>"
src/data/articles.ts,2646,"<tr class=""border-b border-outline-variant/30""><td>$30,000</td><td>$375</td><td>~$18,900</td><td>~$24,900</td></tr>"
src/data/articles.ts,2647,"<tr class=""border-b border-outline-variant/30""><td>$50,000</td><td>$625</td><td>~$31,500</td><td>~$41,500</td></tr>"
src/data/articles.ts,2648,"<tr class=""border-b border-outline-variant/30""><td>$75,000</td><td>$938</td><td>~$47,300</td><td>~$62,300</td></tr>"
src/data/articles.ts,2649,"<tr class=""border-b border-outline-variant/30""><td>$100,000</td><td>$1,250</td><td>~$63,000</td><td>~$82,900</td></tr>"
src/data/articles.ts,2650,"<tr class=""border-b border-outline-variant/30""><td>$150,000</td><td>$1,875</td><td>~$94,500</td><td>~$124,400</td></tr>"
src/data/articles.ts,2667,"<h3>How much can I borrow on a $75,000 salary?</h3>"
src/data/articles.ts,2668,"<p>On a $75,000 salary with no existing debt, you can typically borrow up to $401,700 for a mortgage at a 6.8% interest rate, assuming a 43% back-end DTI. Actual eligibility depends on your credit score, down payment, and current monthly debt obligations.</p>"
src/data/articles.ts,2671,"<p>Most conventional lenders prefer a front-end DTI (housing costs) below 28% and a back-end DTI (total debt) below 43%. However, FHA loans may allow a front-end DTI up to 31% and a back-end DTI up to 50% for qualified borrowers.</p>"
src/data/articles.ts,2674,"<p>Existing monthly debt reduces your <strong>loan eligibility by income</strong> dollar-for-dollar from your maximum allowed total debt payment. For a $100,000 earner, every $300 in monthly debt (like a car loan or student loan) reduces mortgage borrowing power by approximately $44,800.</p>"
src/data/articles.ts,2677,"<p>Yes, programs like FHA loans are designed for borrowers with higher DTI ratios, often allowing up to 50% back-end DTI. Some conventional lenders may also go higher if you have 'compensating factors' like a high credit score or significant cash reserves.</p>"
src/data/articles.ts,2697,"excerpt: ""Fixed or variable rate mortgage — which is better in 2026? We compare costs, risks, break-even points, and the exact scenarios where each type wins — with real payment examples for a $350,000 loan."","
src/data/articles.ts,2732,"<p>Choosing between a fixed-rate and a variable-rate mortgage is one of the most consequential decisions you will make during the home-buying process. The ""right"" answer isn't universal—it depends entirely on your financial stability, how long you plan to own the home, and your outlook on the future direction of interest rates. In 2026, with the real estate market still adjusting to rates above 6%, the <strong>fixed vs variable mortgage 2026</strong> choice carries more financial weight than it did during the era of historically low rates. Whether you are a first-time buyer or a seasoned investor, understanding the nuances of an <strong>adjustable rate mortgage 2026</strong> versus a traditional lock-in will save you thousands in interest. Use our <a href=""/mortgage-calculator"">mortgage calculator</a> to model both paths before you commit to a lender.</p>"
src/data/articles.ts,2740,"<p>A fixed-rate mortgage is the bedrock of the US housing market. As the name suggests, your interest rate is locked in at the time of closing and remains identical for the entire life of the loan. Whether you choose a 15-year or a 30-year term, your monthly principal and interest payment is 100% predictable from the very first check to the final payoff. This stability allows for precise long-term budgeting, making it the most popular choice for families and those on a fixed income.</p>"
src/data/articles.ts,2768,"<td class=""py-4 px-6 italic"">100% Guaranteed for life</td>"
src/data/articles.ts,2808,"<p>As we navigate 2026, the mortgage landscape is defined by ""The Great Flattening."" After years of aggressive hikes, interest rates have plateaued. For many borrowers, the core question is whether to lock in a 6.5% rate today or bet on a variable rate that could drop to 5.0% by 2028.</p>"
src/data/articles.ts,2819,"<li class=""flex items-start gap-2"">✓ <span>Your monthly budget is tight and cannot handle a 20% payment increase.</span></li>"
src/data/articles.ts,2850,"<p>With rates still hovering above 6% in 2026, many buyers prefer the security of a fixed rate. However, if you plan to relocate in 5 years, the <strong>fixed vs variable mortgage 2026</strong> math favors the ARM due to significant initial savings.</p>"
src/data/articles.ts,2871,"excerpt: ""What happens when you make extra mortgage payments? See the exact impact on your loan term, total interest, and monthly payment — with real numbers for every extra payment amount from $50 to $1,000 per month."","
src/data/articles.ts,2881,"""name"": ""What happens if I pay an extra $200 a month on my mortgage?"","
src/data/articles.ts,2884,"""text"": ""Paying an extra $200 per month on a $300,000 mortgage at 6.8% reduces your loan term by over 6 years and saves more than $63,000 in total interest over the life of the loan. This single action is one of the most effective ways to build home equity faster."""
src/data/articles.ts,2900,"""text"": ""It depends on your mortgage rate. If your rate is high (above 6.5%), extra payments provide a guaranteed, risk-free return that is highly competitive. If your rate is very low (below 4%), you may achieve higher long-term wealth by investing in the stock market instead. Many homeowners choose a hybrid approach."""
src/data/articles.ts,2916,"""text"": ""The best time to make a lump sum payment is as early as possible in the loan term. Because mortgage interest is compounded based on the remaining balance, a $10,000 payment in Year 1 of a 30-year mortgage saves nearly twice as much interest as the same $10,000 payment in Year 10."""
src/data/articles.ts,2928,"<h2>The Impact of Extra Monthly Payments on a $300,000 Loan</h2>"
src/data/articles.ts,2929,"<p>Let's look at a comprehensive example. For a $300,000 mortgage at 6.8% over 30 years, the baseline monthly P&I payment is $1,961. Here is how different extra monthly amounts change the outcome:</p>"
src/data/articles.ts,2942,"<tr class=""border-b border-outline-variant/30""><td class=""py-3 px-4"">$0 (baseline)</td><td class=""py-3 px-4"">30 years</td><td class=""py-3 px-4"">—</td><td class=""py-3 px-4"">—</td></tr>"
src/data/articles.ts,2943,"<tr class=""border-b border-outline-variant/30""><td class=""py-3 px-4"">$50/month</td><td class=""py-3 px-4"">28 yrs 2 mo</td><td class=""py-3 px-4"">$19,280</td><td class=""py-3 px-4"">1 yr 10 mo</td></tr>"
src/data/articles.ts,2944,"<tr class=""border-b border-outline-variant/30""><td class=""py-3 px-4 text-green-600 font-bold"">$100/month</td><td class=""py-3 px-4"">26 yrs 6 mo</td><td class=""py-3 px-4 font-bold"">$36,320</td><td class=""py-3 px-4"">3 yrs 6 mo</td></tr>"
src/data/articles.ts,2945,"<tr class=""border-b border-outline-variant/30""><td class=""py-3 px-4"">$200/month</td><td class=""py-3 px-4"">23 yrs 8 mo</td><td class=""py-3 px-4"">$63,440</td><td class=""py-3 px-4"">6 yrs 4 mo</td></tr>"
src/data/articles.ts,2946,"<tr class=""border-b border-outline-variant/30""><td class=""py-3 px-4"">$300/month</td><td class=""py-3 px-4"">21 yrs 5 mo</td><td class=""py-3 px-4"">$84,960</td><td class=""py-3 px-4"">8 yrs 7 mo</td></tr>"
src/data/articles.ts,2947,"<tr class=""border-b border-outline-variant/30""><td class=""py-3 px-4"">$500/month</td><td class=""py-3 px-4"">18 yrs 1 mo</td><td class=""py-3 px-4 font-bold"">$117,280</td><td class=""py-3 px-4"">11 yrs 11 mo</td></tr>"
src/data/articles.ts,2948,"<tr class=""border-b border-outline-variant/30 bg-primary/5 font-bold""><td class=""py-3 px-4"">$1,000/month</td><td class=""py-3 px-4"">13 yrs 8 mo</td><td class=""py-3 px-4"">$159,600</td><td class=""py-3 px-4"">16 yrs 4 mo</td></tr>"
src/data/articles.ts,2953,"<p>As the math shows, even $100/month extra — which is less than $3.50 per day — saves over $36,000 in interest and pays off the loan 3.5 years early. You can use our <a href=""/mortgage-calculator"">mortgage calculator</a> or specialized <a href=""/amortization-schedule"">amortization schedule</a> tool to model your own specific loan amount and current rate.</p>"
src/data/articles.ts,2956,"<p>One-time lump sum payments from tax refunds, bonuses, or inheritances can be just as powerful as monthly extra payments, especially when applied early in the loan lifecycle. Because interest is calculated on the remaining balance each month, knocking out a large chunk of principal early stops interest from accruing on that amount for the next several decades. Here is the <strong>extra mortgage payments impact</strong> of a lump sum on a $300,000 loan at 6.8%:</p>"
src/data/articles.ts,2969,"<tr class=""border-b border-outline-variant/30""><td class=""py-3 px-4"">$5,000</td><td class=""py-3 px-4"">Year 1</td><td class=""py-3 px-4"">$18,240</td><td class=""py-3 px-4"">1 yr 2 mo</td></tr>"
src/data/articles.ts,2970,"<tr class=""border-b border-outline-variant/30""><td class=""py-3 px-4"">$5,000</td><td class=""py-3 px-4"">Year 10</td><td class=""py-3 px-4"">$9,120</td><td class=""py-3 px-4"">7 months</td></tr>"
src/data/articles.ts,2971,"<tr class=""border-b border-outline-variant/30 font-bold text-primary""><td class=""py-3 px-4"">$10,000</td><td class=""py-3 px-4"">Year 1</td><td class=""py-3 px-4"">$35,760</td><td class=""py-3 px-4"">2 yrs 3 mo</td></tr>"
src/data/articles.ts,2972,"<tr class=""border-b border-outline-variant/30""><td class=""py-3 px-4"">$10,000</td><td class=""py-3 px-4"">Year 10</td><td class=""py-3 px-4"">$17,880</td><td class=""py-3 px-4"">1 yr 2 mo</td></tr>"
src/data/articles.ts,2973,"<tr class=""border-b border-outline-variant/30 bg-primary/5""><td class=""py-3 px-4"">$20,000</td><td class=""py-3 px-4"">Year 1</td><td class=""py-3 px-4"">$67,440</td><td class=""py-3 px-4"">4 yrs 1 mo</td></tr>"
src/data/articles.ts,2978,"<p>The earlier a lump sum is applied, the more powerful its impact. A $10,000 payment in Year 1 saves nearly twice as much interest as the same $10,000 payment in Year 10. This is why financial windfalls early in the mortgage are extraordinarily valuable. To see exactly how much you can save, use our <a href=""/total-interest-calculator"">total interest calculator</a>.</p>"
src/data/articles.ts,2981,"<p>Switching from monthly to bi-weekly payments is the simplest extra payment strategy available. Instead of making 12 monthly payments, you make 26 half-payments per year — which equals 13 full monthly payments annually. That one extra full payment per year, spread out over time, has a significant compounding effect. On a $300,000 loan at 6.8%:</p>"
src/data/articles.ts,2983,"<li><strong>Standard monthly:</strong> 360 payments | $405,960 total interest</li>"
src/data/articles.ts,2984,"<li><strong>Bi-weekly:</strong> approximately 308 payments | ~$347,960 total interest</li>"
src/data/articles.ts,2985,"<li><strong>Result:</strong> $58,000 saved and the loan is paid off 4.3 years early.</li>"
src/data/articles.ts,2990,"<p>Presenting both sides honestly is vital for a trustworthy guide. The case for extra payments is anchored in a guaranteed, risk-free return equal to your mortgage rate (6.8% in our example). This reduces financial stress and accelerates your path to debt-free ownership. The case for investing instead is based on historical market data; according to <a href=""https://fred.stlouisfed.org"" target=""_blank"" rel=""noopener noreferrer"">Federal Reserve Economic Data</a>, the S&P 500 has historically returned approximately 10% annually before inflation — significantly higher than most mortgage rates. However, investing involves risk, whereas extra mortgage payments are a guaranteed win. If your mortgage rate is above 6.5%, the mortgage paydown is increasingly competitive with market returns on a risk-adjusted basis. For most homeowners in 2026, a <strong>hybrid approach</strong> — maximizing tax-advantaged accounts (like 401ks and IRAs) first, then directing surplus toward the mortgage — provides the best balance of growth and security. Check <a href=""/blog/interest-rate-impact"">how your rate affects total interest</a> to see where your specific tipping point is.</p>"
src/data/articles.ts,2993,"<p>Before you commit, there is ""one important check."" Some older mortgages and certain non-QM loans include prepayment penalties — fees charged for paying off the loan ahead of schedule. While these are uncommon in modern conventional loans, they do exist. You should also check whether you have higher-interest debt — such as credit cards, personal loans, or auto loans at rates above 8–10% — as <a href=""/blog/compare-loan-offers"">paying off higher-interest debt first</a> is almost always the mathematically superior move. Finally, ensure <a href=""/blog/when-to-refinance"">when refinancing makes more sense than extra payments</a> isn't the better path for your situation. Use our <a href=""/refinancing-calculator"">refinancing calculator</a> to double-check.</p>"
src/data/articles.ts,2996,<h3>What happens if I pay an extra $200 a month on my mortgage?</h3>
src/data/articles.ts,2997,"<p>Paying an extra $200 per month on a $300,000 mortgage at 6.8% reduces your loan term by over 6 years and saves more than $63,000 in total interest over the life of the loan. This single action is one of the most effective ways to build home equity faster.</p>"
src/data/articles.ts,3003,"<p>It depends on your mortgage rate. If your rate is high (above 6.5%), extra payments provide a guaranteed, risk-free return that is highly competitive. If your rate is very low (below 4%), you may achieve higher long-term wealth by investing in the stock market instead. Many homeowners choose a hybrid approach.</p>"
src/data/articles.ts,3009,"<p>The best time to make a lump sum payment is as early as possible in the loan term. Because mortgage interest is compounded based on the remaining balance, a $10,000 payment in Year 1 of a 30-year mortgage saves nearly twice as much interest as the same $10,000 payment in Year 10.</p>"
src/data/articles.ts,3046,"""text"": ""The break-even point is the number of months it takes for your cumulative monthly savings to equal the upfront closing costs paid for the refinance. For example, if your closing costs are $5,000 and you save $200 per month, your break-even point is 25 months. You should generally only refinance if you plan to stay in the home longer than this period."""
src/data/articles.ts,3085,"<li><strong>(5) Closing costs:</strong> These typically run $3,000–$8,000 for a refinance. Ask your lender for a Loan Estimate (a requirement enforced by the <a href=""https://www.consumerfinance.gov"" target=""_blank"" rel=""noopener noreferrer"">Consumer Financial Protection Bureau</a>) before running your calculation. If you do not have a quote yet, use $5,500 as a conservative estimate for a $250,000–$350,000 loan.</li>"
src/data/articles.ts,3093,"<li>Remaining balance: $265,000</li>"
src/data/articles.ts,3094,<li>Current rate: 7.4%</li>
src/data/articles.ts,3095,<li>Remaining term: 24 years</li>
src/data/articles.ts,3096,"<li>Current monthly P&I: ~$2,012</li>"
src/data/articles.ts,3100,<li>New rate: 6.3%</li>
src/data/articles.ts,3101,<li>New term: 24 years (keeping the same remaining term)</li>
src/data/articles.ts,3102,"<li>Estimated closing costs: $5,800</li>"
src/data/articles.ts,3106,"<p><strong>Step 1 — Calculate new monthly payment:</strong> Using a <a href=""/mortgage-calculator"">mortgage calculator</a> formula, $265,000 at 6.3% over 24 years results in a payment of approximately $1,798/month P&I.</p>"
src/data/articles.ts,3107,"<p><strong>Step 2 — Calculate monthly savings:</strong> $2,012 (old) − $1,798 (new) = $214/month saved.</p>"
src/data/articles.ts,3108,"<p><strong>Step 3 — Calculate break-even point:</strong> $5,800 (closing costs) ÷ $214 (savings) = 27 months (2.25 years).</p>"
src/data/articles.ts,3109,"<p><strong>Step 4 — Make the decision:</strong> If this homeowner plans to stay in the home for more than 27 months, refinancing saves money. If they plan to sell or move within 2 years, refinancing actually costs more than it saves. In this case, the total interest saved over the remaining 24 years would be approximately $48,000, net of closing costs. You can run your own scenario right now using our <a href=""/refinancing-calculator"">refinancing calculator</a>.</p>"
src/data/articles.ts,3142,"<p>A cash-out refinance replaces your existing mortgage with a larger one and gives you the difference in cash. The calculator inputs change slightly: the new loan amount is your remaining balance plus the cash you want to take out. For instance, if you have a $240,000 balance and want $30,000 cash out, your new loan amount is $270,000. You must calculate the new payment on $270,000 and compare it to the current payment on $240,000. The difference is the true monthly cost of accessing that $30,000. Be cautious: cash-out refinancing converts unsecured equity into secured debt. Only use this strategy when the cash-out rate is significantly lower than alternatives, which is often <a href=""/blog/when-to-refinance"">when refinancing makes sense</a> for debt consolidation.</p>"
src/data/articles.ts,3145,"<p>Some lenders offer refinancing with zero upfront closing costs by rolling the costs into a slightly higher rate. For example, you might compare a standard refinance at 6.3% with $5,800 closing costs vs. a no-closing-cost refinance at 6.55% with $0 upfront. Run both through the calculator. The no-closing-cost option has a higher monthly payment but requires no upfront cash. This is often an excellent choice if you plan to refinance again or sell within 3–4 years. However, if you plan to keep the loan long-term, <a href=""/blog/compare-loan-offers"">comparing lender quotes</a> will usually show that paying closing costs upfront leads to a lower total cost. Seeing <a href=""/blog/interest-rate-impact"">how your rate affects total cost</a> over 30 years illustrates the long-term impact of even a 0.25% difference.</p>"
src/data/articles.ts,3152,"<p>The break-even point is the number of months it takes for your cumulative monthly savings to equal the upfront closing costs paid for the refinance. For example, if your closing costs are $5,000 and you save $200 per month, your break-even point is 25 months. You should generally only refinance if you plan to stay in the home longer than this period.</p>"
src/data/articles.ts,3187,"""name"": ""How much money do I need to buy a $350,000 house?"","
src/data/articles.ts,3190,"""text"": ""For a complete home purchase budget on a $350,000 home with a 10% down payment, you generally need between $55,000 and $85,000 in accessible savings. This covers the down payment, closing costs, required cash reserves, and immediate moving expenses."""
src/data/articles.ts,3198,"""text"": ""The main upfront costs include your down payment (typically 3% to 20%), closing costs (2% to 5% of the purchase price), upfront home inspection and appraisal fees, plus moving expenses and any immediate home repairs needed before you settle in."""
src/data/articles.ts,3206,"""text"": ""Your ideal home purchase budget should cover your targeted down payment, another 2% to 5% for closing costs, plus 2 to 6 months of mortgage payments in reserves to ensure you can safely afford homeownership without financial panic."""
src/data/articles.ts,3241,"<p>Your down payment is the most significant upfront cost. Here is the range of down payment options and their total cash requirements on homes priced from $250,000 to $500,000:</p>"
src/data/articles.ts,3248,"<th class=""py-3 px-4 font-bold"">3% Down</th>"
src/data/articles.ts,3249,"<th class=""py-3 px-4 font-bold"">10% Down</th>"
src/data/articles.ts,3250,"<th class=""py-3 px-4 font-bold"">20% Down</th>"
src/data/articles.ts,3254,"<tr class=""border-b border-outline-variant/30""><td class=""py-3 px-4"">$250,000</td><td class=""py-3 px-4"">$7,500</td><td class=""py-3 px-4"">$25,000</td><td class=""py-3 px-4"">$50,000</td></tr>"
src/data/articles.ts,3255,"<tr class=""border-b border-outline-variant/30""><td class=""py-3 px-4"">$350,000</td><td class=""py-3 px-4"">$10,500</td><td class=""py-3 px-4"">$35,000</td><td class=""py-3 px-4"">$70,000</td></tr>"
src/data/articles.ts,3256,"<tr class=""border-b border-outline-variant/30""><td class=""py-3 px-4"">$400,000</td><td class=""py-3 px-4"">$12,000</td><td class=""py-3 px-4"">$40,000</td><td class=""py-3 px-4"">$80,000</td></tr>"
src/data/articles.ts,3257,"<tr class=""border-b border-outline-variant/30""><td class=""py-3 px-4"">$500,000</td><td class=""py-3 px-4"">$15,000</td><td class=""py-3 px-4"">$50,000</td><td class=""py-3 px-4"">$100,000</td></tr>"
src/data/articles.ts,3262,"<p>Note that putting less than 20% down triggers Private Mortgage Insurance (PMI) — adding $100–$400/month to your ongoing costs. Check our full <a href=""/blog/down-payment-guide"">down payment guide</a> for an analysis of which down payment percentage makes sense for different financial situations. You can also check <a href=""/calculator/income-required-for-300k-house"">the income required for a $300k house</a> or <a href=""/calculator/income-required-for-400k-house"">for a $400k house</a> to understand your qualification threshold.</p>"
src/data/articles.ts,3265,"<p>Closing costs are paid on top of the down payment and typically run 2–5% of the purchase price. For a $350,000 home, that means $7,000–$17,500 in additional cash due at closing. The major components include lender fees, title insurance, appraisal, attorney fees, prepaid taxes, and upfront insurance premiums. Stress that these are non-negotiable minimums — you cannot close without paying them. In some cases, sellers can be negotiated to cover a portion as a concession. See our comprehensive <a href=""/blog/closing-costs-breakdown"">closing costs breakdown</a> for the full itemised list.</p>"
src/data/articles.ts,3268,"<p>Most lenders require borrowers to have 2–6 months of mortgage payments remaining in savings after closing. According to the <a href=""https://www.consumerfinance.gov"" target=""_blank"" rel=""noopener noreferrer"">Consumer Financial Protection Bureau</a>, this is not money you spend — it is money you must demonstrate you have. On a $2,500/month mortgage, a lender requiring 3 months of reserves wants to see $7,500 untouched in your account at closing.</p>"
src/data/articles.ts,3269,"<p>Beyond lender requirements, financial advisors recommend keeping a separate home emergency fund of 1–3% of the home value for unexpected repairs. On a $350,000 home, that is $3,500–$10,500 in accessible savings. Here is a combined reserves table:</p>"
src/data/articles.ts,3276,"<th class=""py-3 px-4 font-bold"">3 Month Reserves ($2,500/mo)</th>"
src/data/articles.ts,3277,"<th class=""py-3 px-4 font-bold"">1% Emergency Fund</th>"
src/data/articles.ts,3282,"<tr class=""border-b border-outline-variant/30""><td class=""py-3 px-4"">$250,000</td><td class=""py-3 px-4"">$7,500</td><td class=""py-3 px-4"">$2,500</td><td class=""py-3 px-4"">$10,000</td></tr>"
src/data/articles.ts,3283,"<tr class=""border-b border-outline-variant/30""><td class=""py-3 px-4"">$350,000</td><td class=""py-3 px-4"">$7,500</td><td class=""py-3 px-4"">$3,500</td><td class=""py-3 px-4"">$11,000</td></tr>"
src/data/articles.ts,3284,"<tr class=""border-b border-outline-variant/30""><td class=""py-3 px-4"">$500,000</td><td class=""py-3 px-4"">$7,500</td><td class=""py-3 px-4"">$5,000</td><td class=""py-3 px-4"">$12,500</td></tr>"
src/data/articles.ts,3292,"<li><strong>Moving costs:</strong> $1,000–$5,000 for a local move, $5,000–$15,000 for long distance.</li>"
src/data/articles.ts,3293,"<li><strong>Immediate repairs and upgrades:</strong> even move-in ready homes often need paint, new locks, cleaning, and minor repairs — budget $1,500–$5,000.</li>"
src/data/articles.ts,3294,"<li><strong>New appliances:</strong> if the home does not include a washer, dryer, or refrigerator, budget $1,500–$4,000.</li>"
src/data/articles.ts,3295,"<li><strong>Window treatments and basic furniture:</strong> $1,000–$5,000 depending on the home size.</li>"
src/data/articles.ts,3296,"<li><strong>Utility deposits and connection fees:</strong> $200–$500 across electricity, gas, water, and internet.</li>"
src/data/articles.ts,3298,"<p>Total realistic immediate costs run from $5,000–$20,000 depending on the home condition and distance of the move.</p>"
src/data/articles.ts,3301,"<p>To truly understand <a href=""/blog/how-much-house-can-i-afford"">how much house you can afford</a>, you must build a complete monthly budget for homeownership beyond the mortgage payment. Here is a realistic example for a $350,000 home with 10% down at 6.8%:</p>"
src/data/articles.ts,3312,"<tr class=""border-b border-outline-variant/30""><td class=""py-3 px-4"">Principal and interest</td><td class=""py-3 px-4"">$2,059</td></tr>"
src/data/articles.ts,3313,"<tr class=""border-b border-outline-variant/30""><td class=""py-3 px-4"">Property tax (escrow)</td><td class=""py-3 px-4"">$321</td></tr>"
src/data/articles.ts,3314,"<tr class=""border-b border-outline-variant/30""><td class=""py-3 px-4"">Homeowners insurance</td><td class=""py-3 px-4"">$120</td></tr>"
src/data/articles.ts,3315,"<tr class=""border-b border-outline-variant/30""><td class=""py-3 px-4"">PMI (under 20% down)</td><td class=""py-3 px-4"">$131</td></tr>"
src/data/articles.ts,3316,"<tr class=""border-b border-outline-variant/30""><td class=""py-3 px-4"">HOA fees (if applicable)</td><td class=""py-3 px-4"">$0–$500</td></tr>"
src/data/articles.ts,3317,"<tr class=""border-b border-outline-variant/30""><td class=""py-3 px-4"">Maintenance (1%/yr rule)</td><td class=""py-3 px-4"">$292</td></tr>"
src/data/articles.ts,3318,"<tr class=""border-b border-outline-variant/30""><td class=""py-3 px-4"">Utilities (estimate)</td><td class=""py-3 px-4"">$250–$400</td></tr>"
src/data/articles.ts,3319,"<tr class=""border-b border-outline-variant/30 bg-primary/5""><td class=""py-3 px-4 font-bold"">Total</td><td class=""py-3 px-4 font-bold"">$3,173–$3,823</td></tr>"
src/data/articles.ts,3324,"<p>Conclude: the true monthly cost of homeownership is typically $500–$1,000 higher than the mortgage payment alone. Plan your budget around the full number. Find out exactly <a href=""/blog/mortgage-payment-guide"">how your mortgage payment is calculated</a> and get <a href=""/blog/escrow-accounts-explained"">escrow accounts explained</a> to avoid surprises. First-time buyers can also check with <a href=""https://www.hud.gov"" target=""_blank"" rel=""noopener noreferrer"">HUD</a> for assistance programs.</p>"
src/data/articles.ts,3327,"<p>Let's pull it all together in one table for a $350,000 home with 10% down:</p>"
src/data/articles.ts,3339,"<tr class=""border-b border-outline-variant/30""><td class=""py-3 px-4"">Down payment (10%)</td><td class=""py-3 px-4"">$35,000</td><td class=""py-3 px-4"">$35,000</td></tr>"
src/data/articles.ts,3340,"<tr class=""border-b border-outline-variant/30""><td class=""py-3 px-4"">Closing costs (2–5%)</td><td class=""py-3 px-4"">$7,000</td><td class=""py-3 px-4"">$17,500</td></tr>"
src/data/articles.ts,3341,"<tr class=""border-b border-outline-variant/30""><td class=""py-3 px-4"">Cash reserves</td><td class=""py-3 px-4"">$7,500</td><td class=""py-3 px-4"">$11,000</td></tr>"
src/data/articles.ts,3342,"<tr class=""border-b border-outline-variant/30""><td class=""py-3 px-4"">Moving and immediate</td><td class=""py-3 px-4"">$5,000</td><td class=""py-3 px-4"">$20,000</td></tr>"
src/data/articles.ts,3343,"<tr class=""border-b border-outline-variant/30 bg-primary/5""><td class=""py-3 px-4 font-bold"">Total upfront needed</td><td class=""py-3 px-4 font-bold"">$54,500</td><td class=""py-3 px-4 font-bold"">$83,500</td></tr>"
src/data/articles.ts,3348,"<p>Conclude: for a $350,000 home with 10% down, plan to have between $55,000 and $85,000 in accessible savings — not $35,000. This is the number most buyers do not know until it is too late. Link to the <a href=""/affordability-calculator"">affordability calculator</a> to build a personalised version of your home purchase budget and review our <a href=""/blog/2026-homebuyers-playbook"">2026 homebuyer's playbook</a> to refine your strategy.</p>"
src/data/articles.ts,3351,"<h3>How much money do I need to buy a $350,000 house?</h3>"
src/data/articles.ts,3352,"<p>For a complete home purchase budget on a $350,000 home with a 10% down payment, you generally need between $55,000 and $85,000 in accessible savings. This covers the down payment, closing costs, required cash reserves, and immediate moving expenses.</p>"
src/data/articles.ts,3355,"<p>The main upfront costs include your down payment (typically 3% to 20%), closing costs (2% to 5% of the purchase price), upfront home inspection and appraisal fees, plus moving expenses and any immediate home repairs needed before you settle in.</p>"
src/data/articles.ts,3358,"<p>Your ideal home purchase budget should cover your targeted down payment, another 2% to 5% for closing costs, plus 2 to 6 months of mortgage payments in reserves to ensure you can safely afford homeownership without financial panic.</p>"
src/data/articles.ts,3385,"<p>Mortgage calculators are among the most useful tools a homebuyer has at their disposal, but they are only as good as the data you feed them. A small input error or a missing field can make a $2,800 monthly payment look like an affordable $1,900, leading buyers to overextend their budget and face genuine financial strain after they move in. If you have ever used an online tool and wondered whether the result was accurate or dangerously optimistic, you are right to be cautious. This guide covers the seven most common <strong>mortgage calculator mistakes</strong> buyers make and shows you exactly how to avoid every one of them. For a reliable starting point, our <a href=""/mortgage-calculator"">mortgage calculator</a> includes many of these essential fields by default to help you build a safer budget.</p>"
src/data/articles.ts,3389,"<p>For a $350,000 home with a 6.8% interest rate, the P&I portion alone is approximately $2,059 per month. However, once you add local property taxes (averaging 1.1% nationally) and homeowners insurance, your true all-in monthly payment is closer to $2,700—a $641 difference. Failing to account for this is a primary driver of <strong>mortgage calculator mistakes</strong>. Always use a tool that provides a full PITI breakdown so you aren't surprised by the escrow bill later. You can see how these ""extra"" costs are calculated in our guide on <a href=""/blog/mortgage-payment-guide"">how mortgage payments are calculated</a>.</p>"
src/data/articles.ts,3392,"<p>Advertised mortgage rates are almost always a ""best-case scenario"" designed to grab your attention. These rates are typically offered only to borrowers with 760+ credit scores, at least a 20% down payment, and very specific loan types. For the average buyer, the actual interest rate they qualify for is often 0.25% to 0.75% higher than the headline rate.</p>"
src/data/articles.ts,3393,"<p>On a $350,000 loan, a 0.5% rate increase adds roughly $110 to your monthly payment and tens of thousands of dollars in total interest over the life of the loan. Before you rely on any calculation, get a personalized rate quote from at least two lenders. Understanding <a href=""/blog/interest-rate-impact"">how interest rates affect your payment</a> is critical for creating a budget that actually holds up when you apply for a loan. You can also benchmark these rates against current <a href=""https://fred.stlouisfed.org"" target=""_blank"" rel=""noopener noreferrer"">Federal Reserve Economic Data</a> to see where market averages currently sit.</p>"
src/data/articles.ts,3396,"<p>If your down payment is less than 20% of the home's purchase price, your lender will require Private Mortgage Insurance (PMI). This is an insurance policy that protects the lender if you default, but you are the one who pays the premium. PMI typically costs between 0.5% and 1.5% of the total loan amount per year. On a $315,000 loan, that can add between $131 and $394 to your monthly bill.</p>"
src/data/articles.ts,3410,"<tr class=""border-b border-outline-variant/30""><td class=""py-3 px-4"">3%</td><td class=""py-3 px-4"">1.2%</td><td class=""py-3 px-4"">$378</td><td class=""py-3 px-4"">Yes</td></tr>"
src/data/articles.ts,3411,"<tr class=""border-b border-outline-variant/30""><td class=""py-3 px-4"">5%</td><td class=""py-3 px-4"">1.0%</td><td class=""py-3 px-4"">$316</td><td class=""py-3 px-4"">Yes</td></tr>"
src/data/articles.ts,3412,"<tr class=""border-b border-outline-variant/30""><td class=""py-3 px-4"">10%</td><td class=""py-3 px-4"">0.5%</td><td class=""py-3 px-4"">$131</td><td class=""py-3 px-4"">Yes</td></tr>"
src/data/articles.ts,3413,"<tr class=""bg-primary/5 font-bold""><td class=""py-3 px-4"">20%</td><td class=""py-3 px-4"">None</td><td class=""py-3 px-4"">$0</td><td class=""py-3 px-4"">N/A</td></tr>"
src/data/articles.ts,3420,"<p>Your down payment is not the only cash you need at the closing table. Closing costs are the collection of fees paid to lenders, title companies, and government agencies to finalize the sale. They typically range from 2% to 5% of the home's purchase price. A buyer who has saved exactly $35,000 for a 10% down payment on a $350,000 home might be shocked to learn they also need an additional $7,000 to $17,500 in closing costs.</p>"
src/data/articles.ts,3424,"<p>Most mortgage calculators and lenders use your <strong>gross monthly income</strong> (your salary before taxes and deductions) to apply the ""28% rule."" While this is the industry standard for qualification, it can be misleading for your personal budget. Your actual take-home pay is what you use to buy groceries, pay for childcare, and save for retirement.</p>"
src/data/articles.ts,3425,"<p>For example, a buyer earning $90,000 a year has a gross monthly income of $7,500. By the 28% rule, their maximum mortgage payment is $2,100. However, after taxes, health insurance, and 401(k) contributions, their net take-home pay might only be $5,800. Spending $2,100 on housing out of $5,800 is 36% of their actual cash flow—much tighter than it looked on the calculator. Always stress-test your payment against your ""spendable"" money to find out <a href=""/blog/how-much-house-can-i-afford"">how much house you can afford</a> in the real world.</p>"
src/data/articles.ts,3428,"<p>Many buyers find a home, run the calculator once at today's interest rate, and stop there. But mortgage rates are volatile. They can move 0.25% or even 0.5% between the time you start house hunting and the time you actually lock in your rate with a lender. If you are shopping at the very top of your budget, a small rate increase can suddenly make your dream home unaffordable.</p>"
src/data/articles.ts,3429,"<p>To avoid this, always run three scenarios on your <a href=""/mortgage-calculator"">mortgage calculator</a>: a low-rate scenario (0.5% below current), a current-rate scenario, and a high-rate scenario (0.5% above current). This gives you a ""payment range"" and prevents budget shock if the market shifts before your closing date. Refer to the <a href=""https://www.consumerfinance.gov"" target=""_blank"" rel=""noopener noreferrer"">Consumer Financial Protection Bureau</a> for advice on when to lock your rate to protect against these moves.</p>"
src/data/articles.ts,3432,"<p>If you are looking at condominiums, townhomes, or homes in planned communities, you will likely have to pay monthly Homeowners Association (HOA) fees. These fees are not part of your mortgage, and they are almost never included in the default output of a mortgage calculator. HOA fees can range from a modest $100 to over $1,000 per month depending on the amenities provided, such as pools, security, or landscaping.</p>"
src/data/articles.ts,3433,"<p>On a condo with a $400/month HOA fee, a buyer who budgeted $2,500/month for housing is actually committing to $2,900/month once you add the fees. This extra $4800 a year can disrupt even the most disciplined financial plan. Always add the specific HOA fee from the listing manually to your total monthly cost estimate before making an offer.</p>"
src/data/articles.ts,3440,"<li><strong>Include PMI</strong> — If you are putting down less than 20%, ensure the <strong>mortgage calculator mistakes</strong> of leaving out insurance aren't made.</li>"
src/data/articles.ts,3441,<li><strong>Budget for closing costs</strong> — Add 3% of the price as a placeholder for upfront fees.</li>
src/data/articles.ts,3478,"excerpt: ""See exactly how a 1% change in interest rates affects your mortgage payment, total interest paid, and buying power — with real examples for loan amounts from $150k to $600k."","
src/data/articles.ts,3481,"seoDescription: ""Discover how even a 1% rate change affects your lifetime costs. Learn 2026 interest saving strategies."","
src/data/articles.ts,3483,"<p>In real estate, a single percentage point is often the difference between a comfortable lifestyle and being ""house poor."" A jump from 6% to 7% sounds like a minor adjustment, but for a 30-year loan, that change translates into hundreds of extra dollars every month. Understanding exactly <strong>how interest rates affect mortgage payments</strong> is the first step toward making a data-driven decision. Before you commit to a mortgage rate lock, use a <a href=""/mortgage-calculator"">mortgage calculator</a> to see how today's market conditions translate into your actual monthly bill.</p>"
src/data/articles.ts,3485,<h2>How a 1% Rate Change Affects Your Monthly Payment</h2>
src/data/articles.ts,3486,"<p>The impact of interest rates scales with your loan size. The more you borrow, the more every fraction of a percent matters. Below is a breakdown of how a move from 6.0% to 7.0% changes the monthly Principal and Interest (P&I) for various loan amounts:</p>"
src/data/articles.ts,3493,"<th class=""py-4 px-4 font-bold"">At 6.0%</th>"
src/data/articles.ts,3494,"<th class=""py-4 px-4 font-bold"">At 7.0%</th>"
src/data/articles.ts,3499,"<tr class=""border-b border-outline-variant/30""><td>$150,000</td><td>$899</td><td>$998</td><td>+$99</td></tr>"
src/data/articles.ts,3500,"<tr class=""border-b border-outline-variant/30""><td>$250,000</td><td>$1,499</td><td>$1,663</td><td>+$164</td></tr>"
src/data/articles.ts,3501,"<tr class=""border-b border-outline-variant/30 bg-primary/5 font-bold""><td>$350,000</td><td>$2,098</td><td>$2,329</td><td>+$231</td></tr>"
src/data/articles.ts,3502,"<tr class=""border-b border-outline-variant/30""><td>$450,000</td><td>$2,698</td><td>$2,996</td><td>+$298</td></tr>"
src/data/articles.ts,3503,"<tr class=""border-b border-outline-variant/30""><td>$600,000</td><td>$3,597</td><td>$3,995</td><td>+$398</td></tr>"
src/data/articles.ts,3508,"<p>For a standard $350,000 home loan, a 1% rate increase adds $231 to your monthly cost, which totals a staggering **$83,160 in additional interest** over a 30-year term.</p>"
src/data/articles.ts,3511,"<p>Interest rates determine how many hundreds of thousands of dollars you will pay on top of the actual price of the home. Here is how that $350,000 loan looks across a wider range of interest rates:</p>"
src/data/articles.ts,3524,"<tr class=""border-b border-outline-variant/30""><td>5.0%</td><td>$1,879</td><td>$326,440</td><td>$676,440</td></tr>"
src/data/articles.ts,3525,"<tr class=""border-b border-outline-variant/30""><td>6.0%</td><td>$2,098</td><td>$405,280</td><td>$755,280</td></tr>"
src/data/articles.ts,3526,"<tr class=""border-b border-outline-variant/30""><td>7.0%</td><td>$2,329</td><td>$488,440</td><td>$838,440</td></tr>"
src/data/articles.ts,3527,"<tr class=""border-b border-outline-variant/30 bg-primary/5 font-bold""><td>7.5%</td><td>$2,447</td><td>$530,920</td><td>$880,920</td></tr>"
src/data/articles.ts,3532,"<p>The difference between a 5.0% and a 7.5% rate is over $204,000 in total interest—enough to buy another small home. You can visualize this debt path using our <a href=""/amortization-schedule"">amortization schedule</a> or the <a href=""/total-interest-calculator"">total interest calculator</a>. For a concrete example, compare <a href=""/calculator/300k-mortgage-monthly-payment-6-percent"">a $300,000 mortgage at 6%</a> against <a href=""/calculator/400k-mortgage-monthly-payment-4-percent"">a $400,000 mortgage at 4%</a>.</p>"
src/data/articles.ts,3535,"<p>Lenders care about your monthly Debt-to-Income (DTI) ratio. If your budget is capped at $2,000 per month for Principal and Interest, a rise in rates literally pushes homes out of your reach:</p>"
src/data/articles.ts,3538,"<li><strong>5.0% Rate:</strong> Max Loan = $372,000</li>"
src/data/articles.ts,3539,"<li><strong>6.0% Rate:</strong> Max Loan = $333,000</li>"
src/data/articles.ts,3540,"<li><strong>7.0% Rate:</strong> Max Loan = $300,000</li>"
src/data/articles.ts,3541,"<li><strong>7.5% Rate:</strong> Max Loan = $285,000</li>"
src/data/articles.ts,3544,"<p>Moving from a 5% to 7.5% rate reduces your buying power by nearly **$87,000**, often forcing you to settle for a smaller house. Use an <a href=""/affordability-calculator"">affordability calculator</a> to see where your personal line is in current rates.</p>"
src/data/articles.ts,3559,<h3>How much does a 1% increase in interest rates affect a mortgage?</h3>
src/data/articles.ts,3560,<p>A 1% increase typically raises a monthly mortgage payment by about 10–12%. Understanding <strong>how interest rates affect mortgage payments</strong> is crucial for long-term budgeting.</p>
src/data/articles.ts,3602,"<li><strong>Origination Fees:</strong> Typically 1–5% of the loan, deducted upfront. A lower rate with high fees can often be worse than a higher rate with no fees.</li>"
src/data/articles.ts,3609,"<p>A borrower needs $30,000 for home improvements and receives these two offers:</p>"
src/data/articles.ts,3621,"<tr class=""border-b border-outline-variant/30""><td>Stated Rate</td><td>7.5%</td><td>8.9%</td></tr>"
src/data/articles.ts,3622,"<tr class=""border-b border-outline-variant/30 font-bold text-primary""><td>APR</td><td>9.2%</td><td>9.0%</td></tr>"
src/data/articles.ts,3623,"<tr class=""border-b border-outline-variant/30""><td>Origination Fee</td><td>$1,500 (5%)</td><td>$0</td></tr>"
src/data/articles.ts,3624,"<tr class=""border-b border-outline-variant/30""><td>Monthly Payment</td><td>$601</td><td>$622</td></tr>"
src/data/articles.ts,3625,"<tr class=""border-b border-outline-variant/30 bg-primary/5 font-bold""><td>True Total Cost</td><td>$39,060</td><td>$37,320</td></tr>"
src/data/articles.ts,3630,"<p><strong>Verdict:</strong> Offer A looks cheaper monthly ($601 vs $622) and has a lower stated rate—but Offer B actually costs $1,740 less overall. Offer A's origination fee wipes out its rate advantage. The APR told the story: 9.0% vs 9.2%. Always use APR. This illustrates <a href=""/blog/loan-calculator-explained"">how loan calculators work</a> to uncover hidden costs.</p>"
src/data/articles.ts,3633,"<p>When one offer has a lower rate but higher fees, calculate how long it takes for the monthly savings to cover the fee. Formula: <strong>Upfront Fee ÷ Monthly Savings = Break-even Months</strong>. If an $1,500 fee saves $21/month, you break even at 71 months (nearly 6 years). On a 5-year loan, you never reach break-even—take the no-fee offer.</p>"
src/data/articles.ts,3651,<li>Origination fees exceeding 5%.</li>
src/data/articles.ts,3698,"<p>If you put less than 20% down, you likely pay Private Mortgage Insurance (PMI). Under the Homeowners Protection Act, overseen by the <a href=""https://www.consumerfinance.gov"" target=""_blank"" rel=""noopener noreferrer"">Consumer Financial Protection Bureau</a>, lenders must cancel PMI once your balance hits 78% of the <em>original</em> value. You can request cancellation at 80%, or even earlier if home appreciation has lowered your LTV ratio. Removing PMI on a $300k loan saves $125–$200/month. Use our <a href=""/mortgage-calculator"">mortgage calculator</a> to estimate your current LTV.</p>"
src/data/articles.ts,3701,"<p>Refinancing is a permanent way to reduce payments. Even a 0.75% drop saves hundreds. For a $280k balance at 7.5% (25 yrs left), refinancing to 6.4% saves ~$197/month ($2,364/year). Closing costs average $5,500, meaning a 28-month break-even. Learning <a href=""/blog/when-to-refinance"">when refinancing makes sense</a> is key—run your numbers now with our <a href=""/refinancing-calculator"">refinancing calculator</a>.</p>"
src/data/articles.ts,3704,"<p>A recast (re-amortization) involves a large lump-sum payment toward principal. The lender recalculates your payment based on the new balance, keeping the same rate and term. Costs are low ($150–$500 fee). A $20k recast on a $280k loan at 6.8% reduces the monthly payment by ~$130.</p>"
src/data/articles.ts,3707,"<p>Refinancing into a new 30-year term resets the clock and lowers the monthly payment. For example, 15 years left on a $250k loan at 6.5% costs ~$2,181/mo. A new 30-year term drops it to ~$1,580—saving $601/month. Note that you'll pay more total interest. Check the cost with our <a href=""/total-interest-calculator"">total interest calculator</a>.</p>"
src/data/articles.ts,3710,"<p>Property taxes are a huge part of your escrow. If your home was assessed incorrectly, you can appeal. Successful appeals save $500–$2,000/year, or $40–$167/month. Contact your local county assessor's office for deadlines.</p>"
src/data/articles.ts,3713,"<p>Insurance rates are competitive. Getting three quotes can save $300–$800 annually. Bundling home and auto typically saves 10–15%. Check your <a href=""/amortization-schedule"">amortization schedule</a> to see how these escrow changes affect your total payment. This is a simple way to discover <strong>how to reduce mortgage payment</strong> totals without changing your loan.</p>"
src/data/articles.ts,3719,"<p>Rental income can offset your mortgage. Renting a room often generates $600–$1,200/month, covering 30–60% of a typical mortgage. Check local zoning and HOA rules first. This is a practical alternative to <a href=""/blog/early-mortgage-payoff"">paying off your mortgage early</a> for current monthly relief.</p>"
src/data/articles.ts,3729,"<p>Once your LTV reaches 80%, you can request cancellation. See our <a href=""/blog/down-payment-guide"">down payment guide</a> for more.</p>"
src/data/articles.ts,3752,"seoTitle: ""Loan Payoff Formula: Save $58k Paying Off Early in 2026"","
src/data/articles.ts,3753,"seoDescription: ""The loan payoff formula that cuts years off your mortgage — one extra payment a year saves $58,000 in interest on a $300k loan. See your exact payoff plan."","
src/data/articles.ts,3755,"<p>Paying off a mortgage early is one of the most powerful financial moves a homeowner can make. It’s the equivalent of earning a guaranteed, tax-free return on your money equal to your interest rate. However, in the 2026 market, not all early payoff strategies are equal. Some methods save over $100,000 in interest and shave a decade off your loan term, while others barely move the needle. Understanding the math behind how you <strong>pay off mortgage early</strong> is key to reaching financial freedom years sooner. Before committing to an aggressive payoff, ensure you have correctly weighed the <a href=""/blog/fixed-vs-variable-mortgage"">fixed vs variable mortgage 2026</a> pros and cons for your specific situation. To see how these changes affect your specific loan, start by reviewing your <a href=""/amortization-schedule"">amortization schedule</a>.</p>"
src/data/articles.ts,3759,"<p>On a $300,000 loan at 6.8% interest, your first payment of ~$1,961 only reduces your actual debt by ~$261. The rest is profit for the bank. Every extra dollar you pay early attacks that principal directly. By reducing the principal now, you drastically reduce the interest calculated for every single month for the remainder of the loan. Viewing this live on an <a href=""/amortization-schedule"">amortization schedule</a> is often the ultimate motivation homeowners need to start.</p>"
src/data/articles.ts,3762,"<p>The ""13th Payment"" strategy is a hall-of-fame financial move. By simply making 13 payments annually instead of 12, you can cut a traditional 30-year mortgage down to approximately 25 years. On a $300,000 loan at 6.8%, this single extra payment every year saves approximately $58,000 in interest costs. The easiest way to implement this is to divide your monthly payment by 12 and add that amount ($163 in our example) to every payment.</p>"
src/data/articles.ts,3768,"<p>Rounding a $1,961 payment up to $2,100 adds $139/month to principal. On a $300k loan at 6.8%, this simple habit cuts your loan term by ~4 years and saves roughly $44,000 in interest. See the impact of different levels of monthly discipline:</p>"
src/data/articles.ts,3780,"<tr class=""border-b border-outline-variant/30""><td>$100</td><td>~2.5 years</td><td>~$28,000</td></tr>"
src/data/articles.ts,3781,"<tr class=""border-b border-outline-variant/30""><td>$200</td><td>~4.5 years</td><td>~$47,000</td></tr>"
src/data/articles.ts,3782,"<tr class=""border-b border-outline-variant/30 bg-primary/5 font-bold""><td>$500</td><td>~8 years</td><td>~$84,000</td></tr>"
src/data/articles.ts,3783,"<tr class=""border-b border-outline-variant/30 font-bold""><td>$1,000</td><td>~12 years</td><td>~$117,000</td></tr>"
src/data/articles.ts,3791,"<p>If income has increased, <a href=""/blog/fixed-vs-variable-mortgage"">switching to a shorter term</a> (like a 15-year mortgage) is most aggressive. The <a href=""https://www.federalreserve.gov"" target=""_blank"" rel=""noopener noreferrer"">Federal Reserve</a> notes that 15-year rates are almost always lower than 30-year rates. Refinancing from 30 to 15 years can increase your monthly commitment but save over **$160,000** in interest. Use our <a href=""/refinancing-calculator"">refinancing calculator</a> to see if <a href=""/blog/when-to-refinance"">when refinancing makes sense</a> for you.</p>"
src/data/articles.ts,3794,"<p>Windfalls like tax refunds or bonuses perform miracles on a mortgage. A single $5,000 payment in year 3 of a $300k loan at 6.8% saves ~$18,000 in future interest. This is the highest-leverage use of extra cash outside of high-interest debt repayment. Always specify ""apply to principal"" with your lender to ensure the base balance is reduced. You can track your overall debt progress with our <a href=""/total-interest-calculator"">total interest calculator</a>.</p>"
src/data/articles.ts,3804,<h3>What happens if I pay an extra $200 a month on my mortgage?</h3>
src/data/articles.ts,3805,"<p>An extra $200 a month on a $300k, 6.8% loan saves you approximately $47,000 in interest and shortens your 30-year term by roughly 4.5 years. It is one of the most effective ways to build wealth.</p>"
src/data/articles.ts,3811,"<p>Extra payments <em>should</em> go 100% toward principal, but you must specify this with your lender. By reducing the principal balance, you reduce the amount of interest calculated for every future month.</p>"
src/data/articles.ts,3904,"<li><strong>Loan Amount:</strong> This is the total principal balance you are borrowing from the lender, which is often different from the purchase price of the item. For example, if you are buying a car with a price tag of $30,000 and you provide a $5,000 down payment, your actual loan amount is $25,000. This is the figure that interest will be calculated on.</li>"
src/data/articles.ts,3928,"<tr class=""border-b border-outline-variant/30""><td class=""py-3 px-4"">Personal loan</td><td class=""py-3 px-4"">$10,000</td><td class=""py-3 px-4"">10%</td><td class=""py-3 px-4"">3 years</td><td class=""py-3 px-4"">$323</td><td class=""py-3 px-4"">$1,616</td></tr>"
src/data/articles.ts,3929,"<tr class=""border-b border-outline-variant/30""><td class=""py-3 px-4"">Auto loan</td><td class=""py-3 px-4"">$25,000</td><td class=""py-3 px-4"">7%</td><td class=""py-3 px-4"">5 years</td><td class=""py-3 px-4"">$495</td><td class=""py-3 px-4"">$4,700</td></tr>"
src/data/articles.ts,3930,"<tr class=""border-b border-outline-variant/30 bg-primary/5 font-bold""><td class=""py-3 px-4"">Mortgage</td><td class=""py-3 px-4"">$300,000</td><td class=""py-3 px-4"">6.8%</td><td class=""py-3 px-4"">30 years</td><td class=""py-3 px-4"">$1,961</td><td class=""py-3 px-4"">$405,960</td></tr>"
src/data/articles.ts,3935,"<p>The mortgage costs 40x more in total interest than the personal loan — not because the interest rate is necessarily higher, but because the term is 10x longer. Term length is the most underestimated factor in total borrowing cost. You can run these specific scenarios for any amount using our <a href=""/total-interest-calculator"">total interest calculator</a> to see your own lifetime cost projections, or explore specific examples like a <a href=""/calculator/10k-personal-loan-repayment-10-percent"">$10,000 personal loan at 10%</a> or a <a href=""/calculator/25k-personal-loan-repayment-8-percent"">$25,000 loan at 8%</a>.</p>"
src/data/articles.ts,3940,"<li><strong>Offer A:</strong> $20,000 at 6% for 3 years → $608/month, $1,888 total interest</li>"
src/data/articles.ts,3941,"<li><strong>Offer B:</strong> $20,000 at 6% for 5 years → $387/month, $3,199 total interest</li>"
src/data/articles.ts,3943,"<p>Offer B costs $79 less per month but $1,311 more overall. Knowing <a href=""/blog/compare-loan-offers"">how to compare loan offers</a> effectively requires looking beyond the monthly check. Always calculate total interest, not just the monthly payment, when conducting your search on our <a href=""/loan-calculator"">loan calculator</a>.</p>"
src/data/articles.ts,3946,"<p>Small differences in interest rates compound into life-changing amounts over time. This is especially clear on an average auto loan of $25,000 over 5 years. Use the table below to see <a href=""/blog/interest-rate-impact"">how interest rates affect total borrowing cost</a>:</p>"
src/data/articles.ts,3958,"<tr class=""border-b border-outline-variant/30""><td class=""py-3 px-4"">4%</td><td class=""py-3 px-4"">$460</td><td class=""py-3 px-4"">$2,600</td></tr>"
src/data/articles.ts,3959,"<tr class=""border-b border-outline-variant/30""><td class=""py-3 px-4"">6%</td><td class=""py-3 px-4"">$483</td><td class=""py-3 px-4"">$3,980</td></tr>"
src/data/articles.ts,3960,"<tr class=""border-b border-outline-variant/30""><td class=""py-3 px-4"">8%</td><td class=""py-3 px-4"">$507</td><td class=""py-3 px-4"">$5,420</td></tr>"
src/data/articles.ts,3961,"<tr class=""border-b border-outline-variant/30""><td class=""py-3 px-4"">10%</td><td class=""py-3 px-4"">$531</td><td class=""py-3 px-4"">$6,860</td></tr>"
src/data/articles.ts,3962,"<tr class=""bg-primary/5 font-bold""><td class=""py-3 px-4"">12%</td><td class=""py-3 px-4"">$556</td><td class=""py-3 px-4"">$8,360</td></tr>"
src/data/articles.ts,3967,"<p>The difference between a 4% and 12% rate on this moderate loan is $5,760 in total interest—nearly a quarter of the original loan amount. This is why improving your credit score before applying is one of the highest-return financial moves you can make. Even a 1% decrease in your rate can save you significant money that could be better spent elsewhere. Use <a href=""/blog/monthly-payment-formula"">the monthly payment formula</a> to double-check these estimates if you're curious about the manual math.</p>"
src/data/articles.ts,3973,"<li><strong>Not accounting for origination fees:</strong> These are often 1–5% of the loan amount and reduce the actual cash you receive, while you still pay interest on the full amount.</li>"
src/data/articles.ts,3981,"<p>A <strong>loan calculator</strong> uses the standard amortization formula to distribute your repayments between principal and interest. It ensures that every payment covers the interest owed for that month, while the remainder reduces your debt balance so that at the end of the term, you owe exactly $0.</p>"
src/data/articles.ts,4023,"<p>For lenders, escrow is a risk-management tool. They want to ensure that the property taxes are paid (so the government doesn't put a tax lien on the home) and that insurance is active (so the collateral is protected from fire or storm damage). Most conventional loans with a down payment of less than 20% require an escrow account. However, many lenders require it regardless of your down payment size to simplify their oversight of the property.</p>"
src/data/articles.ts,4029,"<li><strong>Property taxes:</strong> These are collected monthly and paid to your local county or city government, typically twice a year. If your annual tax bill is $4,200, your servicer will add $350 to your monthly payment ($4,200 / 12 = $350).</li>"
src/data/articles.ts,4030,"<li><strong>Homeowners insurance:</strong> Your annual premium for fire, theft, and hazard coverage is divided by 12 and added to your bill. For an annual premium of $1,440, you would see $120 added to your monthly mortgage payment.</li>"
src/data/articles.ts,4031,"<li><strong>PMI (Private Mortgage Insurance):</strong> If your down payment was under 20%, PMI is also typically collected through escrow. This insurance protects the lender if you default and continues until you reach 20% equity in the home.</li>"
src/data/articles.ts,4034,"<p>To see how these individual pieces come together, here is a sample monthly payment breakdown for a $300,000 mortgage at a 6.8% interest rate:</p>"
src/data/articles.ts,4047,"<td class=""py-3 px-4"">$1,961</td>"
src/data/articles.ts,4051,"<td class=""py-3 px-4"">$350</td>"
src/data/articles.ts,4055,"<td class=""py-3 px-4"">$120</td>"
src/data/articles.ts,4059,"<td class=""py-3 px-4"">$125</td>"
src/data/articles.ts,4063,"<td class=""py-3 px-4"">$2,556</td>"
src/data/articles.ts,4072,"<p>Every 12 months, your loan servicer is required to review your escrow account to make sure it has enough funds to cover the upcoming year's bills. Because property taxes and insurance premiums are not fixed—they rise and fall based on local government budgets and insurance market conditions—your monthly escrow contribution must adjust to keep pace. If your property taxes increased from $4,200 to $4,500, that $300 annual increase means your escrow contribution must rise by $25 per month. Consequently, your total monthly payment rises by $25, even though your principal and interest portion stayed exactly the same. This is part of the <a href=""/blog/2026-homebuyers-playbook"">2026 homebuyer's playbook</a> knowledge: your ""fixed"" payment is rarely truly fixed due to escrow.</p>"
src/data/articles.ts,4085,"<p>If the surplus is greater than $50, federal law (specifically the Real Estate Settlement Procedures Act, or RESPA) requires the servicer to refund the money to you, typically in the form of a check mailed shortly after the annual analysis. Many smart homeowners choose to apply this refund check back toward their mortgage principal to pay off the home faster. If you do this, always specify in writing that the funds should be applied to ""Principal Only"" to ensure it isn't just held for future escrow. You can track your equity growth using an <a href=""/amortization-schedule"">amortization schedule</a>.</p>"
src/data/articles.ts,4088,"<p>If you prefer to have absolute control over your money, you might wonder about an <strong>escrow waiver</strong>. Some lenders allow borrowers with 20% or more equity and a strong payment history to manage their own property taxes and insurance. This is common for those <a href=""/blog/down-payment-guide"">reaching 20% equity to waive escrow</a>.</p>"
src/data/articles.ts,4089,"<p><strong>The Benefits:</strong> You keep the money in your own high-yield savings account earning interest until the bills are due, rather than letting the bank hold it for $0 interest. It also prevents ""payment shock"" from annual servicer adjustments.</p>"
src/data/articles.ts,4090,"<p><strong>The Drawbacks:</strong> You are 100% responsible for making massive lump-sum payments on time. Missing a property tax payment is a serious default that can result in heavy penalties and even a tax lien on your home. Furthermore, lenders often charge a small ""escrow waiver fee"" (typically 0.125% to 0.25% of the loan amount) to allow you to opt out. Weigh the 1–2% interest you might earn against this upfront fee and the administrative effort before deciding. If your goal is simply to lower your bill, check out other <a href=""/blog/reduce-mortgage-payment"">ways to reduce your monthly mortgage payment</a>.</p>"
src/data/articles.ts,4103,"<p>Often, yes—if you have at least 20% equity in your home and a history of on-time payments. This is called an escrow waiver. However, some lenders charge a fee for this privilege, and you become solely responsible for paying your own tax and insurance bills.</p>"
src/data/articles.ts,4143,"""text"": ""It depends on your local market and debt levels, but the 28% rule is a safe benchmark. Use our tools to determine how much house you can afford based on your specific 2026 salary."""
src/data/articles.ts,4173,"<p>Buying a home in 2026 requires a more strategic approach than in years past. With mortgage rates hovering above 6% and inventory remains tight, the ""wait and see"" strategy is being replaced by proactive preparation. Buyers who understand their numbers, secure pre-approval early, and move decisively are winning deals and building long-term wealth. This playbook provides a clear roadmap to navigate today's market realities, starting with a fundamental <a href=""/affordability-calculator"">affordability calculator</a> check.</p>"
src/data/articles.ts,4176,"<p>The biggest mistake modern buyers make is starting with Zillow instead of a calculator. Before looking at a single listing, you must define your financial guardrails. First, determine your maximum comfortable monthly payment using the 28% rule: multiply your gross monthly income by 0.28. Second, calculate your maximum loan amount based on that payment at current rates. Third, identify your total cash needed upfront, including a down payment and closing costs (typically 2–5% of the purchase price).</p>"
src/data/articles.ts,4177,"<p>For example, if you earn $95,000 annually ($7,916/month), your housing ceiling is roughly $2,216 per month. Under a 6.8% rate environment, this supports a home price of approximately $315,000 with 10% down, accounting for taxes and insurance. Use our <a href=""/affordability-calculator"">affordability calculator</a> and <a href=""/mortgage-calculator"">mortgage calculator</a> to find <a href=""/blog/how-much-house-can-i-afford"">how much house you can afford</a> before approaching a lender.</p>"
src/data/articles.ts,4184,"<p>The true monthly cost of a home—PITI—includes more than just the mortgage principal and interest. It encompasses property taxes, homeowners insurance, and PMI if your down payment is under 20%. Consider a $375,000 home purchase with 10% down at 6.8%:</p>"
src/data/articles.ts,4186,"<li><strong>Principal and interest:</strong> ~$2,206</li>"
src/data/articles.ts,4187,<li><strong>Property tax (1.1%/yr):</strong> ~$344</li>
src/data/articles.ts,4188,<li><strong>Homeowners insurance:</strong> ~$120</li>
src/data/articles.ts,4189,<li><strong>PMI (~0.5%):</strong> ~$141</li>
src/data/articles.ts,4190,"<li><strong>Total monthly cost:</strong> ~$2,811</li>"
src/data/articles.ts,4198,"<p>A rate lock guarantees your interest rate for 30–60 days. Timing is everything: lock too early and it may expire; lock too late and <a href=""https://www.federalreserve.gov"" target=""_blank"" rel=""noopener noreferrer"">Federal Reserve</a> movements could raise your costs. Best practice is to lock immediately once under contract with a clear closing timeline. Ask about ""float-down"" provisions that allow you to take a lower rate if market conditions improve before closing. Even a 0.25% rate change on a $350,000 loan impacts your payment by ~$54/month, or nearly $20,000 over 30 years. See <a href=""/blog/interest-rate-impact"">how your rate affects your total cost</a> to understand the long-term stakes.</p>"
src/data/articles.ts,4201,"<p>The final steps involve four key areas: (1) Budget 2–5% for closing costs on top of your down payment. (2) Perform a walkthrough 24–48 hours before closing to confirm the property's condition. (3) Be vigilant about wire fraud; verify all instructions by phone using a number from the title company's official website. (4) Remember that payments are in arrears, so your first payment is typically due on the first of the month after your first full month of ownership. After closing, keep an eye on <a href=""/blog/when-to-refinance"">refinancing options after you buy</a> as market conditions evolve.</p>"
src/data/articles.ts,4208,"<p>It depends on your local market and debt levels, but the 28% rule is a safe benchmark. Use our tools to determine <a href=""/blog/how-much-house-can-i-afford"">how much house you can afford</a> based on your specific 2026 salary. For example, see what you can afford <a href=""/calculator/how-much-house-can-i-afford-80k-salary"">on an $80,000 salary</a>.</p>"
src/data/articles.ts,4250,"<li><strong>No down payment required:</strong> Finance 100% of the home's purchase price. This removes the single biggest barrier to homeownership. Check our <a href=""/blog/down-payment-guide"">down payment guide</a> for comparisons.</li>"
src/data/articles.ts,4251,"<li><strong>No private mortgage insurance (PMI):</strong> Conventional buyers with less than 20% down pay PMI ($100–$300/month). VA loans never require PMI. See <a href=""/blog/mortgage-payment-guide"">how mortgage payments are calculated</a>.</li>"
src/data/articles.ts,4252,<li><strong>Lower interest rates:</strong> VA loans consistently average 0.25–0.50% lower than conventional rates.</li>
src/data/articles.ts,4269,"<p>Compare a VA loan and conventional loan for a $350,000 home purchase in 2026:</p>"
src/data/articles.ts,4276,"<th class=""py-4 px-4 font-bold"">VA Loan (0% Down)</th>"
src/data/articles.ts,4277,"<th class=""py-4 px-4 font-bold"">Conventional (10% Down)</th>"
src/data/articles.ts,4281,"<tr class=""border-b border-outline-variant/30""><td>Down Payment</td><td>$0</td><td>$35,000</td></tr>"
src/data/articles.ts,4282,"<tr class=""border-b border-outline-variant/30""><td>PMI</td><td>$0</td><td>~$146/month</td></tr>"
src/data/articles.ts,4283,"<tr class=""border-b border-outline-variant/30 bg-primary/5 font-bold""><td>Total Monthly Payment</td><td>~$2,172</td><td>~$2,205</td></tr>"
src/data/articles.ts,4284,"<tr class=""border-b border-outline-variant/30 italic""><td>Cash Needed Upfront</td><td>~$5k – $8k</td><td>~$42k – $52k</td></tr>"
src/data/articles.ts,4292,"<p>The ""VA Funding Fee"" is a one-time fee paid to the VA. In 2026, the fee for first-time users with zero down is 2.15% ($7,525 on a $350k loan). This can be rolled into the loan amount. Veterans with a 10%+ disability rating are exempt.</p>"
src/data/articles.ts,4311,<p>No. You can buy with $0 down if the purchase price doesn't exceed the appraised value.</p>
src/data/articles.ts,4334,"excerpt: ""What are closing costs when buying a home? See the full breakdown of every fee, typical amounts for a $300k–$500k home, who pays what, and how to reduce your closing costs legally."","
src/data/articles.ts,4339,"<p>Discovering that you owe an additional 2–5% of your home's purchase price on closing day is a genuine shock for most first-time buyers. After years of disciplined saving for a down payment, the realization that a $400,000 home requires another $12,000 to $20,000 in cash-to-close can feel like a setback. However, understanding the <strong>closing costs breakdown</strong> is the first step toward managing these expenses effectively. This guide breaks down every typical fee, explains who is responsible for each cost, and shows exactly how much you should budget when purchasing a home in the $300,000 to $500,000 range. Before you commit to a loan, always run your numbers through a <a href=""/mortgage-calculator"">mortgage calculator</a> to see how these costs impact your overall financial picture.</p>"
src/data/articles.ts,4360,"<td class=""py-3 px-4"">0.5–1% of loan</td>"
src/data/articles.ts,4365,"<td class=""py-3 px-4"">$300–$600</td>"
src/data/articles.ts,4370,"<td class=""py-3 px-4"">$25–$50</td>"
src/data/articles.ts,4375,"<td class=""py-3 px-4"">$200–$400</td>"
src/data/articles.ts,4380,"<td class=""py-3 px-4"">$500–$1,000</td>"
src/data/articles.ts,4385,"<td class=""py-3 px-4"">$500–$1,000</td>"
src/data/articles.ts,4390,"<td class=""py-3 px-4"">$500–$1,500</td>"
src/data/articles.ts,4395,"<td class=""py-3 px-4"">$300–$600</td>"
src/data/articles.ts,4400,"<td class=""py-3 px-4"">$300–$700</td>"
src/data/articles.ts,4405,"<td class=""py-3 px-4"">$25–$250</td>"
src/data/articles.ts,4410,"<td class=""py-3 px-4"">0.1–2% of price</td>"
src/data/articles.ts,4430,"<td class=""py-3 px-4"">1–1.5% of loan</td>"
src/data/articles.ts,4438,"<p>While the percentage range is typically 2% to 5%, the raw dollar amount can feel quite different depending on your home's list price. Understanding <a href=""/blog/how-much-house-can-i-afford"">how much house you can afford</a> requires looking at the total cash needed at once, not just the monthly payment. Here is what a typical <strong>closing costs breakdown</strong> looks like at various price points:</p>"
src/data/articles.ts,4445,"<th class=""py-4 px-4 font-bold"">Low (2%)</th>"
src/data/articles.ts,4446,"<th class=""py-4 px-4 font-bold"">High (5%)</th>"
src/data/articles.ts,4451,"<tr class=""border-b border-outline-variant/30""><td class=""py-3 px-4"">$200,000</td><td class=""py-3 px-4"">$4,000</td><td class=""py-3 px-4"">$10,000</td><td class=""py-3 px-4"">$7,000</td></tr>"
src/data/articles.ts,4452,"<tr class=""border-b border-outline-variant/30""><td class=""py-3 px-4"">$300,000</td><td class=""py-3 px-4"">$6,000</td><td class=""py-3 px-4"">$15,000</td><td class=""py-3 px-4"">$10,500</td></tr>"
src/data/articles.ts,4453,"<tr class=""border-b border-outline-variant/30""><td class=""py-3 px-4"">$400,000</td><td class=""py-3 px-4"">$8,000</td><td class=""py-3 px-4"">$20,000</td><td class=""py-3 px-4"">$14,000</td></tr>"
src/data/articles.ts,4454,"<tr class=""border-b border-outline-variant/30""><td class=""py-3 px-4"">$500,000</td><td class=""py-3 px-4"">$10,000</td><td class=""py-3 px-4"">$25,000</td><td class=""py-3 px-4"">$17,500</td></tr>"
src/data/articles.ts,4458,"<p>For a standard $350,000 home purchase, you should budget approximately $7,000 to $17,500 in closing costs on top of your down payment. We recommend running these numbers through an <a href=""/affordability-calculator"">affordability calculator</a> to factor this initial cash requirement into your overall savings plan. If you are still in the early planning stages, our <a href=""/blog/down-payment-guide"">down payment guide</a> can help you strategize how to save for both the equity and the fees.</p>"
src/data/articles.ts,4461,"<p>A common misconception among first-time buyers is that they are responsible for every single fee. In reality, both parties typically pay certain closing costs, though the buyer usually shoulders the majority of lender and title-specific fees. Sellers, on the other hand, are typically responsible for real estate agent commissions—which can range from 5–6% of the sale price—and often cover state or local transfer taxes.</p>"
src/data/articles.ts,4462,"<p>However, everything in a real estate contract is negotiable. In what is known as a ""buyer's market,"" it is very common to negotiate seller concessions as part of your offer. This involves asking the seller to cover a portion (typically 2–3%) of your closing costs to reduce your upfront cash burden. In a highly competitive ""seller's market,"" asking for concessions can make your offer less attractive, so strategy is key. Understanding the <a href=""/blog/2026-homebuyers-playbook"">2026 homebuyer's playbook</a> strategies will help you decide when to push for these credits.</p>"
src/data/articles.ts,4469,"<li><strong>Ask for seller concessions:</strong> As mentioned above, this is one of the most effective ways to lower your cash-to-close. A seller covering $5,000 in costs is mathematically equivalent to a $5,000 price reduction, but it's often easier for a seller to agree to, especially if they are motivated to close quickly.</li>"
src/data/articles.ts,4470,"<li><strong>Close at the end of the month:</strong> Prepaid interest is calculated from the day you close until the end of that month. If you close on the 2nd, you'll owe nearly 30 days of interest. If you close on the 28th, you only owe 2 or 3 days. This simple scheduling tweak can save you over $1,000 upfront.</li>"
src/data/articles.ts,4471,"<li><strong>Compare loan estimates from multiple lenders:</strong> Lender fees, also known as origination or ""junk"" fees, vary significantly from one bank to another. Taking one afternoon to look at <a href=""/blog/compare-loan-offers"">comparing loan estimates from multiple lenders</a> can save you $1,000–$3,000 in pure origination costs.</li>"
src/data/articles.ts,4476,"<p>Then, three business days before your actual closing date, you will receive the <strong>Closing Disclosure</strong>. This document contains the final, confirmed figures. You should compare the Closing Disclosure to your original Loan Estimate line by line. Under rules enforced by the <a href=""https://www.consumerfinance.gov"" target=""_blank"" rel=""noopener noreferrer"">Consumer Financial Protection Bureau</a> (CFPB), certain fees (like origination fees) cannot increase at all, while others (like third-party services you can shop for) can increase by no more than 10%. If you notice discrepancies, you have the right to question the lender or the <a href=""https://www.hud.gov"" target=""_blank"" rel=""noopener noreferrer"">HUD</a> settlement agent before signing.</p>"
src/data/articles.ts,4479,"<h3>How much are closing costs on a $300,000 home?</h3>"
src/data/articles.ts,4480,"<p>For a $300,000 home, a typical <strong>closing costs breakdown</strong> usually totals between $6,000 and $15,000. The exact amount depends on your state's tax laws, your lender's fees, and whether you choose to pay ""discount points"" to lower your interest rate. You can calculate the impact of these variables using a <a href=""/loan-calculator"">loan calculator</a>.</p>"
src/data/articles.ts,4489,"<p>The largest individual fees typically include the loan origination fee (often 1% of the loan amount), the homeowners insurance premium (usually 12 months paid upfront), and prepaid property taxes. Transfer taxes can also be a major expense in certain states like New York or Florida. Understanding <a href=""/blog/mortgage-payment-guide"">how mortgage payments are calculated</a> will help you see how these prepaids build your escrow account.</p>"
src/data/articles.ts,4508,"excerpt: ""What is the 28/36 rule in mortgage lending? Learn how lenders use this ratio to determine affordability, see real income examples from $40k to $200k, and find out what to do if your numbers exceed the limits."","
src/data/articles.ts,4521,"""text"": ""The 28/36 rule is a debt-to-income (DTI) guideline used by mortgage lenders. It suggests that your housing costs (PITI) should not exceed 28% of your gross monthly income (front-end ratio), and your total debt payments including the mortgage should not exceed 36% of your gross monthly income (back-end ratio)."""
src/data/articles.ts,4537,"""text"": ""Yes. While the 28/36 rule is a standard guideline, many modern loan programs allow for higher ratios. Fannie Mae and Freddie Mac often approve back-end DTIs up to 45% or 50% for borrowers with high credit scores and substantial down payments."""
src/data/articles.ts,4542,"""name"": ""What counts toward the 36% debt ratio?"","
src/data/articles.ts,4545,"""text"": ""The 36% back-end ratio includes your prospective housing payment (PITI) plus all other recurring monthly debts like car loans, student loans, minimum credit card payments, child support, and personal loans. It does not include variable expenses like groceries or utilities."""
src/data/articles.ts,4564,"<li><strong>The 28% Rule (Front-End Ratio):</strong> Your total monthly housing costs — including Principal, Interest, Property Taxes, and Homeowners Insurance (PITI) — should not exceed 28% of your gross monthly income. This is also called the housing ratio.</li>"
src/data/articles.ts,4565,"<li><strong>The 36% Rule (Back-End Ratio):</strong> Your total monthly debt payments — including housing costs plus all other installments or revolving debts like car loans, student loans, credit cards, and personal loans — should not exceed 36% of your gross monthly income. This is also called the total debt-to-income (DTI) ratio.</li>"
src/data/articles.ts,4567,<p>A borrower who passes the 28% test but fails the 36% test due to $800/month in car payments will still face obstacles during underwriting unless they increase their down payment or find a less expensive home.</p>
src/data/articles.ts,4570,"<p>Let's walk through a step-by-step calculation for a household earning $85,000 per year in 2026:</p>"
src/data/articles.ts,4572,"<li><strong>Find Gross Monthly Income:</strong> $85,000 ÷ 12 = $7,083/month.</li>"
src/data/articles.ts,4573,"<li><strong>Calculate 28% Front-End Limit:</strong> $7,083 × 0.28 = <strong>$1,983/month</strong> maximum PITI.</li>"
src/data/articles.ts,4574,"<li><strong>Calculate 36% Back-End Limit:</strong> $7,083 × 0.36 = <strong>$2,550/month</strong> maximum total debt.</li>"
src/data/articles.ts,4575,"<li><strong>Subtract Existing Debts:</strong> If you have a $450/month car and student loan payment, your available credit for housing is $2,550 − $450 = <strong>$2,100/month</strong>.</li>"
src/data/articles.ts,4576,"<li><strong>Determine the Binding Constraint:</strong> The lender takes the <em>lower</em> of the two figures ($1,983 vs $2,100). In this case, your maximum payment is $1,983.</li>"
src/data/articles.ts,4577,"<li><strong>Convert to Loan Amount:</strong> Subtracting ~$450 for taxes and insurance leaves ~$1,533 for Principal and Interest. At a 6.8% rate over 30 years, this supports estimated max loan amount of ~$229,000.</li>"
src/data/articles.ts,4582,"<p>Here is how the 28/36 rule scales across different salary levels. Note that the ""Max P&I"" column estimates a $450/month reduction for taxes and insurance, which varies by state.</p>"
src/data/articles.ts,4589,"<th class=""py-4 px-4 font-bold"">Max PITI (28%)</th>"
src/data/articles.ts,4590,"<th class=""py-4 px-4 font-bold"">Max Total Debt (36%)</th>"
src/data/articles.ts,4595,"<tr class=""border-b border-outline-variant/30""><td class=""py-3 px-4"">$40,000</td><td class=""py-3 px-4"">$933</td><td class=""py-3 px-4"">$1,200</td><td class=""py-3 px-4 text-primary font-medium"">~$483</td></tr>"
src/data/articles.ts,4596,"<tr class=""border-b border-outline-variant/30""><td>$55,000</td><td>$1,283</td><td>$1,650</td><td>~$833</td></tr>"
src/data/articles.ts,4597,"<tr class=""border-b border-outline-variant/30""><td>$70,000</td><td>$1,633</td><td>$2,100</td><td>~$1,183</td></tr>"
src/data/articles.ts,4598,"<tr class=""border-b border-outline-variant/30 bg-primary/5""><td>$85,000</td><td>$1,983</td><td>$2,550</td><td>~$1,533</td></tr>"
src/data/articles.ts,4599,"<tr class=""border-b border-outline-variant/30 font-bold text-primary""><td>$100,000</td><td>$2,333</td><td>$3,000</td><td>~$1,883</td></tr>"
src/data/articles.ts,4600,"<tr class=""border-b border-outline-variant/30""><td>$125,000</td><td>$2,917</td><td>$3,750</td><td>~$2,467</td></tr>"
src/data/articles.ts,4601,"<tr class=""border-b border-outline-variant/30""><td>$150,000</td><td>$3,500</td><td>$4,500</td><td>~$3,050</td></tr>"
src/data/articles.ts,4602,"<tr class=""border-b border-outline-variant/30""><td>$200,000</td><td>$4,667</td><td>$6,000</td><td>~$4,217</td></tr>"
src/data/articles.ts,4606,"<p>For a more detailed breakdown beyond these estimates, check out our <a href=""/blog/loan-eligibility-by-income-detail"">detailed loan eligibility tables</a> or run a personalized calculation with the <a href=""/affordability-calculator"">affordability calculator</a>. For specific salary breakdowns, try our tools for <a href=""/calculator/how-much-house-can-i-afford-80k-salary"">affordability on an $80,000 salary</a> or <a href=""/calculator/income-required-for-400k-house"">income required for a $400k house</a>.</p>"
src/data/articles.ts,4609,"<p>While the 28/36 rule is the benchmark for ""financial health,"" modern underwriting is more flexible. Conventional loans backed by Fannie Mae and Freddie Mac may allow back-end DTIs up to 45–50% with ""compensating factors"" like an 800+ credit score or substantial cash reserves. FHA loans often allow front-end DTIs up to 31% and back-end DTIs up to 50% or higher. However, just because a lender approves you for a $450,000 loan doesn't mean you can comfortably afford it. The 28/36 rule exists to keep your housing costs from ""crowding out"" other goals like retirement or travel. Review our <a href=""/blog/how-much-house-can-i-afford"">how much house you can afford</a> guide for a balanced perspective on lending vs. living.</p>"
src/data/articles.ts,4614,"<li><strong>Increase Income:</strong> Adding a co-borrower's income (like a spouse earning $40,000) immediately lowers both percentages.</li>"
src/data/articles.ts,4615,"<li><strong>Pay Down Debt:</strong> Eliminating a $300 car payment frees up $300 in ""back-end"" capacity, which translates to roughly $44,000 in additional mortgage eligibility.</li>"
src/data/articles.ts,4618,"<li><strong>Improve Credit Score:</strong> A higher score unlocks a lower interest rate. Thanks to the <a href=""https://www.federalreserve.gov"" target=""_blank"" rel=""noopener noreferrer"">Federal Reserve</a>'s influence on mid-range lending rates in 2026, dropping your rate by 0.5% can significantly improve your DTI profile.</li>"
src/data/articles.ts,4622,"<p>This is where most buyers stumble. The 28/36 rule uses <strong>gross income</strong> (before taxes), but your life runs on <strong>net income</strong> (take-home pay). For someone earning $85,000, the gross monthly is $7,083, but take-home after taxes, health insurance, and 401(k) might be only $5,400. A mortgage payment of $1,983 (28% of gross) actually represents nearly 37% of your actual spendable cash. Always stress-test your payment against your real bank account — avoid these <a href=""/blog/calculator-mistakes"">common mortgage calculator mistakes</a> before committing. For total clarity, start <a href=""/blog/home-purchase-budgeting"">building your full home purchase budget</a> today.</p>"
src/data/articles.ts,4626,"<p>The 28/36 rule is a debt-to-income (DTI) guideline used by mortgage lenders. It suggests that your housing costs (PITI) should not exceed 28% of your gross monthly income (front-end ratio), and your total debt payments including the mortgage should not exceed 36% of your gross monthly income (back-end ratio).</p>"
src/data/articles.ts,4632,"<p>Yes. While the 28/36 rule is a standard guideline, many modern loan programs allow for higher ratios. Fannie Mae and Freddie Mac often approve back-end DTIs up to 45% or 50% for borrowers with high credit scores and substantial down payments. See our guide on <a href=""/blog/loan-eligibility-by-income"">loan eligibility by income</a> for more details.</p>"
src/data/articles.ts,4634,<h3>What counts toward the 36% debt ratio?</h3>
src/data/articles.ts,4635,"<p>The 36% back-end ratio includes your prospective housing payment (PITI) plus all other recurring monthly debts like car loans, student loans, minimum credit card payments, child support, and personal loans. It does not include variable expenses like groceries or utilities. Use our <a href=""/loan-calculator"">loan calculator</a> to model your monthly debt obligations.</p>"
src/data/articles.ts,4651,"title: ""€200,000 Mortgage: Monthly Payments, Rates, and Full Cost Breakdown for 2026"","
src/data/articles.ts,4654,"excerpt: ""What is the monthly payment on a €200,000 mortgage in 2026? See exact payments for European mortgage rates, full cost breakdown in euros, income requirements, and how rates differ across Belgium, France, Germany, and the Netherlands."","
src/data/articles.ts,4664,"""name"": ""What is the monthly payment on a €200,000 mortgage?"","
src/data/articles.ts,4667,"""text"": ""At a 4.0% interest rate over 25 years, the monthly principal and interest payment is €1,055."""
src/data/articles.ts,4672,"""name"": ""What income do I need for a €200,000 mortgage in Belgium?"","
src/data/articles.ts,4675,"""text"": ""You typically need a net monthly household income of at least €3,200, assuming a 33% debt-to-income (DTI) ratio."""
src/data/articles.ts,4683,"""text"": ""Costs vary by country: 2-4% in the Netherlands and Ireland, and up to 10-15% in Belgium and Germany due to registration taxes and notary fees."""
src/data/articles.ts,4689,"<p>Taking out a <strong>€200,000 mortgage</strong> is one of the most common and accessible entry points for homebuyers across Western Europe in 2026. Whether you are a first-time buyer in a smaller Belgian city like Ghent or Liège, a professional looking for a mid-range property in regional France, or a savvy investor in the growing suburbs of Germany, this loan amount represents a balanced commitment for many households. With property prices and interest rates stabilising after years of fluctuation, having a precise understanding of your monthly repayment is the foundational step of your home-buying journey. This guide provides an exact breakdown of the monthly payment on a <strong>200k euro mortgage</strong> at current European rates, including specific income requirements, hidden costs, and a direct country-by-country comparison. Before you finalize your budget, you can use our <a href=""/mortgage-calculator"">mortgage calculator — supports EUR currency</a> to run your own numbers instantly; simply use the currency toggle to switch from dollars to euros for full accuracy.</p>"
src/data/articles.ts,4691,"<h2>Monthly Payment on a €200,000 Mortgage by Interest Rate</h2>"
src/data/articles.ts,4692,"<p>Your interest rate is the single most important factor in determining your monthly out-of-pocket cost. In 2026, most European lenders are offering fixed rates between 3.0% and 6.0%, depending on your credit profile and down payment. Below is the monthly principal and interest (P&I) breakdown for a €200,000 loan over a standard 25-year term:</p>"
src/data/articles.ts,4705,"<tr class=""border-b border-outline-variant/30""><td>3.0%</td><td>€949</td><td>€84,700</td><td>€284,700</td></tr>"
src/data/articles.ts,4706,"<tr class=""border-b border-outline-variant/30""><td>3.5%</td><td>€1,001</td><td>€100,300</td><td>€300,300</td></tr>"
src/data/articles.ts,4707,"<tr class=""border-b border-outline-variant/30 bg-primary/5 font-bold""><td>4.0%</td><td>€1,055</td><td>€116,500</td><td>€316,500</td></tr>"
src/data/articles.ts,4708,"<tr class=""border-b border-outline-variant/30""><td>4.5%</td><td>€1,111</td><td>€133,300</td><td>€333,300</td></tr>"
src/data/articles.ts,4709,"<tr class=""border-b border-outline-variant/30""><td>5.0%</td><td>€1,169</td><td>€150,700</td><td>€350,700</td></tr>"
src/data/articles.ts,4710,"<tr class=""border-b border-outline-variant/30""><td>5.5%</td><td>€1,229</td><td>€168,700</td><td>€368,700</td></tr>"
src/data/articles.ts,4711,"<tr class=""border-b border-outline-variant/30""><td>6.0%</td><td>€1,289</td><td>€186,700</td><td>€386,700</td></tr>"
src/data/articles.ts,4716,"<p>As you can see, every 0.5% increase in your rate adds approximately €50–€60 to your monthly bill. Over the life of the loan, that small difference translates to tens of thousands of euros in additional interest costs.</p>"
src/data/articles.ts,4719,"<p>While the interest rate sets the cost of borrowing, the loan term determines how fast you build equity. Here is how a €200,000 mortgage at a fixed 4.0% interest rate compares across different timeframes:</p>"
src/data/articles.ts,4732,"<tr class=""border-b border-outline-variant/30""><td class=""px-4 py-3"">20 years</td><td class=""px-4 py-3"">€1,212</td><td class=""px-4 py-3"">€90,880</td><td class=""px-4 py-3"">€290,880</td></tr>"
src/data/articles.ts,4733,"<tr class=""border-b border-outline-variant/30 font-bold""><td class=""px-4 py-3"">25 years</td><td class=""px-4 py-3"">€1,055</td><td class=""px-4 py-3"">€116,500</td><td class=""px-4 py-3"">€316,500</td></tr>"
src/data/articles.ts,4734,"<tr class=""border-b border-outline-variant/30""><td class=""px-4 py-3"">30 years</td><td class=""px-4 py-3"">€955</td><td class=""px-4 py-3"">€143,800</td><td class=""px-4 py-3"">€343,800</td></tr>"
src/data/articles.ts,4739,"<p>At 4.0% over 25 years, the monthly principal and interest on a €200,000 mortgage is €1,055. Choosing a 20-year term adds €157 per month to your repayment but saves you a massive <strong>€25,620</strong> in total interest. You can view the full yearly breakdown of your equity growth using our <a href=""/amortization-schedule"">amortization schedule</a> tool.</p>"
src/data/articles.ts,4755,"<tr class=""border-b border-outline-variant/30""><td class=""px-4 py-3"">Belgium</td><td class=""px-4 py-3"">3.2–4.1%</td><td class=""px-4 py-3"">20–25 years</td><td class=""px-4 py-3"">Fixed rate very common</td></tr>"
src/data/articles.ts,4756,"<tr class=""border-b border-outline-variant/30""><td class=""px-4 py-3"">France</td><td class=""px-4 py-3"">3.4–4.3%</td><td class=""px-4 py-3"">20–25 years</td><td class=""px-4 py-3"">Fixed rate standard</td></tr>"
src/data/articles.ts,4757,"<tr class=""border-b border-outline-variant/30""><td class=""px-4 py-3"">Germany</td><td class=""px-4 py-3"">3.6–4.5%</td><td class=""px-4 py-3"">15–20 years</td><td class=""px-4 py-3"">Short fixed periods common</td></tr>"
src/data/articles.ts,4758,"<tr class=""border-b border-outline-variant/30""><td class=""px-4 py-3"">Netherlands</td><td class=""px-4 py-3"">3.8–4.6%</td><td class=""px-4 py-3"">30 years</td><td class=""px-4 py-3"">NHG guarantee available</td></tr>"
src/data/articles.ts,4759,"<tr class=""border-b border-outline-variant/30""><td class=""px-4 py-3"">Ireland</td><td class=""px-4 py-3"">4.0–5.0%</td><td class=""px-4 py-3"">25–30 years</td><td class=""px-4 py-3"">Variable rate still common</td></tr>"
src/data/articles.ts,4760,"<tr class=""border-b border-outline-variant/30""><td class=""px-4 py-3"">Spain</td><td class=""px-4 py-3"">3.5–4.5%</td><td class=""px-4 py-3"">25–30 years</td><td class=""px-4 py-3"">Mixed fixed/variable market</td></tr>"
src/data/articles.ts,4767,"<h2>Full Monthly Cost Breakdown for a €200,000 Mortgage in Belgium</h2>"
src/data/articles.ts,4768,"<p>When planning your <strong>200k euro mortgage</strong> budget, the principal and interest are just the start. Let's look at a realistic scenario for a €250,000 property with a 20% down payment (€50,000), resulting in a €200,000 loan at a 3.8% rate over 25 years:</p>"
src/data/articles.ts,4779,"<tr class=""border-b border-primary/10""><td class=""px-6 py-3"">Principal and Interest</td><td class=""px-6 py-3"">€1,038</td></tr>"
src/data/articles.ts,4780,"<tr class=""border-b border-primary/10""><td class=""px-6 py-3"">Property Insurance (Brandverzekering)</td><td class=""px-6 py-3"">~€60</td></tr>"
src/data/articles.ts,4781,"<tr class=""border-b border-primary/10""><td class=""px-6 py-3"">Life Insurance (Schuldsaldoverzekering)</td><td class=""px-6 py-3"">~€45</td></tr>"
src/data/articles.ts,4782,"<tr class=""border-b border-primary/10""><td class=""px-6 py-3"">Municipal Taxes (Estimate)</td><td class=""px-6 py-3"">~€100</td></tr>"
src/data/articles.ts,4783,"<tr class=""bg-primary/10 font-bold""><td class=""px-6 py-3 text-primary"">Total Monthly Cost</td><td class=""px-6 py-3 text-primary"">~€1,243</td></tr>"
src/data/articles.ts,4790,"<h2>What Income Do You Need for a €200,000 Mortgage in Europe?</h2>"
src/data/articles.ts,4791,<p>European lenders typically apply a debt-to-income (DTI) ratio of 33% to 35%. This means your total monthly debt obligations should not exceed roughly one-third of your net monthly household income. Here is the minimum income required based on different mortgage rate scenarios:</p>
src/data/articles.ts,4798,"<th class=""py-3 px-4 font-bold"">Required Monthly Income (33%)</th>"
src/data/articles.ts,4803,"<tr class=""border-b border-outline-variant/30""><td class=""px-4 py-3"">€949 (3.0%)</td><td class=""px-4 py-3"">€2,876</td><td class=""px-4 py-3"">€34,512</td></tr>"
src/data/articles.ts,4804,"<tr class=""border-b border-outline-variant/30 bg-primary/5 font-bold""><td class=""px-4 py-3"">€1,055 (4.0%)</td><td class=""px-4 py-3"">€3,197</td><td class=""px-4 py-3"">€38,364</td></tr>"
src/data/articles.ts,4805,"<tr class=""border-b border-outline-variant/30""><td class=""px-4 py-3"">€1,169 (5.0%)</td><td class=""px-4 py-3"">€3,542</td><td class=""px-4 py-3"">€42,504</td></tr>"
src/data/articles.ts,4806,"<tr class=""border-b border-outline-variant/30""><td class=""px-4 py-3"">€1,289 (6.0%)</td><td class=""px-4 py-3"">€3,906</td><td class=""px-4 py-3"">€46,872</td></tr>"
src/data/articles.ts,4811,"<p>In conclusion, a €200,000 mortgage is accessible to a wide range of European buyers, typically requiring a net household income between approximately €35,000 and €47,000 per year. For double-income households, meeting these requirements is often straightforward. You can use our <a href=""/affordability-calculator"">affordability calculator</a> to see how your specific income affects your borrowing power and <a href=""/blog/how-much-house-can-i-afford"">how much house you can afford</a> given your current debts.</p>"
src/data/articles.ts,4822,"<th class=""py-3 px-4 font-bold"">On €250,000 Home</th>"
src/data/articles.ts,4826,"<tr class=""border-b border-outline-variant/30""><td class=""px-4 py-3"">Belgium</td><td class=""px-4 py-3"">10–15%</td><td class=""px-4 py-3"">€25,000–€37,500</td></tr>"
src/data/articles.ts,4827,"<tr class=""border-b border-outline-variant/30""><td class=""px-4 py-3"">France</td><td class=""px-4 py-3"">7–8%</td><td class=""px-4 py-3"">€17,500–€20,000</td></tr>"
src/data/articles.ts,4828,"<tr class=""border-b border-outline-variant/30""><td class=""px-4 py-3"">Germany</td><td class=""px-4 py-3"">9–12%</td><td class=""px-4 py-3"">€22,500–€30,000</td></tr>"
src/data/articles.ts,4829,"<tr class=""border-b border-outline-variant/30""><td class=""px-4 py-3"">Netherlands</td><td class=""px-4 py-3"">2–4%</td><td class=""px-4 py-3"">€5,000–€10,000</td></tr>"
src/data/articles.ts,4830,"<tr class=""border-b border-outline-variant/30""><td class=""px-4 py-3"">Ireland</td><td class=""px-4 py-3"">2–4%</td><td class=""px-4 py-3"">€5,000–€10,000</td></tr>"
src/data/articles.ts,4835,"<p>For a buyer in Belgium, purchasing a €250,000 home might require €50,000 for the 20% deposit plus up to €37,500 in purchase costs — meaning a total upfront cash requirement of up to €87,500. For a more detailed look at these expenses, read our <a href=""/blog/closing-costs-breakdown"">closing costs breakdown</a> and building a <a href=""/blog/home-purchase-budgeting"">full home purchase budget</a>.</p>"
src/data/articles.ts,4837,"<h2>€200,000 vs €300,000 Mortgage: How the Payments Compare</h2>"
src/data/articles.ts,4838,"<p>If you're debating whether to push your budget further, it helps to see how the numbers change at a standard 4.0% rate over 25 years:</p>"
src/data/articles.ts,4851,"<tr class=""border-b border-outline-variant/30""><td>€150,000</td><td>€791</td><td>€87,300</td><td>€237,300</td></tr>"
src/data/articles.ts,4852,"<tr class=""border-b border-outline-variant/30 bg-primary/5 font-bold""><td>€200,000</td><td>€1,055</td><td>€116,500</td><td>€316,500</td></tr>"
src/data/articles.ts,4853,"<tr class=""border-b border-outline-variant/30""><td>€250,000</td><td>€1,319</td><td>€145,700</td><td>€395,700</td></tr>"
src/data/articles.ts,4854,"<tr class=""border-b border-outline-variant/30""><td>€300,000</td><td>€1,582</td><td>€174,600</td><td>€474,600</td></tr>"
src/data/articles.ts,4859,"<p>For buyers considering a larger property or those in higher-cost cities who need a <strong>€300,000 euro mortgage</strong>, the monthly jump is approximately €527. You can dive deeper into that specific loan amount in our <a href=""/blog/300k-euro-mortgage"">€300,000 euro mortgage</a> guide.</p>"
src/data/articles.ts,4862,"<h3>What is the monthly payment on a €200,000 mortgage?</h3>"
src/data/articles.ts,4863,"<p>At a 4.0% interest rate over 25 years, the monthly principal and interest payment is €1,055. This number will vary depending on your specific loan term and interest rate; for example, at 3.0%, the payment drops to €949, while at 5.0%, it rises to €1,169.</p>"
src/data/articles.ts,4865,"<h3>What income do I need for a €200,000 mortgage in Belgium?</h3>"
src/data/articles.ts,4866,"<p>To qualify for a <strong>200k euro mortgage</strong> in Belgium, you typically need a net monthly household income of at least €3,200 (assuming a 33% DTI ratio). This ensures you can comfortably cover the €1,055 repayment along with other living expenses.</p>"
src/data/articles.ts,4869,"<p>European rates are currently stabilised but vary by country. Belgium and France offer some of the most competitive fixed rates (3.2–4.3%), while Ireland and the Netherlands tend to be slightly higher (3.8–5.0%). Always compare multiple lenders to find the best deal for your profile.</p>"
src/data/articles.ts,4875,"<p>Upfront costs, or ""purchasing costs,"" vary significantly. In the Netherlands and Ireland, they are low (2–4%), but in Belgium and Germany, they can reach 10–15% due to high registration taxes and notary fees. These costs must be paid in cash alongside your down payment.</p>"
src/data/articles.ts,4878,"<p>Understanding <a href=""/blog/mortgage-payment-guide"">how mortgage payments are calculated</a> is the key to a stress-free home purchase. Whether you are buying in Brussels, Paris, or Berlin, the math of a €200,000 loan is the anchor for your financial planning. Ready to see your own specific monthly breakdown?</p>"
src/data/articles.ts,4883,"<h2 class=""text-4xl font-bold mb-4"">Calculate Your €200,000 Mortgage Payment</h2>"
src/data/articles.ts,4884,"<p class=""mb-10 opacity-90 max-w-2xl mx-auto text-xl italic"">Switch the calculator to EUR using the currency toggle, enter €200,000 as the loan amount, and see your full monthly breakdown instantly. TryFinCalc is one of the only English-language mortgage calculators that fully supports EUR for European buyers.</p>"
src/data/articles.ts,4902,"seoDescription: ""Calculate your borrowing power with our 2026 mortgage affordability tool. Learn the 28/36 rule and what salary you need for a $400k loan."","
src/data/articles.ts,4910,"""name"": ""How much can I borrow with $5,000 monthly income?"","
src/data/articles.ts,4913,"""text"": ""With a $5,000 monthly income, the 28% front-end rule allows for a $1,400 monthly housing payment. Depending on interest rates and other debts, this typically supports a loan amount between $200,000 and $230,000."""
src/data/articles.ts,4921,"""text"": ""For a $400,000 mortgage at 6.5% interest, you'll need a gross annual income of approximately $108,000 to keep your housing payment within the recommended 28% threshold, assuming no other significant debts."""
src/data/articles.ts,4926,"""name"": ""Can I get a $400k mortgage on a $70k salary?"","
src/data/articles.ts,4929,"""text"": ""On a $70,000 salary, a $400,000 mortgage is generally considered 'house poor' or may not qualify. At 6.5% interest, the principal and interest alone would consume 43% of your gross income, well above the 28% standard."""
src/data/articles.ts,4941,"<li><strong>Front-End Ratio (28%):</strong> Your total monthly housing cost (Principal, Interest, Taxes, and Insurance) should not exceed 28% of your gross monthly income.</li>"
src/data/articles.ts,4942,<li><strong>Back-End Ratio (36%):</strong> Your total monthly debt payments (Mortgage + Auto loans + Student loans + Credit cards) should not exceed 36% of your gross monthly income.</li>
src/data/articles.ts,4944,"<p>Lenders typically qualify you based on the <em>lower</em> of these two numbers. If you have significant student debt, your ""how much can I borrow"" result might be restricted by the 36% rule even if your income is high.</p>"
src/data/articles.ts,4947,"<p>Wondering <strong>what salary do I need for a 400k mortgage</strong>? The following table assumes a 6.5% interest rate, a 30-year term, and approximately $250/mo for taxes and insurance. These figures represent the 28% front-end threshold.</p>"
src/data/articles.ts,4958,"<tr class=""border-b border-outline-variant/30""><td>$100,000</td><td>$882</td><td>$38,000</td></tr>"
src/data/articles.ts,4959,"<tr class=""border-b border-outline-variant/30""><td>$200,000</td><td>$1,514</td><td>$65,000</td></tr>"
src/data/articles.ts,4960,"<tr class=""border-b border-outline-variant/30""><td>$300,000</td><td>$2,146</td><td>$92,000</td></tr>"
src/data/articles.ts,4961,"<tr class=""border-b border-outline-variant/30 font-bold text-primary""><td>$400,000</td><td>$2,778</td><td>$119,000</td></tr>"
src/data/articles.ts,4962,"<tr class=""border-b border-outline-variant/30""><td>$500,000</td><td>$3,410</td><td>$146,000</td></tr>"
src/data/articles.ts,4966,"<p>Note: These are estimates. Use our <a href=""/mortgage-calculator"">mortgage calculator</a> to refine these numbers with your specific interest rate and local tax data. If you are looking for specific breakdowns, see our guide on the <a href=""/blog/400k-mortgage-monthly-payment"">$400k mortgage monthly payment</a>.</p>"
src/data/articles.ts,4971,"<li><strong>Gross Income:</strong> Your income before taxes. <strong>How much can I borrow with $5,000 monthly income</strong>? On paper, this supports a $1,400 housing payment.</li>"
src/data/articles.ts,4976,<h2>Can I get a $400k mortgage on a $70k salary?</h2>
src/data/articles.ts,4977,"<p>The short answer is: <strong>Unlikely in 2026.</strong> At a 6.5% interest rate, a $400k loan would cost roughly $2,528 in principal and interest alone. On a <a href=""/calculator/how-much-house-can-i-afford-70k-salary"">$70k salary</a> ($5,833/mo), that is a 43% front-end ratio—well above the 28% limit. To qualify for 400k, you would typically need a larger down payment or a salary closer to $110,000. See what is realistically affordable <a href=""/calculator/how-much-house-can-i-afford-90k-salary"">on a $90,000 salary</a>, or read about <a href=""/blog/28-36-rule-explained"">how the 28/36 rule works in detail</a>.</p>"
src/pages/index.tsx,68,"label: ""What's the monthly payment on a $400,000 mortgage?"","
src/pages/index.tsx,72,"label: ""How much house can I afford on an $80,000 salary?"","
src/pages/index.tsx,92,"label: ""What's the monthly payment on a $250,000 mortgage?"","
src/pages/index.tsx,96,"label: ""How much house can I afford on a $60,000 salary?"","
src/pages/index.tsx,152,Example: $400k at 6.5% for 30 years
src/pages/index.tsx,157,"$2,528{"" ""}"
src/pages/index.tsx,166,"$510,080"
src/pages/index.tsx,172,"$138k{"" ""}"
src/pages/index.tsx,252,"number to optimize. A 30-year mortgage at 6.5% on a $400,000 home"
src/pages/index.tsx,253,"costs $510,080 in interest alone — more than the home itself."
src/pages/index.tsx,269,The 28% rule: what lenders actually check
src/pages/index.tsx,273,qualify. The standard is 28%: your monthly housing payment
src/pages/index.tsx,274,shouldn&apos;t exceed 28% of your gross monthly income. On an
src/pages/index.tsx,275,"$80,000 salary, that&apos;s $1,867/month max for housing. But"
src/pages/index.tsx,278,lower than the 28% rule suggests.
src/pages/index.tsx,294,"erase those savings up front. If refinancing costs $6,000 and saves"
src/pages/index.tsx,295,"$200/month, you need 30 months just to break even. Move before then"
src/pages/amortization-schedule.tsx,18,"const [loanAmount, setLoanAmount] = useState(250000);"
src/pages/amortization-schedule.tsx,19,"const [interestRate, setInterestRate] = useState(3.75);"
src/pages/amortization-schedule.tsx,20,"const [loanTerm, setLoanTerm] = useState(20);"
src/pages/affordability-calculator.tsx,18,"const [monthlyIncome, setMonthlyIncome] = useState(7500);"
src/pages/affordability-calculator.tsx,19,"const [monthlyDebts, setMonthlyDebts] = useState(0);"
src/pages/affordability-calculator.tsx,20,"const [downPayment, setDownPayment] = useState(50000);"
src/pages/affordability-calculator.tsx,21,"const [interestRate, setInterestRate] = useState(3.75);"
src/pages/affordability-calculator.tsx,22,"const [loanTerm, setLoanTerm] = useState(25);"
src/pages/affordability-calculator.tsx,213,"<p>See specific scenarios: <Link href=""/calculator/how-much-house-can-i-afford-80k-salary"" className=""text-primary underline"">$80k salary affordability</Link> · <Link href=""/calculator/how-much-house-can-i-afford-70k-salary"" className=""text-primary underline"">$70k salary affordability</Link></p>"
src/pages/affordability-calculator.tsx,230,"{ label: ""Monthly Income"", value: currency === 'EUR' ? ""€3,500"" : ""$3,500"" },"
src/pages/affordability-calculator.tsx,231,"{ label: ""Existing Debts"", value: currency === 'EUR' ? ""€200"" : ""$200"" },"
src/pages/affordability-calculator.tsx,232,"{ label: ""Estimated Budget"", value: currency === 'EUR' ? ""€950"" : ""$950"" },"
src/pages/affordability-calculator.tsx,233,"{ label: ""Approx. Loan"", value: currency === 'EUR' ? ""€195,000"" : ""$195,000"" }"
src/pages/affordability-calculator.tsx,240,"{ label: ""Combined Gross Income"", value: ""$120,000/yr"" },"
src/pages/affordability-calculator.tsx,241,"{ label: ""Monthly Gross Income"", value: ""$10,000"" },"
src/pages/affordability-calculator.tsx,242,"{ label: ""28% Housing Budget"", value: ""$2,800/mo"" },"
src/pages/affordability-calculator.tsx,243,"{ label: ""Estimated Max Loan"", value: ""~$417,000 at 6.8%"" },"
src/pages/affordability-calculator.tsx,244,"{ label: ""Recommended Home Price"", value: ""~$463,000 (10% down)"" }"
src/pages/affordability-calculator.tsx,246,"description: ""Combined household income of $120,000/yr"""
src/pages/total-interest-calculator.tsx,17,"const [principal, setPrincipal] = useState(50000);"
src/pages/total-interest-calculator.tsx,18,"const [rate, setRate] = useState(5.0);"
src/pages/total-interest-calculator.tsx,19,"const [years, setYears] = useState(10);"
src/pages/total-interest-calculator.tsx,132,"title: ""The $300,000 Mortgage Lesson"","
src/pages/total-interest-calculator.tsx,134,"{ label: ""Interest Rate"", value: ""7.0%"" },"
src/pages/total-interest-calculator.tsx,135,"{ label: ""30 Year Total Interest"", value: currency === 'USD' ? ""$418,527"" : ""€418,527"" },"
src/pages/total-interest-calculator.tsx,136,"{ label: ""15 Year Total Interest"", value: currency === 'USD' ? ""$185,426"" : ""€185,426"" },"
src/pages/total-interest-calculator.tsx,137,"{ label: ""Total Savings"", value: currency === 'USD' ? ""$233,101"" : ""€233,101"" }"
src/pages/total-interest-calculator.tsx,144,"{ label: ""Loan Amount"", value: currency === 'USD' ? ""$35,000"" : ""€35,000"" },"
src/pages/total-interest-calculator.tsx,145,"{ label: ""Interest Rate"", value: ""8.0%"" },"
src/pages/total-interest-calculator.tsx,146,"{ label: ""60 Month Interest"", value: currency === 'USD' ? ""$7,575"" : ""€7,575"" },"
src/pages/total-interest-calculator.tsx,147,"{ label: ""72 Month Interest"", value: currency === 'USD' ? ""$9,228"" : ""€9,228"" }"
src/pages/monthly-payment-calculator.tsx,17,"const [amount, setAmount] = useState(250000);"
src/pages/monthly-payment-calculator.tsx,18,"const [rate, setRate] = useState(3.75);"
src/pages/monthly-payment-calculator.tsx,19,"const [years, setYears] = useState(25);"
src/pages/monthly-payment-calculator.tsx,149,"{ label: ""Loan Amount"", value: currency === 'USD' ? ""$300,000"" : ""€300,000"" },"
src/pages/monthly-payment-calculator.tsx,150,"{ label: ""Interest Rate"", value: ""5.5%"" },"
src/pages/monthly-payment-calculator.tsx,152,"{ label: ""Monthly P&I"", value: currency === 'USD' ? ""$1,703"" : ""€1,703"" }"
src/pages/monthly-payment-calculator.tsx,159,"{ label: ""Loan Amount"", value: currency === 'USD' ? ""$35,000"" : ""€35,000"" },"
src/pages/monthly-payment-calculator.tsx,160,"{ label: ""Interest Rate"", value: ""6.0%"" },"
src/pages/monthly-payment-calculator.tsx,162,"{ label: ""Monthly Payment"", value: currency === 'USD' ? ""$677"" : ""€677"" }"
src/pages/monthly-payment-calculator.tsx,168,"""Try to keep your total housing payment under 28% of your gross income."","
src/pages/monthly-payment-calculator.tsx,170,"""Factor in PMI or mortgage insurance if your down payment is less than 20%."","
src/pages/privacy-policy.tsx,274,"No internet service can guarantee 100% security. If you have a security concern,"
src/pages/refinancing-calculator.tsx,19,"const [balance, setBalance] = useState(250000);"
src/pages/refinancing-calculator.tsx,20,"const [currentRate, setCurrentRate] = useState(4.5);"
src/pages/refinancing-calculator.tsx,21,"const [yearsRemaining, setYearsRemaining] = useState(20);"
src/pages/refinancing-calculator.tsx,22,"const [newRate, setNewRate] = useState(3.2);"
src/pages/refinancing-calculator.tsx,23,"const [newTerm, setNewTerm] = useState(20);"
src/pages/refinancing-calculator.tsx,24,"const [fees, setFees] = useState(5500);"
src/pages/refinancing-calculator.tsx,220,"<p>See specific scenarios: <Link href=""/calculator/400k-mortgage-monthly-payment-4-percent"" className=""text-primary underline"">$400k mortgage at 4%</Link> · <Link href=""/calculator/income-required-for-400k-house"" className=""text-primary underline"">Income required for $400k house</Link></p>"
src/pages/refinancing-calculator.tsx,228,"<li><strong>Closing Costs:</strong> You will typically pay between 2% and 5% of the loan amount in closing costs, which affects your break-even period.</li>"
src/pages/refinancing-calculator.tsx,237,"{ label: ""Current Payment"", value: currency === 'USD' ? ""$2,150"" : ""€2,150"" },"
src/pages/refinancing-calculator.tsx,238,"{ label: ""New Rate"", value: ""5.5%"" },"
src/pages/refinancing-calculator.tsx,239,"{ label: ""Monthly Savings"", value: currency === 'USD' ? ""$285"" : ""€285"" },"
src/pages/refinancing-calculator.tsx,247,"{ label: ""Remaining Balance"", value: currency === 'USD' ? ""$280,000"" : ""€280,000"" },"
src/pages/refinancing-calculator.tsx,248,"{ label: ""Current Rate (30yr)"", value: ""7.0%"" },"
src/pages/refinancing-calculator.tsx,249,"{ label: ""New Rate (15yr)"", value: ""6.2%"" },"
src/pages/refinancing-calculator.tsx,250,"{ label: ""Monthly Payment Increase"", value: ""+$412"" },"
src/pages/refinancing-calculator.tsx,251,"{ label: ""Total Interest Saved"", value: ""$143,600"" },"
src/pages/refinancing-calculator.tsx,270,"answer: ""It is often more challenging but possible. Most lenders require at least 5-10% equity, though specific government-backed programs may allow for lower thresholds."""
src/pages/loan-calculator.tsx,19,"const [loanAmount, setLoanAmount] = useState(15000);"
src/pages/loan-calculator.tsx,20,"const [interestRate, setInterestRate] = useState(6.5);"
src/pages/loan-calculator.tsx,21,"const [loanTerm, setLoanTerm] = useState(5);"
src/pages/loan-calculator.tsx,189,"<p>See specific scenarios: <Link href=""/calculator/25k-personal-loan-repayment-8-percent"" className=""text-primary underline"">$25k loan at 8%</Link> · <Link href=""/calculator/30k-loan-monthly-payment-9-percent"" className=""text-primary underline"">$30k loan at 9%</Link></p>"
src/pages/loan-calculator.tsx,206,"{ label: ""Loan Amount"", value: currency === 'USD' ? ""$10,000"" : ""€10,000"" },"
src/pages/loan-calculator.tsx,207,"{ label: ""Interest Rate"", value: ""8.0%"" },"
src/pages/loan-calculator.tsx,209,"{ label: ""Monthly Payment"", value: currency === 'USD' ? ""$313.36"" : ""€313.36"" }"
src/pages/loan-calculator.tsx,216,"{ label: ""Loan Amount"", value: currency === 'EUR' ? ""€5,000"" : ""$5,000"" },"
src/pages/loan-calculator.tsx,217,"{ label: ""APR"", value: ""9.9%"" },"
src/pages/loan-calculator.tsx,219,"{ label: ""Monthly Payment"", value: currency === 'EUR' ? ""€230.54"" : ""$230.54"" }"
src/pages/loan-calculator.tsx,227,"""Keep your total monthly debt-to-income ratio under 36% for financial health."","
src/pages/loan-calculator.tsx,233,"answer: ""A 'good' rate depends on the current market and your credit profile. Top-tier applicants often see rates below 10%, while others may see rates ranging from 15% to 25% or more."""
src/pages/mortgage-calculator.tsx,97,"<p>See specific scenarios: <Link href=""/calculator/400k-mortgage-monthly-payment-4-percent"" className=""text-primary underline"">$400k mortgage at 4%</Link> · <Link href=""/calculator/300k-mortgage-monthly-payment-6-percent"" className=""text-primary underline"">$300k mortgage at 6%</Link></p>"
src/pages/mortgage-calculator.tsx,104,<li><strong>Loan-to-Value (LTV):</strong> Most financial institutions require a 10% to 20% down payment to secure the best possible interest rates.</li>
src/pages/mortgage-calculator.tsx,114,"{ label: ""Home Price"", value: currency === 'USD' ? ""$500,000"" : ""€500,000"" },"
src/pages/mortgage-calculator.tsx,115,"{ label: ""Down Payment (20%)"", value: currency === 'USD' ? ""$100,000"" : ""€100,000"" },"
src/pages/mortgage-calculator.tsx,116,"{ label: ""Interest Rate"", value: ""6.5%"" },"
src/pages/mortgage-calculator.tsx,117,"{ label: ""PITI Payment"", value: currency === 'USD' ? ""$3,850"" : ""€3,850"" }"
src/pages/mortgage-calculator.tsx,124,"{ label: ""Home Price"", value: currency === 'USD' ? ""$250,000"" : ""€250,000"" },"
src/pages/mortgage-calculator.tsx,125,"{ label: ""Down Payment (10%)"", value: currency === 'USD' ? ""$25,000"" : ""€25,000"" },"
src/pages/mortgage-calculator.tsx,126,"{ label: ""Interest Rate"", value: ""7.0%"" },"
src/pages/mortgage-calculator.tsx,127,"{ label: ""PITI Payment"", value: currency === 'USD' ? ""$1,700"" : ""€1,700"" }"
src/pages/mortgage-calculator.tsx,141,"answer: ""While 20% is the gold standard to avoid mortgage insurance, many programs allow as little as 3-10%. However, a larger contribution always lowers your monthly obligation."""
src/pages/faq.tsx,32,"""Your monthly payment is calculated using the amortization formula, which spreads principal and interest evenly over the loan term. The formula is M = P[r(1+r)^n]/[(1+r)^n−1], where P is the loan amount, r is the monthly interest rate (annual rate ÷ 12), and n is the total number of payments. For example, a $300,000 loan at 6% for 30 years produces a monthly payment of $1,799. Use our mortgage calculator to model your own numbers in seconds."","
src/pages/faq.tsx,35,"Your monthly payment uses the amortization formula: M = P[r(1+r)^n]/[(1+r)^n−1], where P is the loan amount, r is the monthly interest rate (annual rate ÷ 12), and n is the total number of payments. This spreads principal and interest evenly across every payment. For example, a $300,000 loan at 6% for 30 years gives a monthly payment of $1,799.{"" ""}"
src/pages/faq.tsx,43,"""PITI stands for Principal, Interest, Taxes, and Insurance — the four components of a full monthly mortgage payment. Principal reduces your loan balance. Interest is the cost of borrowing. Property taxes are collected monthly and held in escrow. Homeowner's insurance protects the property. PITI is typically 15–30% higher than the P&I payment alone because taxes and insurance can add hundreds of dollars per month. Always budget for PITI — not just P&I — when evaluating a home purchase."","
src/pages/faq.tsx,46,"PITI stands for Principal, Interest, Taxes, and Insurance — all four components of a real monthly payment. Principal reduces your balance. Interest is the borrowing cost. Taxes and insurance are collected monthly into escrow. PITI is typically 15–30% higher than P&I alone, often adding several hundred dollars per month.{"" ""}"
src/pages/faq.tsx,52,"question: ""What is the 28% rule for mortgages?"","
src/pages/faq.tsx,54,"""The 28% rule states that your total housing payment (PITI) should not exceed 28% of your gross monthly income. On an $80,000 annual salary — $6,667/month gross — the maximum housing budget is about $1,867/month. Lenders also apply the 36% back-end rule, which limits all debt payments (housing plus car loans, student loans, and credit cards) to 36% of gross income. Exceeding either threshold signals risk to lenders and may affect your approval or rate."","
src/pages/faq.tsx,57,"Your total housing payment (PITI) should stay at or below 28% of gross monthly income. On an $80,000 salary ($6,667/month), that is a maximum of $1,867/month. Lenders also check the 36% back-end rule — all debts combined should not exceed 36% of gross income.{"" ""}"
src/pages/faq.tsx,63,"question: ""How much does a 1% rate difference cost on a $400,000 mortgage?"","
src/pages/faq.tsx,65,"""On a $400,000 30-year mortgage, a 1% rate increase from 6% to 7% raises your monthly payment from $2,398 to $2,661 — a difference of $263 per month. Over the full 30-year term, that adds up to $94,680 in additional interest. Even a 0.25% difference represents tens of thousands of dollars over the life of the loan. Shopping multiple lenders and improving your credit score before applying are two of the highest-return actions a buyer can take."","
src/pages/faq.tsx,68,"Moving from 6% to 7% on a $400,000 30-year mortgage raises your payment from $2,398 to $2,661 — $263/month more. Over 30 years, that is $94,680 in extra interest. Even 0.25% of rate difference compounds into thousands.{"" ""}"
src/pages/faq.tsx,76,"""Private Mortgage Insurance (PMI) protects the lender — not you — if you default. It is required on conventional loans when your down payment is under 20% of the purchase price. PMI typically costs 0.5–1.5% of the loan amount per year, adding $100–$250 per month on a $300,000 loan. Under the Homeowners Protection Act, lenders must automatically cancel PMI when your loan-to-value ratio reaches 78%. You can also request cancellation once you reach 80% LTV through payments or appreciation."","
src/pages/faq.tsx,79,"PMI protects the lender and is required on conventional loans with under 20% down. It typically costs 0.5–1.5% of the loan annually — $100–$250/month on a $300,000 loan. Under federal law, lenders must cancel PMI automatically at 78% LTV; you can also request cancellation at 80%.{"" ""}"
src/pages/faq.tsx,87,"""On a $300,000 loan at 6% interest, a 30-year mortgage costs $1,799/month and a 15-year costs $2,532/month — $733 more per month. However, the 15-year term saves approximately $191,880 in total interest. The 30-year provides more monthly cash flow flexibility; the 15-year builds equity faster and delivers substantial long-term savings. Many homeowners choose the 30-year loan for the lower required payment and optionally make extra principal payments when cash flow allows."","
src/pages/faq.tsx,90,"On a $300,000 loan at 6%: 30-year = $1,799/month, 15-year = $2,532/month ($733 more). But the 15-year saves roughly $191,880 in total interest over the loan lifetime.{"" ""}"
src/pages/faq.tsx,101,"""Total interest equals (monthly payment × number of payments) minus the original principal. For a $10,000 loan at 10% interest over 3 years, the monthly payment is $323, totalling $11,616 across 36 payments. Subtract the $10,000 principal and you paid $1,616 in interest. This formula works for any installment loan. Knowing total interest helps you compare offers accurately — a longer term with lower payments often costs significantly more in total than a shorter, higher-payment option."","
src/pages/faq.tsx,104,"Total interest = (monthly payment × number of payments) − original principal. On a $10,000 loan at 10% for 3 years: $323 × 36 = $11,616, minus $10,000 = <strong>$1,616 in interest</strong>. A longer term with lower payments usually costs more in total.{"" ""}"
src/pages/faq.tsx,115,"Interest rate covers the borrowing cost only. APR adds fees — origination charges, discount points, insurance — into a single annual figure. Always compare APR across offers, not just rate. Two loans at 6.5% can have APRs of 6.8% and 7.2% depending on fees.{"" ""}"
src/pages/faq.tsx,123,"""A shorter loan term means higher monthly payments but significantly less total interest paid. On a $25,000 personal loan at 8% interest, a 3-year term costs $3,188 in total interest (payment: $783/month). Extending to 5 years lowers the monthly payment to $507 but costs $5,420 in total interest — $2,232 more for the same loan amount. Choosing the shortest term you can comfortably afford almost always produces the best financial outcome over time."","
src/pages/faq.tsx,126,"On a $25,000 loan at 8%: 3 years = $3,188 total interest ($783/month); 5 years = $5,420 total interest ($507/month). You pay $2,232 more for the same loan just by extending the term two years.{"" ""}"
src/pages/faq.tsx,134,"""A common guideline is to keep total non-mortgage debt payments — including any new personal loan — at or below 15% of your monthly take-home pay. If you bring home $4,000/month, your total non-mortgage loan payments should not exceed $600. This preserves room for housing costs, savings, and emergencies. Personal finance experts typically recommend keeping debt payments as low as possible; the 15% ceiling is a maximum, not a target. Paying off existing debt before taking a new loan gives you more room."","
src/pages/faq.tsx,137,"A practical guideline: keep total non-mortgage debt payments at or below 15% of monthly take-home pay. On $4,000/month take-home, that is $600 maximum across all loans. Lower is always better.{"" ""}"
src/pages/faq.tsx,145,"""Always compare APR, not just the stated interest rate. APR incorporates origination fees, discount points, and other costs into a single annual figure, making different loan structures directly comparable. Also check for prepayment penalties (fees for paying off early), whether the rate is fixed or variable, and whether fees are rolled into the loan balance. A loan with a 6% rate and a 3% origination fee can cost more in total than a 6.5% loan with no origination fee, especially on shorter time horizons."","
src/pages/faq.tsx,157,"question: ""How much house can I afford on a $70,000 salary?"","
src/pages/faq.tsx,159,"""Using the 28% front-end DTI rule, a $70,000 salary ($5,833/month gross) supports a maximum PITI of about $1,633/month. At a 6.8% interest rate for 30 years, that translates to a loan of approximately $193,000. With a 10% down payment, the maximum home price is around $214,000. Actual affordability depends on local property taxes, insurance, HOA fees, existing debt, and the lender's requirements. A larger down payment and lower existing debt can increase this budget significantly."","
src/pages/faq.tsx,162,"At $70k salary, the 28% rule supports ~$1,633/month in total housing costs. At 6.8% for 30 years, that supports roughly a $193k loan — about a $214k home with 10% down. Taxes, insurance, and existing debts all reduce this.{"" ""}"
src/pages/faq.tsx,163,"<A href=""/calculator/how-much-house-can-i-afford-70k-salary"">See our detailed $70k salary affordability guide</A> for a full scenario breakdown."
src/pages/faq.tsx,170,"""Conventional mortgages typically require a minimum credit score of 620. FHA loans accept scores as low as 580 with a 3.5% down payment, or 500 with 10% down. VA and USDA loans have no official minimum but most lenders require at least 620. Scores above 740 unlock the best available interest rates. Moving from 680 to 740 can reduce your mortgage rate by 0.25–0.5%, potentially saving tens of thousands of dollars over a 30-year loan lifetime."","
src/pages/faq.tsx,173,"Conventional loans require 620+. FHA accepts 580+ with 3.5% down. VA and USDA have no official minimum but lenders typically require 620. Scores above 740 unlock the best rates — each 20-point improvement below 740 can add meaningful interest cost.{"" ""}"
src/pages/faq.tsx,181,"""Down payment requirements vary by loan type. Conventional loans allow as little as 3–5% down. FHA loans require 3.5% with a 580+ credit score or 10% with a 500–579 score. VA loans (for veterans and active-duty service members) and USDA loans (for eligible rural properties) allow 0% down. Any conventional loan with under 20% down requires PMI until you reach 20% equity. A larger down payment reduces your monthly payment, eliminates PMI sooner, and typically earns a better interest rate."","
src/pages/faq.tsx,184,"Conventional: 3–5%. FHA: 3.5% (580+ score). VA and USDA: 0% for eligible buyers. Under 20% down on a conventional loan means PMI until you reach 20% equity.{"" ""}"
src/pages/faq.tsx,192,"""The decision depends on your break-even horizon — how long before owning becomes cheaper than renting after accounting for transaction costs. Closing costs and agent fees typically represent 8–10% of the home's value, so buyers need several years to recoup them through equity gains. If you plan to stay fewer than 3–5 years, renting usually wins. Beyond 5 years, buying typically builds more wealth through equity and appreciation. Your local price-to-rent ratio and whether rent or ownership costs more monthly are the key inputs."","
src/pages/faq.tsx,203,"""DTI (Debt-to-Income) ratio is your total monthly debt payments divided by gross monthly income. Front-end DTI covers housing costs only — lenders target below 28%. Back-end DTI covers all debts including car loans, student loans, and credit cards — target below 36%. Most conventional lenders will not approve a mortgage with a back-end DTI above 43%. FHA loans can sometimes allow up to 50% with compensating factors such as large reserves or a high credit score. Paying down existing debt before applying is one of the most effective ways to improve your approval odds."","
src/pages/faq.tsx,206,"Front-end DTI = housing costs ÷ gross income (target: below 28%). Back-end DTI = all debts ÷ gross income (target: below 36%). Most lenders reject applications above 43% back-end DTI.{"" ""}"
src/pages/faq.tsx,217,"""Refinancing makes sense when your break-even point falls before you plan to move. The break-even calculation is: closing costs ÷ monthly savings = break-even months. If closing costs are $6,000 and you save $200/month, you break even in 30 months. If you sell or move before 30 months, the refinance was a net loss. Strong candidates are homeowners who can lower their rate by at least 0.5–1%, have improved their credit score significantly, or want to remove PMI or a co-borrower from the loan."","
src/pages/faq.tsx,220,"Refinancing wins when you stay in the home past the break-even point: closing costs ÷ monthly savings = break-even months. At $6,000 costs and $200/month savings, that is 30 months. Move sooner, you lose money.{"" ""}"
src/pages/faq.tsx,228,"""Refinancing closing costs typically run 2–5% of the loan amount. On a $300,000 mortgage, expect $6,000–$15,000 in total costs, including lender origination fees (0.5–1%), a new appraisal ($300–$700), title insurance, and prepaid interest. Some lenders offer no-closing-cost refinances that roll fees into the interest rate or loan balance — this can be worthwhile if you plan to sell within a few years. Always calculate the break-even point before committing, regardless of how the fees are structured."","
src/pages/faq.tsx,231,"Expect 2–5% of the loan amount in closing costs — $6,000–$15,000 on a $300k mortgage. No-closing-cost options roll fees into the rate or balance, which can work if you plan to move soon.{"" ""}"
src/pages/faq.tsx,239,"""Break-even months = total closing costs ÷ monthly payment savings. Example: $8,000 in closing costs divided by $250/month in savings equals 32 months. If you stay in the home beyond 32 months after closing, you profit from the refinance. If you sell, refinance again, or move before 32 months, you take a net loss. The break-even analysis does not account for the time-value of money or opportunity cost, but it is the standard practical starting point for evaluating any refinance."","
src/pages/faq.tsx,242,"Break-even months = closing costs ÷ monthly savings. At $8,000 in costs and $250/month savings: 32 months. Stay beyond that and refinancing wins; leave before it and you take a net loss.{"" ""}"
src/pages/faq.tsx,250,"""Yes — refinancing from a 30-year to a 15-year mortgage is a common strategy for homeowners who want to build equity faster and reduce total interest. On a $300,000 remaining balance at 6%, switching to a 15-year term saves roughly $190,000 in interest over the remaining loan life, at the cost of higher monthly payments. This strategy works best when your income has grown significantly since the original loan, or when you are already years into a 30-year mortgage and want to accelerate payoff without restarting the clock."","
src/pages/faq.tsx,253,"Yes. On a $300k remaining balance at 6%, switching from 30 to 15 years saves roughly $190,000 in interest, though monthly payments rise substantially.{"" ""}"
src/pages/rent-vs-buy.tsx,19,"const [rent, setRent] = useState(1200);"
src/pages/rent-vs-buy.tsx,20,"const [rentIncrease, setRentIncrease] = useState(3.0);"
src/pages/rent-vs-buy.tsx,21,"const [homePrice, setHomePrice] = useState(350000);"
src/pages/rent-vs-buy.tsx,22,"const [downPercent, setDownPercent] = useState(20);"
src/pages/rent-vs-buy.tsx,23,"const [interestRate, setInterestRate] = useState(3.5);"
src/pages/rent-vs-buy.tsx,24,"const [years, setYears] = useState(10);"
src/pages/rent-vs-buy.tsx,25,"const [closingCosts, setClosingCosts] = useState(3.0);"
src/pages/rent-vs-buy.tsx,69,"const validationError = validateLoan(homePrice, interestRate, years) || (![rent, rentIncrease, homePrice, downPercent, interestRate, years, closingCosts].every(value => Number.isFinite(value) && value >= 0 && value <= 1e12) ? 'Enter a non-negative number up to 1 trillion in every field.' : '') || (downPercent > 100 || closingCosts > 100 || rentIncrease > 100 ? 'Percentages must not exceed 100%.' : '');"
src/pages/rent-vs-buy.tsx,157,"<p className=""text-xs text-on-surface-variant italic"">How long will you live in this property? Assumptions: 25-year mortgage, 2% annual appreciation, 1% annual tax/insurance, 1% maintenance, and 3,000 additional upfront costs in the selected currency. Excludes selling costs and the opportunity cost of your deposit.</p>"
src/pages/rent-vs-buy.tsx,222,"<p>See specific scenarios: <Link href=""/calculator/how-much-house-can-i-afford-80k-salary"" className=""text-primary underline"">$80k salary affordability</Link> · <Link href=""/calculator/income-required-for-300k-house"" className=""text-primary underline"">Income required for $300k house</Link></p>"
src/pages/rent-vs-buy.tsx,229,<li><strong>Closing Costs:</strong> Usually range from 2% to 6% of the purchase price and are paid at the beginning of the transaction.</li>
src/pages/rent-vs-buy.tsx,239,"{ label: ""Home Price"", value: currency === 'USD' ? ""$350,000"" : ""€350,000"" },"
src/pages/rent-vs-buy.tsx,240,"{ label: ""Down Payment"", value: ""10%"" },"
src/pages/rent-vs-buy.tsx,241,"{ label: ""Rent"", value: currency === 'USD' ? ""$1,350/mo"" : ""€1,350/mo"" },"
src/pages/rent-vs-buy.tsx,251,"{ label: ""Home Price"", value: currency === 'USD' ? ""$450,000"" : ""€450,000"" },"
src/pages/rent-vs-buy.tsx,252,"{ label: ""Down Payment"", value: ""20%"" },"
src/pages/rent-vs-buy.tsx,253,"{ label: ""Rent"", value: currency === 'USD' ? ""$1,600/mo"" : ""€1,600/mo"" },"
src/pages/rent-vs-buy.tsx,263,"""Factor in annual maintenance costs (typically 1% of home value)."","
src/pages/blog/index.tsx,21,"const [visibleCount, setVisibleCount] = useState(6);"
src/pages/blog/[slug].tsx,160,"title=""Calculate Your $400k Mortgage"""
src/pages/blog/[slug].tsx,161,"description=""Adjust the variables below to see how your specific terms (rate, insurance, taxes) affect your $400,000 loan."""
