url,source,status,location,robots,canonical,hreflang,sitemap,title,description,h1_count,schema_types,invalid_json,og_image,twitter_image,rendering,initial_placeholder,internal_inlinks
/,src/pages/index.tsx,200,,"index, follow (default)",['https://tryfincalc.com'],[],True,Free Mortgage & Loan Calculators | TryFinCalc,"Calculate your exact monthly payment, total interest, and home affordability in seconds. Free calculators for the US and Europe. No sign-up required.",1,"['WebSite', 'SearchAction', 'Organization']",False,/og-image.jpg,/og-image.jpg,static HTML with client hydration,False,166
/about,src/pages/about.tsx,200,,"index, follow (default)",['https://tryfincalc.com/about'],[],True,About TryFinCalc and Youssef Aaouam,"Who builds TryFinCalc, how the calculators are tested, and how the independent site may be funded.",1,['Organization'],False,/og-image.jpg,/og-image.jpg,static HTML with client hydration,False,164
/affordability-calculator,src/pages/affordability-calculator.tsx,200,,"index, follow (default)",['https://tryfincalc.com/affordability-calculator'],[],True,Home Affordability Calculator: How Much House? | TryFinCalc,"Estimate a home price range and loan amount from your monthly income, debts, down payment, interest rate and loan term.",1,"['WebApplication', 'Offer', 'BreadcrumbList', 'ListItem', 'ListItem', 'Organization']",False,/og-image.jpg,/og-image.jpg,static HTML with client hydration,False,206
/amortization-schedule,src/pages/amortization-schedule.tsx,200,,"index, follow (default)",['https://tryfincalc.com/amortization-schedule'],[],True,Amortization Schedule 2026: Loan Payoff Details | TryFinCalc,"Generate a month-by-month amortization schedule showing principal, interest, and remaining balance for every payment.",1,"['WebApplication', 'Offer', 'BreadcrumbList', 'ListItem', 'ListItem', 'Organization']",False,/og-image.jpg,/og-image.jpg,static HTML with client hydration,False,192
/api/hello,public asset / redirect / discovered route,200,,"index, follow (default)",[],[],False,,,0,[],False,,,static HTML with client hydration,False,0
/blog,src/pages/blog/index.tsx,200,,"index, follow (default)",['https://tryfincalc.com/blog'],[],True,Mortgage Guides & Financial Market Insights 2026 | TryFinCalc,"Read guides to mortgage payments, loan costs, refinancing and home purchase budgeting.",1,['Organization'],False,/og-image.jpg,/og-image.jpg,static HTML with client hydration,False,164
/blog/100k-mortgage-monthly-payment,src/pages/blog/[slug].tsx,200,,"index, follow (default)",['https://tryfincalc.com/blog/100k-mortgage-monthly-payment'],[],True,100k Mortgage Monthly Payment: 2026 Cost Guide | TryFinCalc,"Calculate the monthly payment for a 100,000 mortgage in 2026. Review total interest over different terms.",1,"['Article', 'Organization', 'Organization', 'ImageObject', 'WebPage', 'BreadcrumbList', 'ListItem', 'ListItem', 'ListItem', 'Organization']",False,/og-image.jpg,/og-image.jpg,ISR (3600s),False,10
/blog/15-vs-30-year-mortgage,src/pages/blog/[slug].tsx,200,,"index, follow (default)",['https://tryfincalc.com/blog/15-vs-30-year-mortgage'],[],True,15-Year vs 30-Year Fixed-Rate Mortgage Comparison | TryFinCalc,"Compare 15-year and 30-year mortgage scenarios for a $350k loan, including payment, total interest, flexibility, and opportunity cost.",1,"['Article', 'Organization', 'Organization', 'ImageObject', 'WebPage', 'BreadcrumbList', 'ListItem', 'ListItem', 'ListItem', 'FAQPage', 'Question', 'Answer', 'Question', 'Answer', 'Question', 'Answer', 'Question', 'Answer', 'Question', 'Answer', 'Organization']",False,/og-image.jpg,/og-image.jpg,ISR (3600s),False,17
/blog/200k-euro-mortgage,src/pages/blog/[slug].tsx,200,,"index, follow (default)",['https://tryfincalc.com/blog/200k-euro-mortgage'],[],True,200k Euro Mortgage Monthly Payment Guide | TryFinCalc,"Calculate a 200,000 euro mortgage payment and compare editable interest-rate, term, and income-planning scenarios.",1,"['Article', 'Organization', 'Organization', 'ImageObject', 'WebPage', 'BreadcrumbList', 'ListItem', 'ListItem', 'ListItem', 'FAQPage', 'Question', 'Answer', 'Question', 'Answer', 'Question', 'Answer', 'Organization']",False,/og-image.jpg,/og-image.jpg,ISR (3600s),False,8
/blog/200k-mortgage-monthly-payment,src/pages/blog/[slug].tsx,200,,"index, follow (default)",['https://tryfincalc.com/blog/200k-mortgage-monthly-payment'],[],True,200k Mortgage Monthly Payment: 2026 Cost Guide | TryFinCalc,"Model a $200,000 mortgage payment across editable rates, terms, taxes, insurance, and planning-ratio assumptions.",1,"['Article', 'Organization', 'Organization', 'ImageObject', 'WebPage', 'BreadcrumbList', 'ListItem', 'ListItem', 'ListItem', 'Organization']",False,/og-image.jpg,/og-image.jpg,ISR (3600s),False,10
/blog/2026-homebuyers-playbook,src/pages/blog/[slug].tsx,200,,"index, follow (default)",['https://tryfincalc.com/blog/2026-homebuyers-playbook'],[],True,2026 Homebuyer's Playbook: Strategy & Guide | TryFinCalc,"Plan a home purchase with an affordability budget, written loan estimates, inspection questions, and closing documents.",1,"['Article', 'Organization', 'Organization', 'ImageObject', 'WebPage', 'BreadcrumbList', 'ListItem', 'ListItem', 'ListItem', 'FAQPage', 'Question', 'Answer', 'Question', 'Answer', 'Question', 'Answer', 'Question', 'Answer', 'Question', 'Answer', 'Organization']",False,/og-image.jpg,/og-image.jpg,ISR (3600s),False,73
/blog/2026-homebuyers-playbook-step-by-step,src/pages/blog/[slug].tsx,200,,"index, follow (default)",['https://tryfincalc.com/blog/2026-homebuyers-playbook-step-by-step'],[],True,2026 Homebuyer's Playbook: Step-by-Step Strategy | TryFinCalc,"Plan a 2026 home purchase with editable affordability assumptions, written loan terms, inspection questions, and closing steps.",1,"['Article', 'Organization', 'Organization', 'ImageObject', 'WebPage', 'BreadcrumbList', 'ListItem', 'ListItem', 'ListItem', 'FAQPage', 'Question', 'Answer', 'Question', 'Answer', 'Question', 'Answer', 'Question', 'Answer', 'Question', 'Answer', 'Organization']",False,/og-image.jpg,/og-image.jpg,ISR (3600s),False,5
/blog/28-36-rule-explained,src/pages/blog/[slug].tsx,200,,"index, follow (default)",['https://tryfincalc.com/blog/28-36-rule-explained'],[],True,28/36 Rule Explained: 2026 Mortgage Qualifier | TryFinCalc,"Understand the 28/36 planning rule, calculate both ratios, and compare the result with your budget and a lender's actual criteria.",1,"['Article', 'Organization', 'Organization', 'ImageObject', 'WebPage', 'BreadcrumbList', 'ListItem', 'ListItem', 'ListItem', 'FAQPage', 'Question', 'Answer', 'Question', 'Answer', 'Question', 'Answer', 'Question', 'Answer', 'Question', 'Answer', 'Organization']",False,/og-image.jpg,/og-image.jpg,ISR (3600s),False,31
/blog/300k-euro-mortgage,src/pages/blog/[slug].tsx,200,,"index, follow (default)",['https://tryfincalc.com/blog/300k-euro-mortgage'],[],True,300k Euro Mortgage Monthly Payment Guide | TryFinCalc,"Calculate the monthly payment for a 300,000 euro mortgage. Explore payment scenarios for European mortgages.",1,"['Article', 'Organization', 'Organization', 'ImageObject', 'WebPage', 'BreadcrumbList', 'ListItem', 'ListItem', 'ListItem', 'FAQPage', 'Question', 'Answer', 'Question', 'Answer', 'Question', 'Answer', 'Organization']",False,/og-image.jpg,/og-image.jpg,ISR (3600s),False,8
/blog/300k-mortgage-monthly-payment,src/pages/blog/[slug].tsx,200,,"index, follow (default)",['https://tryfincalc.com/blog/300k-mortgage-monthly-payment'],[],True,300k Mortgage Monthly Payment: 2026 Cost Guide | TryFinCalc,"Calculate the payments for a 300,000 mortgage across various terms. Review income requirements for a new home.",1,"['Article', 'Organization', 'Organization', 'ImageObject', 'WebPage', 'BreadcrumbList', 'ListItem', 'ListItem', 'ListItem', 'Organization']",False,/og-image.jpg,/og-image.jpg,ISR (3600s),False,5
/blog/400k-mortgage-monthly-payment,src/pages/blog/[slug].tsx,200,,"index, follow (default)",['https://tryfincalc.com/blog/400k-mortgage-monthly-payment'],[],True,400k Mortgage Monthly Payment: 2026 Cost Guide | TryFinCalc,"Calculate the payments for a 400,000 mortgage across various terms. Review income requirements for a new home.",1,"['Article', 'Organization', 'Organization', 'ImageObject', 'WebPage', 'BreadcrumbList', 'ListItem', 'ListItem', 'ListItem', 'FAQPage', 'Question', 'Answer', 'Question', 'Answer', 'Question', 'Answer', 'Organization']",False,/og-image.jpg,/og-image.jpg,ISR (3600s),False,76
/blog/amortization-schedule-explained,src/pages/blog/[slug].tsx,200,,"index, follow (default)",['https://tryfincalc.com/blog/amortization-schedule-explained'],[],True,Amortization Schedule Explained: 2026 Guide | TryFinCalc,Discover how amortization works and see your payoff details. Track how your principal and interest change.,1,"['Article', 'Organization', 'Organization', 'ImageObject', 'WebPage', 'BreadcrumbList', 'ListItem', 'ListItem', 'ListItem', 'FAQPage', 'Question', 'Answer', 'Question', 'Answer', 'Question', 'Answer', 'HowTo', 'HowToStep', 'HowToStep', 'HowToStep', 'HowToStep', 'HowToStep', 'Organization']",False,/og-image.jpg,/og-image.jpg,ISR (3600s),False,27
/blog/calculator-mistakes,src/pages/blog/[slug].tsx,200,,"index, follow (default)",['https://tryfincalc.com/blog/calculator-mistakes'],[],True,7 Mortgage Calculator Mistakes to Avoid in 2026 | TryFinCalc,Avoid the 7 most common mortgage calculator mistakes in 2026. Build a bulletproof housing budget today.,1,"['Article', 'Organization', 'Organization', 'ImageObject', 'WebPage', 'BreadcrumbList', 'ListItem', 'ListItem', 'ListItem', 'Organization']",False,/og-image.jpg,/og-image.jpg,ISR (3600s),False,11
/blog/closing-costs-breakdown,src/pages/blog/[slug].tsx,200,,"index, follow (default)",['https://tryfincalc.com/blog/closing-costs-breakdown'],[],True,Closing Costs Breakdown: 2026 Homebuyer Guide | TryFinCalc,"Review closing-cost categories, editable examples, Loan Estimate fields, and questions for comparing transaction charges.",1,"['Article', 'Organization', 'Organization', 'ImageObject', 'WebPage', 'BreadcrumbList', 'ListItem', 'ListItem', 'ListItem', 'Organization']",False,/og-image.jpg,/og-image.jpg,ISR (3600s),False,10
/blog/compare-loan-offers,src/pages/blog/[slug].tsx,200,,"index, follow (default)",['https://tryfincalc.com/blog/compare-loan-offers'],[],True,How to Compare Loan Offers: 2026 Checklist | TryFinCalc,Master the art of comparing loan estimates and terms. Avoid overpaying on your next 2026 loan.,1,"['Article', 'Organization', 'Organization', 'ImageObject', 'WebPage', 'BreadcrumbList', 'ListItem', 'ListItem', 'ListItem', 'Organization']",False,/og-image.jpg,/og-image.jpg,ISR (3600s),False,33
/blog/debt-to-income-ratio,public asset / redirect / discovered route,308,/blog/28-36-rule-explained,"index, follow (default)",[],[],False,,,0,[],False,,,ISR (3600s),False,0
/blog/down-payment-guide,src/pages/blog/[slug].tsx,200,,"index, follow (default)",['https://tryfincalc.com/blog/down-payment-guide'],[],True,Down Payment Guide: How Much Do You Need in 2026? | TryFinCalc,"Compare down-payment scenarios, mortgage-insurance assumptions, saving timelines, and loan-program questions to verify.",1,"['Article', 'Organization', 'Organization', 'ImageObject', 'WebPage', 'BreadcrumbList', 'ListItem', 'ListItem', 'ListItem', 'Organization']",False,/og-image.jpg,/og-image.jpg,ISR (3600s),False,70
/blog/early-mortgage-payoff,src/pages/blog/[slug].tsx,200,,"index, follow (default)",['https://tryfincalc.com/blog/early-mortgage-payoff'],[],True,Loan Payoff Formula: Save $58k Paying Off Early in 2026 | TryFinCalc,"The loan payoff formula that cuts years off your mortgage — one extra payment a year saves $58,000 in interest on a $300k loan. See your exact payoff plan.",1,"['Article', 'Organization', 'Organization', 'ImageObject', 'WebPage', 'BreadcrumbList', 'ListItem', 'ListItem', 'ListItem', 'Organization']",False,/og-image.jpg,/og-image.jpg,ISR (3600s),False,8
/blog/escrow-accounts-explained,src/pages/blog/[slug].tsx,200,,"index, follow (default)",['https://tryfincalc.com/blog/escrow-accounts-explained'],[],True,Escrow Accounts Explained: 2026 Homeowner Guide | TryFinCalc,Understand exactly how escrow accounts handle your taxes and insurance. Manage your 2026 housing costs.,1,"['Article', 'Organization', 'Organization', 'ImageObject', 'WebPage', 'BreadcrumbList', 'ListItem', 'ListItem', 'ListItem', 'Organization']",False,/og-image.jpg,/og-image.jpg,ISR (3600s),False,8
/blog/extra-payments-impact,src/pages/blog/[slug].tsx,200,,"index, follow (default)",['https://tryfincalc.com/blog/extra-payments-impact'],[],True,Extra Mortgage Payments Impact: 2026 Math Guide | TryFinCalc,Discover the compounding impact of extra mortgage payments in 2026. Calculate your interest savings today.,1,"['Article', 'Organization', 'Organization', 'ImageObject', 'WebPage', 'BreadcrumbList', 'ListItem', 'ListItem', 'ListItem', 'FAQPage', 'Question', 'Answer', 'Question', 'Answer', 'Question', 'Answer', 'Question', 'Answer', 'Question', 'Answer', 'Organization']",False,/og-image.jpg,/og-image.jpg,ISR (3600s),False,8
/blog/fixed-vs-variable-mortgage,src/pages/blog/[slug].tsx,200,,"index, follow (default)",['https://tryfincalc.com/blog/fixed-vs-variable-mortgage'],[],True,Fixed vs Variable Mortgage: 2026 Comparison | TryFinCalc,Deciding between a fixed vs variable mortgage? Compare the risk and savings of each loan type for 2026.,1,"['Article', 'Organization', 'Organization', 'ImageObject', 'WebPage', 'BreadcrumbList', 'ListItem', 'ListItem', 'ListItem', 'FAQPage', 'Question', 'Answer', 'Question', 'Answer', 'Question', 'Answer', 'Organization']",False,/og-image.jpg,/og-image.jpg,ISR (3600s),False,32
/blog/home-purchase-budgeting,src/pages/blog/[slug].tsx,200,,"index, follow (default)",['https://tryfincalc.com/blog/home-purchase-budgeting'],[],True,Home Purchase Budget: 2026 Savings & Cost Guide | TryFinCalc,Build a complete home purchase budget for the 2026 housing market. Account for every hidden closing cost.,1,"['Article', 'Organization', 'Organization', 'ImageObject', 'WebPage', 'BreadcrumbList', 'ListItem', 'ListItem', 'ListItem', 'FAQPage', 'Question', 'Answer', 'Question', 'Answer', 'Question', 'Answer', 'Question', 'Answer', 'Question', 'Answer', 'Organization']",False,/og-image.jpg,/og-image.jpg,ISR (3600s),False,20
/blog/how-much-can-i-borrow,src/pages/blog/[slug].tsx,200,,"index, follow (default)",['https://tryfincalc.com/blog/how-much-can-i-borrow'],[],True,How much can I borrow? Mortgage affordability calculator (2026) | TryFinCalc,Calculate your borrowing power with our 2026 mortgage affordability tool. Learn the 28/36 rule and what salary you need for a $400k loan.,1,"['Article', 'Organization', 'Organization', 'ImageObject', 'WebPage', 'BreadcrumbList', 'ListItem', 'ListItem', 'ListItem', 'FAQPage', 'Question', 'Answer', 'Question', 'Answer', 'Question', 'Answer', 'Organization']",False,/og-image.jpg,/og-image.jpg,ISR (3600s),False,2
/blog/how-much-house-can-i-afford,src/pages/blog/[slug].tsx,200,,"index, follow (default)",['https://tryfincalc.com/blog/how-much-house-can-i-afford'],[],True,Home Affordability Guide: How Much House? | TryFinCalc,Find out how much house you can afford based on your 2026 income. Get a detailed budget breakdown for your search.,1,"['Article', 'Organization', 'Organization', 'ImageObject', 'WebPage', 'BreadcrumbList', 'ListItem', 'ListItem', 'ListItem', 'Organization']",False,/og-image.jpg,/og-image.jpg,ISR (3600s),False,49
/blog/interest-rate-impact,src/pages/blog/[slug].tsx,200,,"index, follow (default)",['https://tryfincalc.com/blog/interest-rate-impact'],[],True,How Interest Rates Affect Your Mortgage | TryFinCalc,Discover how even a 1% rate change affects your lifetime costs. Learn 2026 interest saving strategies.,1,"['Article', 'Organization', 'Organization', 'ImageObject', 'WebPage', 'BreadcrumbList', 'ListItem', 'ListItem', 'ListItem', 'Organization']",False,/og-image.jpg,/og-image.jpg,ISR (3600s),False,62
/blog/loan-calculator-explained,src/pages/blog/[slug].tsx,200,,"index, follow (default)",['https://tryfincalc.com/blog/loan-calculator-explained'],[],True,How to Use a Loan Calculator: 2026 Complete Guide | TryFinCalc,Master our loan calculator with the complete 2026 guide. Understand the true cost of borrowing today.,1,"['Article', 'Organization', 'Organization', 'ImageObject', 'WebPage', 'BreadcrumbList', 'ListItem', 'ListItem', 'ListItem', 'FAQPage', 'Question', 'Answer', 'Question', 'Answer', 'Question', 'Answer', 'HowTo', 'HowToStep', 'HowToStep', 'HowToStep', 'HowToStep', 'HowToStep', 'Organization']",False,/og-image.jpg,/og-image.jpg,ISR (3600s),False,17
/blog/loan-eligibility-by-income,src/pages/blog/[slug].tsx,200,,"index, follow (default)",['https://tryfincalc.com/blog/loan-eligibility-by-income'],[],True,Loan Eligibility by Income: 2026 Borrowing Guide | TryFinCalc,"Explore how income, debts, rate, term, and editable DTI assumptions change a borrowing estimate without predicting lender approval.",1,"['Article', 'Organization', 'Organization', 'ImageObject', 'WebPage', 'BreadcrumbList', 'ListItem', 'ListItem', 'ListItem', 'Organization']",False,/og-image.jpg,/og-image.jpg,ISR (3600s),False,8
/blog/loan-eligibility-by-income-detail,src/pages/blog/[slug].tsx,200,,"index, follow (default)",['https://tryfincalc.com/blog/loan-eligibility-by-income-detail'],[],True,Loan Eligibility by Income: 2026 Salary Tables | TryFinCalc,"Compare illustrative salary-to-payment tables using editable DTI, rate, term, and debt assumptions without predicting approval.",1,"['Article', 'Organization', 'Organization', 'ImageObject', 'WebPage', 'BreadcrumbList', 'ListItem', 'ListItem', 'ListItem', 'FAQPage', 'Question', 'Answer', 'Question', 'Answer', 'Question', 'Answer', 'Question', 'Answer', 'Question', 'Answer', 'Organization']",False,/og-image.jpg,/og-image.jpg,ISR (3600s),False,8
/blog/monthly-payment-formula,src/pages/blog/[slug].tsx,200,,"index, follow (default)",['https://tryfincalc.com/blog/monthly-payment-formula'],[],True,Loan Payment Formula 2026: Exact Formula + $300k Example | TryFinCalc,"The loan payment formula banks use to calculate your monthly bill — see it solved step-by-step on a $300,000 mortgage at 6.8%. Try the free calculator now.",1,"['Article', 'Organization', 'Organization', 'ImageObject', 'WebPage', 'BreadcrumbList', 'ListItem', 'ListItem', 'ListItem', 'Organization']",False,/og-image.jpg,/og-image.jpg,ISR (3600s),False,18
/blog/mortgage-payment-guide,src/pages/blog/[slug].tsx,200,,"index, follow (default)",['https://tryfincalc.com/blog/mortgage-payment-guide'],[],True,How to Calculate Mortgage Payments: 2026 Formula | TryFinCalc,"Learn the exact formula for calculating mortgage payments in 2026. Understand PITI, taxes, and interest costs.",1,"['Article', 'Organization', 'Organization', 'ImageObject', 'WebPage', 'BreadcrumbList', 'ListItem', 'ListItem', 'ListItem', 'Organization']",False,/og-image.jpg,/og-image.jpg,ISR (3600s),False,115
/blog/reduce-mortgage-payment,src/pages/blog/[slug].tsx,200,,"index, follow (default)",['https://tryfincalc.com/blog/reduce-mortgage-payment'],[],True,How to Reduce Mortgage Payment: 8 Proven 2026 Tips | TryFinCalc,"Compare eight ways a mortgage payment might change, including refinance, insurance, taxes, term, and loan-modification questions.",1,"['Article', 'Organization', 'Organization', 'ImageObject', 'WebPage', 'BreadcrumbList', 'ListItem', 'ListItem', 'ListItem', 'Organization']",False,/og-image.jpg,/og-image.jpg,ISR (3600s),False,9
/blog/reduce-personal-loan-costs,public asset / redirect / discovered route,308,/blog/compare-loan-offers,"index, follow (default)",[],[],False,,,0,[],False,,,ISR (3600s),False,0
/blog/refinance-calculator-guide,src/pages/blog/[slug].tsx,200,,"index, follow (default)",['https://tryfincalc.com/blog/refinance-calculator-guide'],[],True,How to Use Refinance Calculator: 2026 Step-by-Step | TryFinCalc,Master our refinance calculator with this 2026 step-by-step guide. Find your break-even point instantly.,1,"['Article', 'Organization', 'Organization', 'ImageObject', 'WebPage', 'BreadcrumbList', 'ListItem', 'ListItem', 'ListItem', 'FAQPage', 'Question', 'Answer', 'Question', 'Answer', 'Question', 'Answer', 'Question', 'Answer', 'Question', 'Answer', 'Organization']",False,/og-image.jpg,/og-image.jpg,ISR (3600s),False,7
/blog/rent-vs-buy-2026,src/pages/blog/[slug].tsx,200,,"index, follow (default)",['https://tryfincalc.com/blog/rent-vs-buy-2026'],[],True,Rent vs Buy 2026: Real Cost & Break-Even Analysis | TryFinCalc,Evaluate the real cost of renting vs buying in 2026. Use our data-driven breakdown to decide.,1,"['Article', 'Organization', 'Organization', 'ImageObject', 'WebPage', 'BreadcrumbList', 'ListItem', 'ListItem', 'ListItem', 'Organization']",False,/og-image.jpg,/og-image.jpg,ISR (3600s),False,14
/blog/total-interest-explained,src/pages/blog/[slug].tsx,200,,"index, follow (default)",['https://tryfincalc.com/blog/total-interest-explained'],[],True,Total Interest Paid 2026: Lifetime Loan Cost | TryFinCalc,Discover the true cost of your debt across different loan terms. Learn how to reduce total interest significantly.,1,"['Article', 'Organization', 'Organization', 'ImageObject', 'WebPage', 'BreadcrumbList', 'ListItem', 'ListItem', 'ListItem', 'Organization']",False,/og-image.jpg,/og-image.jpg,ISR (3600s),False,23
/blog/va-loans-guide,src/pages/blog/[slug].tsx,200,,"index, follow (default)",['https://tryfincalc.com/blog/va-loans-guide'],[],True,VA Loans Guide 2026: Requirements & Benefits | TryFinCalc,"Review VA home-loan eligibility, benefit, funding-fee, appraisal, and application questions with links to current official VA guidance.",1,"['Article', 'Organization', 'Organization', 'ImageObject', 'WebPage', 'BreadcrumbList', 'ListItem', 'ListItem', 'ListItem', 'Organization']",False,/og-image.jpg,/og-image.jpg,ISR (3600s),False,2
/blog/when-to-refinance,src/pages/blog/[slug].tsx,200,,"index, follow (default)",['https://tryfincalc.com/blog/when-to-refinance'],[],True,When to Refinance Mortgage: 2026 Break-Even Guide | TryFinCalc,Find out when refinancing your mortgage makes sense in 2026. Calculate your exact break-even point today.,1,"['Article', 'Organization', 'Organization', 'ImageObject', 'WebPage', 'BreadcrumbList', 'ListItem', 'ListItem', 'ListItem', 'Organization']",False,/og-image.jpg,/og-image.jpg,ISR (3600s),False,50
/calculator/100k-mortgage-monthly-payment-6-5-percent,public asset / redirect / discovered route,308,/mortgage-calculator,"index, follow (default)",[],[],False,,,0,[],False,,,SSG,False,0
/calculator/10k-personal-loan-repayment-10-percent,src/pages/calculator/[slug].tsx,200,,"index, follow (default)",['https://tryfincalc.com/calculator/10k-personal-loan-repayment-10-percent'],[],True,"$10,000 Personal Loan at 10%: Full Repayment Breakdown | TryFinCalc","What are the monthly payments on a $10,000 personal loan at 10% interest? See exact payments by term, total interest, rate sensitivity, and offer-comparison questions.",1,"['FAQPage', 'Question', 'Answer', 'Question', 'Answer', 'Question', 'Answer', 'Question', 'Answer', 'BreadcrumbList', 'ListItem', 'ListItem', 'Organization']",False,/og-image.jpg,/og-image.jpg,SSG,False,21
/calculator/150k-mortgage-monthly-payment-3-5-percent-eur,src/pages/calculator/[slug].tsx,200,,"index, follow (default)",['https://tryfincalc.com/eur/calculator/150k-mortgage-monthly-payment-3-5-percent-eur'],"[{'rel': 'alternate', 'hreflang': 'en', 'href': 'https://tryfincalc.com/eur/calculator/150k-mortgage-monthly-payment-3-5-percent-eur', 'data-next-head': ''}, {'rel': 'alternate', 'hreflang': 'x-default', 'href': 'https://tryfincalc.com/calculator/150k-mortgage-monthly-payment-3-5-percent-eur', 'data-next-head': ''}]",False,"€150,000 Mortgage at 3.5%: Monthly Payment & Affordability Guide | TryFinCalc","€150,000 mortgage at 3.5% over 25 years in. Exact monthly payment, rate table, illustrative affordability check, and Euribor vs fixed rate guidance.",1,"['FAQPage', 'Question', 'Answer', 'Question', 'Answer', 'Question', 'Answer', 'Question', 'Answer', 'BreadcrumbList', 'ListItem', 'ListItem', 'Organization']",False,/og-image.jpg,/og-image.jpg,SSG,False,0
/calculator/150k-mortgage-monthly-payment-6-5-percent,public asset / redirect / discovered route,308,/mortgage-calculator,"index, follow (default)",[],[],False,,,0,[],False,,,SSG,False,0
/calculator/15k-loan-monthly-payment-10-percent,src/pages/calculator/[slug].tsx,200,,"index, follow (default)",['https://tryfincalc.com/calculator/15k-loan-monthly-payment-10-percent'],[],True,"$15,000 Personal Loan at 10%: Full Repayment Breakdown | TryFinCalc","$15,000 personal loan at 10%: $484/month over 3 years and $2,424 total interest. Compare terms, example rates, and written offers.",1,"['FAQPage', 'Question', 'Answer', 'Question', 'Answer', 'Question', 'Answer', 'Question', 'Answer', 'BreadcrumbList', 'ListItem', 'ListItem', 'Organization']",False,/og-image.jpg,/og-image.jpg,SSG,False,6
/calculator/200k-mortgage-monthly-payment-3-5-percent-eur,src/pages/calculator/[slug].tsx,200,,"index, follow (default)",['https://tryfincalc.com/eur/calculator/200k-mortgage-monthly-payment-3-5-percent-eur'],"[{'rel': 'alternate', 'hreflang': 'en', 'href': 'https://tryfincalc.com/eur/calculator/200k-mortgage-monthly-payment-3-5-percent-eur', 'data-next-head': ''}, {'rel': 'alternate', 'hreflang': 'x-default', 'href': 'https://tryfincalc.com/calculator/200k-mortgage-monthly-payment-3-5-percent-eur', 'data-next-head': ''}]",False,"€200,000 Mortgage at 3.5%: Monthly Payment, Payments & Rate Guide | TryFinCalc","€200,000 mortgage at 3.5% over 25 years in. Monthly payment €1,001, income at 33% DTI, rate table, and country notes for Belgium and France.",1,"['FAQPage', 'Question', 'Answer', 'Question', 'Answer', 'Question', 'Answer', 'Question', 'Answer', 'BreadcrumbList', 'ListItem', 'ListItem', 'Organization']",False,/og-image.jpg,/og-image.jpg,SSG,False,0
/calculator/200k-mortgage-monthly-payment-6-5-percent,public asset / redirect / discovered route,308,/mortgage-calculator,"index, follow (default)",[],[],False,,,0,[],False,,,SSG,False,0
/calculator/20k-loan-monthly-payment-10-percent,src/pages/calculator/[slug].tsx,200,,"index, follow (default)",['https://tryfincalc.com/calculator/20k-loan-monthly-payment-10-percent'],[],True,"$20,000 Personal Loan at 10%: Payment & Total Cost Guide | TryFinCalc","$20,000 personal loan at a 10% example rate: compare monthly payments, total interest, terms, and editable borrower assumptions.",1,"['FAQPage', 'Question', 'Answer', 'Question', 'Answer', 'Question', 'Answer', 'Question', 'Answer', 'BreadcrumbList', 'ListItem', 'ListItem', 'Organization']",False,/og-image.jpg,/og-image.jpg,SSG,False,6
/calculator/250k-mortgage-monthly-payment-3-5-percent,src/pages/calculator/[slug].tsx,200,,"index, follow (default)",['https://tryfincalc.com/calculator/250k-mortgage-monthly-payment-3-5-percent'],[],True,"$250,000 Mortgage at 3.5%: Your Complete Payment Breakdown | TryFinCalc","What is the monthly payment on a $250,000 mortgage at a 3.5% example rate? See P&I, total interest, editable cost assumptions, and rate sensitivity.",1,"['FAQPage', 'Question', 'Answer', 'Question', 'Answer', 'Question', 'Answer', 'Question', 'Answer', 'BreadcrumbList', 'ListItem', 'ListItem', 'Organization']",False,/og-image.jpg,/og-image.jpg,SSG,False,29
/calculator/250k-mortgage-monthly-payment-3-5-percent-eur,src/pages/calculator/[slug].tsx,200,,"index, follow (default)",['https://tryfincalc.com/eur/calculator/250k-mortgage-monthly-payment-3-5-percent-eur'],"[{'rel': 'alternate', 'hreflang': 'en', 'href': 'https://tryfincalc.com/eur/calculator/250k-mortgage-monthly-payment-3-5-percent-eur', 'data-next-head': ''}, {'rel': 'alternate', 'hreflang': 'x-default', 'href': 'https://tryfincalc.com/calculator/250k-mortgage-monthly-payment-3-5-percent-eur', 'data-next-head': ''}]",False,"€250,000 Mortgage at 3.5%: Monthly Payment & Affordability Guide | TryFinCalc","€250,000 mortgage at a 3.5% example rate for 25 years: €1,252 monthly principal and interest, an editable stress test, and rate sensitivity.",1,"['FAQPage', 'Question', 'Answer', 'Question', 'Answer', 'Question', 'Answer', 'Question', 'Answer', 'BreadcrumbList', 'ListItem', 'ListItem', 'Organization']",False,/og-image.jpg,/og-image.jpg,SSG,False,0
/calculator/25k-personal-loan-repayment-8-percent,src/pages/calculator/[slug].tsx,200,,"index, follow (default)",['https://tryfincalc.com/calculator/25k-personal-loan-repayment-8-percent'],[],True,"$25,000 Personal Loan at 8%: Full Repayment Breakdown | TryFinCalc","What are the monthly payments on a $25,000 personal loan at 8% interest? See exact payments by term, total interest, rate sensitivity, and offer-comparison questions.",1,"['FAQPage', 'Question', 'Answer', 'Question', 'Answer', 'Question', 'Answer', 'Question', 'Answer', 'BreadcrumbList', 'ListItem', 'ListItem', 'Organization']",False,/og-image.jpg,/og-image.jpg,SSG,False,22
/calculator/300k-mortgage-monthly-payment-3-5-percent-eur,src/pages/calculator/[slug].tsx,200,,"index, follow (default)",['https://tryfincalc.com/eur/calculator/300k-mortgage-monthly-payment-3-5-percent-eur'],"[{'rel': 'alternate', 'hreflang': 'en', 'href': 'https://tryfincalc.com/eur/calculator/300k-mortgage-monthly-payment-3-5-percent-eur', 'data-next-head': ''}, {'rel': 'alternate', 'hreflang': 'x-default', 'href': 'https://tryfincalc.com/calculator/300k-mortgage-monthly-payment-3-5-percent-eur', 'data-next-head': ''}]",False,"€300,000 Mortgage at 3.5%: Monthly Payment & Income Guide | TryFinCalc","€300,000 mortgage at 3.5% over 25 years in: exact monthly payment, full rate table, illustrative affordability check, and country notes for buyers.",1,"['FAQPage', 'Question', 'Answer', 'Question', 'Answer', 'Question', 'Answer', 'Question', 'Answer', 'BreadcrumbList', 'ListItem', 'ListItem', 'Organization']",False,/og-image.jpg,/og-image.jpg,SSG,False,0
/calculator/300k-mortgage-monthly-payment-6-percent,src/pages/calculator/[slug].tsx,200,,"index, follow (default)",['https://tryfincalc.com/calculator/300k-mortgage-monthly-payment-6-percent'],[],True,"$300,000 Mortgage at 6%: Your Complete Payment Breakdown | TryFinCalc","What is the monthly payment on a $300,000 mortgage at a 6% example rate? See P&I, editable cost inputs, total interest, illustrative income scenarios, and amortization.",1,"['FAQPage', 'Question', 'Answer', 'Question', 'Answer', 'Question', 'Answer', 'Question', 'Answer', 'BreadcrumbList', 'ListItem', 'ListItem', 'Organization']",False,/og-image.jpg,/og-image.jpg,SSG,False,64
/calculator/30k-loan-monthly-payment-9-percent,src/pages/calculator/[slug].tsx,200,,"index, follow (default)",['https://tryfincalc.com/calculator/30k-loan-monthly-payment-9-percent'],[],True,"$30,000 Personal Loan at 9%: Payments, Costs & Savings | TryFinCalc","$30,000 personal loan at 9%: $623/month for 5 years and $7,380 total interest. See term, rate-sensitivity, and consolidation scenarios.",1,"['FAQPage', 'Question', 'Answer', 'Question', 'Answer', 'Question', 'Answer', 'Question', 'Answer', 'BreadcrumbList', 'ListItem', 'ListItem', 'Organization']",False,/og-image.jpg,/og-image.jpg,SSG,False,6
/calculator/350k-mortgage-monthly-payment-3-5-percent-eur,src/pages/calculator/[slug].tsx,200,,"index, follow (default)",['https://tryfincalc.com/eur/calculator/350k-mortgage-monthly-payment-3-5-percent-eur'],"[{'rel': 'alternate', 'hreflang': 'en', 'href': 'https://tryfincalc.com/eur/calculator/350k-mortgage-monthly-payment-3-5-percent-eur', 'data-next-head': ''}, {'rel': 'alternate', 'hreflang': 'x-default', 'href': 'https://tryfincalc.com/calculator/350k-mortgage-monthly-payment-3-5-percent-eur', 'data-next-head': ''}]",False,"€350,000 Mortgage at 3.5%: Payments, Payments & Rate Guide | TryFinCalc","€350,000 mortgage at a 3.5% example rate for 25 years: €1,752 monthly principal and interest, an editable stress test, and rate sensitivity.",1,"['FAQPage', 'Question', 'Answer', 'Question', 'Answer', 'Question', 'Answer', 'Question', 'Answer', 'BreadcrumbList', 'ListItem', 'ListItem', 'Organization']",False,/og-image.jpg,/og-image.jpg,SSG,False,0
/calculator/350k-mortgage-monthly-payment-6-5-percent,src/pages/calculator/[slug].tsx,200,,"index, follow (default)",['https://tryfincalc.com/calculator/350k-mortgage-monthly-payment-6-5-percent'],[],True,"$350,000 Mortgage at 6.5%: Your Complete Payment Breakdown | TryFinCalc","What is the monthly payment on a $350,000 mortgage at a 6.5% example rate? See P&I, editable housing-cost assumptions, and rate sensitivity.",1,"['FAQPage', 'Question', 'Answer', 'Question', 'Answer', 'Question', 'Answer', 'Question', 'Answer', 'BreadcrumbList', 'ListItem', 'ListItem', 'Organization']",False,/og-image.jpg,/og-image.jpg,SSG,False,33
/calculator/400k-mortgage-monthly-payment-3-5-percent-eur,src/pages/calculator/[slug].tsx,200,,"index, follow (default)",['https://tryfincalc.com/eur/calculator/400k-mortgage-monthly-payment-3-5-percent-eur'],"[{'rel': 'alternate', 'hreflang': 'en', 'href': 'https://tryfincalc.com/eur/calculator/400k-mortgage-monthly-payment-3-5-percent-eur', 'data-next-head': ''}, {'rel': 'alternate', 'hreflang': 'x-default', 'href': 'https://tryfincalc.com/calculator/400k-mortgage-monthly-payment-3-5-percent-eur', 'data-next-head': ''}]",False,"€400,000 Mortgage at 3.5%: Jumbo Loan Payment & Income Guide | TryFinCalc","€400,000 mortgage at 3.5% over 25 years in: monthly payment €2,002, illustrative affordability check, jumbo-loan notes, and full rate sensitivity table.",1,"['FAQPage', 'Question', 'Answer', 'Question', 'Answer', 'Question', 'Answer', 'Question', 'Answer', 'BreadcrumbList', 'ListItem', 'ListItem', 'Organization']",False,/og-image.jpg,/og-image.jpg,SSG,False,0
/calculator/400k-mortgage-monthly-payment-4-percent,src/pages/calculator/[slug].tsx,200,,"index, follow (default)",['https://tryfincalc.com/calculator/400k-mortgage-monthly-payment-4-percent'],[],True,"$400,000 Mortgage at 4%: Your Complete Payment Breakdown | TryFinCalc","What is the monthly payment on a $400,000 mortgage at a 4% example rate? See P&I, total interest, editable cost assumptions, and rate sensitivity.",1,"['FAQPage', 'Question', 'Answer', 'Question', 'Answer', 'Question', 'Answer', 'Question', 'Answer', 'BreadcrumbList', 'ListItem', 'ListItem', 'Organization']",False,/og-image.jpg,/og-image.jpg,SSG,False,50
/calculator/400k-mortgage-monthly-payment-6-5-percent,public asset / redirect / discovered route,308,/mortgage-calculator,"index, follow (default)",[],[],False,,,0,[],False,,,SSG,False,0
/calculator/500k-mortgage-monthly-payment-7-percent,public asset / redirect / discovered route,308,/mortgage-calculator,"index, follow (default)",[],[],False,,,0,[],False,,,SSG,False,0
/calculator/50k-loan-monthly-payment-8-percent,src/pages/calculator/[slug].tsx,200,,"index, follow (default)",['https://tryfincalc.com/calculator/50k-loan-monthly-payment-8-percent'],[],True,"$50,000 Personal Loan at 8%: Payment, Costs & HELOC Guide | TryFinCalc","$50,000 personal loan at an 8% example rate: $780/month for 7 years and $15,520 total interest, with term and APR sensitivity tables.",1,"['FAQPage', 'Question', 'Answer', 'Question', 'Answer', 'Question', 'Answer', 'Question', 'Answer', 'BreadcrumbList', 'ListItem', 'ListItem', 'Organization']",False,/og-image.jpg,/og-image.jpg,SSG,False,6
/calculator/5k-loan-monthly-payment-12-percent,src/pages/calculator/[slug].tsx,200,,"index, follow (default)",['https://tryfincalc.com/calculator/5k-loan-monthly-payment-12-percent'],[],True,"$5,000 Personal Loan at 12%: Payments, Costs & Timeline | TryFinCalc","Monthly payment on a $5,000 personal loan at 12% is $166 over 3 years — $976 total interest. Full term table, rate sensitivity, and offer-comparison guide.",1,"['FAQPage', 'Question', 'Answer', 'Question', 'Answer', 'Question', 'Answer', 'Question', 'Answer', 'BreadcrumbList', 'ListItem', 'ListItem', 'Organization']",False,/og-image.jpg,/og-image.jpg,SSG,False,7
/calculator/600k-mortgage-monthly-payment-7-percent,public asset / redirect / discovered route,308,/mortgage-calculator,"index, follow (default)",[],[],False,,,0,[],False,,,SSG,False,0
/calculator/700k-mortgage-monthly-payment-7-percent,src/pages/calculator/[slug].tsx,200,,"index, follow (default)",['https://tryfincalc.com/calculator/700k-mortgage-monthly-payment-7-percent'],[],True,"$700,000 Mortgage at 7%: Your Complete Payment Breakdown | TryFinCalc","What is the monthly payment on a $700,000 mortgage at a 7% example rate? See P&I, editable cost inputs, illustrative income scenarios, and rate sensitivity.",1,"['FAQPage', 'Question', 'Answer', 'Question', 'Answer', 'Question', 'Answer', 'Question', 'Answer', 'BreadcrumbList', 'ListItem', 'ListItem', 'Organization']",False,/og-image.jpg,/og-image.jpg,SSG,False,16
/calculator/how-much-house-can-i-afford-100k-salary,src/pages/calculator/[slug].tsx,200,,"index, follow (default)",['https://tryfincalc.com/calculator/how-much-house-can-i-afford-100k-salary'],[],True,How Much House Can I Afford on a $100k Salary in 2026? | TryFinCalc,"Explore a $100,000 salary scenario with editable payment, debt, down-payment, rate, tax, and insurance assumptions.",1,"['FAQPage', 'Question', 'Answer', 'Question', 'Answer', 'Question', 'Answer', 'Question', 'Answer', 'BreadcrumbList', 'ListItem', 'ListItem', 'Organization']",False,/og-image.jpg,/og-image.jpg,SSG,False,32
/calculator/how-much-house-can-i-afford-50k-salary,src/pages/calculator/[slug].tsx,200,,"index, follow (default)",['https://tryfincalc.com/calculator/how-much-house-can-i-afford-50k-salary'],[],True,"How Much House Can I Afford on a $50,000 Salary in 2026? | TryFinCalc","Explore a $50,000 salary scenario with editable payment, debt, down-payment, rate, tax, and insurance assumptions.",1,"['FAQPage', 'Question', 'Answer', 'Question', 'Answer', 'Question', 'Answer', 'Question', 'Answer', 'BreadcrumbList', 'ListItem', 'ListItem', 'Organization']",False,/og-image.jpg,/og-image.jpg,SSG,False,10
/calculator/how-much-house-can-i-afford-60k-salary,src/pages/calculator/[slug].tsx,200,,"index, follow (default)",['https://tryfincalc.com/calculator/how-much-house-can-i-afford-60k-salary'],[],True,"How Much House Can I Afford on a $60,000 Salary in 2026? | TryFinCalc","Explore a $60,000 salary scenario with editable payment, debt, down-payment, rate, tax, and insurance assumptions.",1,"['FAQPage', 'Question', 'Answer', 'Question', 'Answer', 'Question', 'Answer', 'Question', 'Answer', 'BreadcrumbList', 'ListItem', 'ListItem', 'Organization']",False,/og-image.jpg,/og-image.jpg,SSG,False,9
/calculator/how-much-house-can-i-afford-70k-salary,src/pages/calculator/[slug].tsx,200,,"index, follow (default)",['https://tryfincalc.com/calculator/how-much-house-can-i-afford-70k-salary'],[],True,"How Much House Can I Afford on a $70,000 Salary in 2026? | TryFinCalc","How much house can you afford on a $70,000 salary? Compare editable rate, debt, down-payment, tax, and insurance scenarios.",1,"['FAQPage', 'Question', 'Answer', 'Question', 'Answer', 'Question', 'Answer', 'Question', 'Answer', 'BreadcrumbList', 'ListItem', 'ListItem', 'Organization']",False,/og-image.jpg,/og-image.jpg,SSG,False,8
/calculator/how-much-house-can-i-afford-80k-salary,src/pages/calculator/[slug].tsx,200,,"index, follow (default)",['https://tryfincalc.com/calculator/how-much-house-can-i-afford-80k-salary'],[],True,"How Much House Can I Afford on an $80,000 Salary in 2026? | TryFinCalc","How much house can you afford on an $80,000 salary in 2026? Get your max home price, monthly PITI breakdown, debt tables, and down payment analysis.",1,"['FAQPage', 'Question', 'Answer', 'Question', 'Answer', 'Question', 'Answer', 'Question', 'Answer', 'BreadcrumbList', 'ListItem', 'ListItem', 'Organization']",False,/og-image.jpg,/og-image.jpg,SSG,False,14
/calculator/how-much-house-can-i-afford-90k-salary,src/pages/calculator/[slug].tsx,200,,"index, follow (default)",['https://tryfincalc.com/calculator/how-much-house-can-i-afford-90k-salary'],[],True,"How Much House Can I Afford on a $90,000 Salary in 2026? | TryFinCalc","How much house can you afford on a $90,000 salary? Compare editable rate, debt, down-payment, tax, and insurance scenarios.",1,"['FAQPage', 'Question', 'Answer', 'Question', 'Answer', 'Question', 'Answer', 'Question', 'Answer', 'BreadcrumbList', 'ListItem', 'ListItem', 'Organization']",False,/og-image.jpg,/og-image.jpg,SSG,False,6
/calculator/income-required-for-200k-house,src/pages/calculator/[slug].tsx,200,,"index, follow (default)",['https://tryfincalc.com/calculator/income-required-for-200k-house'],[],True,"What Income Do You Need to Buy a $200,000 House in 2026? | TryFinCalc","Planning to buy a $200,000 home? See illustrative income scenarios, an editable cost breakdown, and how existing debts change the selected planning ratios.",1,"['FAQPage', 'Question', 'Answer', 'Question', 'Answer', 'Question', 'Answer', 'Question', 'Answer', 'BreadcrumbList', 'ListItem', 'ListItem', 'Organization']",False,/og-image.jpg,/og-image.jpg,SSG,False,0
/calculator/income-required-for-300k-house,src/pages/calculator/[slug].tsx,200,,"index, follow (default)",['https://tryfincalc.com/calculator/income-required-for-300k-house'],[],True,"How Much Income Do You Need for a $300,000 Home in 2026? | TryFinCalc","What income do you need for a $300,000 house? See illustrative income scenarios, an editable cost breakdown, and how existing debts change the selected planning ratios.",1,"['FAQPage', 'Question', 'Answer', 'Question', 'Answer', 'Question', 'Answer', 'Question', 'Answer', 'BreadcrumbList', 'ListItem', 'ListItem', 'Organization']",False,/og-image.jpg,/og-image.jpg,SSG,False,3
/calculator/income-required-for-400k-house,src/pages/calculator/[slug].tsx,200,,"index, follow (default)",['https://tryfincalc.com/calculator/income-required-for-400k-house'],[],True,"What Annual Income Do You Need for a $400,000 House in 2026? | TryFinCalc","What income do you need for a $400,000 house? See illustrative income scenarios, an editable cost breakdown, and how debt changes the result at a 6.8% example rate.",1,"['FAQPage', 'Question', 'Answer', 'Question', 'Answer', 'Question', 'Answer', 'Question', 'Answer', 'BreadcrumbList', 'ListItem', 'ListItem', 'Organization']",False,/og-image.jpg,/og-image.jpg,SSG,False,9
/calculator/income-required-for-500k-house,src/pages/calculator/[slug].tsx,200,,"index, follow (default)",['https://tryfincalc.com/calculator/income-required-for-500k-house'],[],True,"What Income Is Required to Buy a $500,000 House in 2026? | TryFinCalc","Buying a $500,000 home takes strong income. See illustrative income scenarios, editable tax and insurance assumptions, and a down-payment impact analysis.",1,"['FAQPage', 'Question', 'Answer', 'Question', 'Answer', 'Question', 'Answer', 'Question', 'Answer', 'BreadcrumbList', 'ListItem', 'ListItem', 'Organization']",False,/og-image.jpg,/og-image.jpg,SSG,False,0
/calculator/income-required-for-600k-house,src/pages/calculator/[slug].tsx,200,,"index, follow (default)",['https://tryfincalc.com/calculator/income-required-for-600k-house'],[],True,"What Salary Do You Need to Afford a $600,000 Home in 2026? | TryFinCalc","What income do you need for a $600,000 house? See illustrative income scenarios, editable cost assumptions, debt sensitivity, and down-payment options.",1,"['FAQPage', 'Question', 'Answer', 'Question', 'Answer', 'Question', 'Answer', 'Question', 'Answer', 'BreadcrumbList', 'ListItem', 'ListItem', 'Organization']",False,/og-image.jpg,/og-image.jpg,SSG,False,0
/calculator/income-required-for-700k-house,src/pages/calculator/[slug].tsx,200,,"index, follow (default)",['https://tryfincalc.com/calculator/income-required-for-700k-house'],[],True,"Illustrative Income for a $700,000 House | TryFinCalc","Buying a $700,000 home puts you in a top income bracket. See illustrative income scenarios, editable cost assumptions, a debt-impact table, and down-payment scenarios.",1,"['FAQPage', 'Question', 'Answer', 'Question', 'Answer', 'Question', 'Answer', 'Question', 'Answer', 'BreadcrumbList', 'ListItem', 'ListItem', 'Organization']",False,/og-image.jpg,/og-image.jpg,SSG,False,3
/contact,src/pages/contact.tsx,200,,"noindex, follow",['https://tryfincalc.com/contact'],[],True,Contact TryFinCalc: Get Expert Financial Advice | TryFinCalc,"Contact TryFinCalc with questions, feedback or calculator requests.",1,['Organization'],False,/og-image.jpg,/og-image.jpg,static HTML with client hydration,False,164
/editorial-policy,src/pages/editorial-policy.tsx,200,,"index, follow (default)",['https://tryfincalc.com/editorial-policy'],[],False,Editorial Policy and Corrections | TryFinCalc,"Authorship, source selection, substantive updates, funding disclosures and error correction at TryFinCalc.",1,['Organization'],False,/og-image.jpg,/og-image.jpg,static HTML with client hydration,False,164
/eur/,src/pages/index.tsx,308,/eur,"index, follow (default)",[],[],False,,,0,[],False,,,static HTML with client hydration,False,0
/eur/about,src/pages/about.tsx,200,,"index, follow (default)",['https://tryfincalc.com/about'],[],False,About TryFinCalc and Youssef Aaouam,"Who builds TryFinCalc, how the calculators are tested, and how the independent site may be funded.",1,['Organization'],False,/og-image.jpg,/og-image.jpg,static HTML with client hydration,False,82
/eur/affordability-calculator,src/pages/affordability-calculator.tsx,200,,"index, follow (default)",['https://tryfincalc.com/affordability-calculator'],[],False,Home Affordability Calculator: How Much House? | TryFinCalc,"Estimate a home price range and loan amount from your monthly income, debts, down payment, interest rate and loan term.",1,"['WebApplication', 'Offer', 'BreadcrumbList', 'ListItem', 'ListItem', 'Organization']",False,/og-image.jpg,/og-image.jpg,static HTML with client hydration,False,82
/eur/amortization-schedule,src/pages/amortization-schedule.tsx,200,,"index, follow (default)",['https://tryfincalc.com/amortization-schedule'],[],False,Amortization Schedule 2026: Loan Payoff Details | TryFinCalc,"Generate a month-by-month amortization schedule showing principal, interest, and remaining balance for every payment.",1,"['WebApplication', 'Offer', 'BreadcrumbList', 'ListItem', 'ListItem', 'Organization']",False,/og-image.jpg,/og-image.jpg,static HTML with client hydration,False,82
/eur/blog,src/pages/blog/index.tsx,200,,"index, follow (default)",['https://tryfincalc.com/blog'],[],False,Mortgage Guides & Financial Market Insights 2026 | TryFinCalc,"Read guides to mortgage payments, loan costs, refinancing and home purchase budgeting.",1,['Organization'],False,/og-image.jpg,/og-image.jpg,static HTML with client hydration,False,82
/eur/blog/100k-mortgage-monthly-payment,src/pages/blog/[slug].tsx,200,,"index, follow (default)",['https://tryfincalc.com/blog/100k-mortgage-monthly-payment'],[],False,100k Mortgage Monthly Payment: 2026 Cost Guide | TryFinCalc,"Calculate the monthly payment for a 100,000 mortgage in 2026. Review total interest over different terms.",1,"['Article', 'Organization', 'Organization', 'ImageObject', 'WebPage', 'BreadcrumbList', 'ListItem', 'ListItem', 'ListItem', 'Organization']",False,/og-image.jpg,/og-image.jpg,ISR (3600s),False,2
/eur/blog/15-vs-30-year-mortgage,src/pages/blog/[slug].tsx,200,,"index, follow (default)",['https://tryfincalc.com/blog/15-vs-30-year-mortgage'],[],False,15-Year vs 30-Year Fixed-Rate Mortgage Comparison | TryFinCalc,"Compare 15-year and 30-year mortgage scenarios for a $350k loan, including payment, total interest, flexibility, and opportunity cost.",1,"['Article', 'Organization', 'Organization', 'ImageObject', 'WebPage', 'BreadcrumbList', 'ListItem', 'ListItem', 'ListItem', 'FAQPage', 'Question', 'Answer', 'Question', 'Answer', 'Question', 'Answer', 'Question', 'Answer', 'Question', 'Answer', 'Organization']",False,/og-image.jpg,/og-image.jpg,ISR (3600s),False,1
/eur/blog/200k-euro-mortgage,src/pages/blog/[slug].tsx,200,,"index, follow (default)",['https://tryfincalc.com/blog/200k-euro-mortgage'],[],False,200k Euro Mortgage Monthly Payment Guide | TryFinCalc,"Calculate a 200,000 euro mortgage payment and compare editable interest-rate, term, and income-planning scenarios.",1,"['Article', 'Organization', 'Organization', 'ImageObject', 'WebPage', 'BreadcrumbList', 'ListItem', 'ListItem', 'ListItem', 'FAQPage', 'Question', 'Answer', 'Question', 'Answer', 'Question', 'Answer', 'Organization']",False,/og-image.jpg,/og-image.jpg,ISR (3600s),False,1
/eur/blog/200k-mortgage-monthly-payment,src/pages/blog/[slug].tsx,200,,"index, follow (default)",['https://tryfincalc.com/blog/200k-mortgage-monthly-payment'],[],False,200k Mortgage Monthly Payment: 2026 Cost Guide | TryFinCalc,"Model a $200,000 mortgage payment across editable rates, terms, taxes, insurance, and planning-ratio assumptions.",1,"['Article', 'Organization', 'Organization', 'ImageObject', 'WebPage', 'BreadcrumbList', 'ListItem', 'ListItem', 'ListItem', 'Organization']",False,/og-image.jpg,/og-image.jpg,ISR (3600s),False,2
/eur/blog/2026-homebuyers-playbook,src/pages/blog/[slug].tsx,200,,"index, follow (default)",['https://tryfincalc.com/blog/2026-homebuyers-playbook'],[],False,2026 Homebuyer's Playbook: Strategy & Guide | TryFinCalc,"Plan a home purchase with an affordability budget, written loan estimates, inspection questions, and closing documents.",1,"['Article', 'Organization', 'Organization', 'ImageObject', 'WebPage', 'BreadcrumbList', 'ListItem', 'ListItem', 'ListItem', 'FAQPage', 'Question', 'Answer', 'Question', 'Answer', 'Question', 'Answer', 'Question', 'Answer', 'Question', 'Answer', 'Organization']",False,/og-image.jpg,/og-image.jpg,ISR (3600s),False,35
/eur/blog/2026-homebuyers-playbook-step-by-step,src/pages/blog/[slug].tsx,200,,"index, follow (default)",['https://tryfincalc.com/blog/2026-homebuyers-playbook-step-by-step'],[],False,2026 Homebuyer's Playbook: Step-by-Step Strategy | TryFinCalc,"Plan a 2026 home purchase with editable affordability assumptions, written loan terms, inspection questions, and closing steps.",1,"['Article', 'Organization', 'Organization', 'ImageObject', 'WebPage', 'BreadcrumbList', 'ListItem', 'ListItem', 'ListItem', 'FAQPage', 'Question', 'Answer', 'Question', 'Answer', 'Question', 'Answer', 'Question', 'Answer', 'Question', 'Answer', 'Organization']",False,/og-image.jpg,/og-image.jpg,ISR (3600s),False,1
/eur/blog/28-36-rule-explained,src/pages/blog/[slug].tsx,200,,"index, follow (default)",['https://tryfincalc.com/blog/28-36-rule-explained'],[],False,28/36 Rule Explained: 2026 Mortgage Qualifier | TryFinCalc,"Understand the 28/36 planning rule, calculate both ratios, and compare the result with your budget and a lender's actual criteria.",1,"['Article', 'Organization', 'Organization', 'ImageObject', 'WebPage', 'BreadcrumbList', 'ListItem', 'ListItem', 'ListItem', 'FAQPage', 'Question', 'Answer', 'Question', 'Answer', 'Question', 'Answer', 'Question', 'Answer', 'Question', 'Answer', 'Organization']",False,/og-image.jpg,/og-image.jpg,ISR (3600s),False,8
/eur/blog/300k-euro-mortgage,src/pages/blog/[slug].tsx,200,,"index, follow (default)",['https://tryfincalc.com/blog/300k-euro-mortgage'],[],False,300k Euro Mortgage Monthly Payment Guide | TryFinCalc,"Calculate the monthly payment for a 300,000 euro mortgage. Explore payment scenarios for European mortgages.",1,"['Article', 'Organization', 'Organization', 'ImageObject', 'WebPage', 'BreadcrumbList', 'ListItem', 'ListItem', 'ListItem', 'FAQPage', 'Question', 'Answer', 'Question', 'Answer', 'Question', 'Answer', 'Organization']",False,/og-image.jpg,/og-image.jpg,ISR (3600s),False,1
/eur/blog/300k-mortgage-monthly-payment,src/pages/blog/[slug].tsx,200,,"index, follow (default)",['https://tryfincalc.com/blog/300k-mortgage-monthly-payment'],[],False,300k Mortgage Monthly Payment: 2026 Cost Guide | TryFinCalc,"Calculate the payments for a 300,000 mortgage across various terms. Review income requirements for a new home.",1,"['Article', 'Organization', 'Organization', 'ImageObject', 'WebPage', 'BreadcrumbList', 'ListItem', 'ListItem', 'ListItem', 'Organization']",False,/og-image.jpg,/og-image.jpg,ISR (3600s),False,1
/eur/blog/400k-mortgage-monthly-payment,src/pages/blog/[slug].tsx,200,,"index, follow (default)",['https://tryfincalc.com/blog/400k-mortgage-monthly-payment'],[],False,400k Mortgage Monthly Payment: 2026 Cost Guide | TryFinCalc,"Calculate the payments for a 400,000 mortgage across various terms. Review income requirements for a new home.",1,"['Article', 'Organization', 'Organization', 'ImageObject', 'WebPage', 'BreadcrumbList', 'ListItem', 'ListItem', 'ListItem', 'FAQPage', 'Question', 'Answer', 'Question', 'Answer', 'Question', 'Answer', 'Organization']",False,/og-image.jpg,/og-image.jpg,ISR (3600s),False,35
/eur/blog/amortization-schedule-explained,src/pages/blog/[slug].tsx,200,,"index, follow (default)",['https://tryfincalc.com/blog/amortization-schedule-explained'],[],False,Amortization Schedule Explained: 2026 Guide | TryFinCalc,Discover how amortization works and see your payoff details. Track how your principal and interest change.,1,"['Article', 'Organization', 'Organization', 'ImageObject', 'WebPage', 'BreadcrumbList', 'ListItem', 'ListItem', 'ListItem', 'FAQPage', 'Question', 'Answer', 'Question', 'Answer', 'Question', 'Answer', 'HowTo', 'HowToStep', 'HowToStep', 'HowToStep', 'HowToStep', 'HowToStep', 'Organization']",False,/og-image.jpg,/og-image.jpg,ISR (3600s),False,3
/eur/blog/calculator-mistakes,src/pages/blog/[slug].tsx,200,,"index, follow (default)",['https://tryfincalc.com/blog/calculator-mistakes'],[],False,7 Mortgage Calculator Mistakes to Avoid in 2026 | TryFinCalc,Avoid the 7 most common mortgage calculator mistakes in 2026. Build a bulletproof housing budget today.,1,"['Article', 'Organization', 'Organization', 'ImageObject', 'WebPage', 'BreadcrumbList', 'ListItem', 'ListItem', 'ListItem', 'Organization']",False,/og-image.jpg,/og-image.jpg,ISR (3600s),False,1
/eur/blog/closing-costs-breakdown,src/pages/blog/[slug].tsx,200,,"index, follow (default)",['https://tryfincalc.com/blog/closing-costs-breakdown'],[],False,Closing Costs Breakdown: 2026 Homebuyer Guide | TryFinCalc,"Review closing-cost categories, editable examples, Loan Estimate fields, and questions for comparing transaction charges.",1,"['Article', 'Organization', 'Organization', 'ImageObject', 'WebPage', 'BreadcrumbList', 'ListItem', 'ListItem', 'ListItem', 'Organization']",False,/og-image.jpg,/og-image.jpg,ISR (3600s),False,2
/eur/blog/compare-loan-offers,src/pages/blog/[slug].tsx,200,,"index, follow (default)",['https://tryfincalc.com/blog/compare-loan-offers'],[],False,How to Compare Loan Offers: 2026 Checklist | TryFinCalc,Master the art of comparing loan estimates and terms. Avoid overpaying on your next 2026 loan.,1,"['Article', 'Organization', 'Organization', 'ImageObject', 'WebPage', 'BreadcrumbList', 'ListItem', 'ListItem', 'ListItem', 'Organization']",False,/og-image.jpg,/og-image.jpg,ISR (3600s),False,3
/eur/blog/down-payment-guide,src/pages/blog/[slug].tsx,200,,"index, follow (default)",['https://tryfincalc.com/blog/down-payment-guide'],[],False,Down Payment Guide: How Much Do You Need in 2026? | TryFinCalc,"Compare down-payment scenarios, mortgage-insurance assumptions, saving timelines, and loan-program questions to verify.",1,"['Article', 'Organization', 'Organization', 'ImageObject', 'WebPage', 'BreadcrumbList', 'ListItem', 'ListItem', 'ListItem', 'Organization']",False,/og-image.jpg,/og-image.jpg,ISR (3600s),False,2
/eur/blog/early-mortgage-payoff,src/pages/blog/[slug].tsx,200,,"index, follow (default)",['https://tryfincalc.com/blog/early-mortgage-payoff'],[],False,Loan Payoff Formula: Save $58k Paying Off Early in 2026 | TryFinCalc,"The loan payoff formula that cuts years off your mortgage — one extra payment a year saves $58,000 in interest on a $300k loan. See your exact payoff plan.",1,"['Article', 'Organization', 'Organization', 'ImageObject', 'WebPage', 'BreadcrumbList', 'ListItem', 'ListItem', 'ListItem', 'Organization']",False,/og-image.jpg,/og-image.jpg,ISR (3600s),False,1
/eur/blog/escrow-accounts-explained,src/pages/blog/[slug].tsx,200,,"index, follow (default)",['https://tryfincalc.com/blog/escrow-accounts-explained'],[],False,Escrow Accounts Explained: 2026 Homeowner Guide | TryFinCalc,Understand exactly how escrow accounts handle your taxes and insurance. Manage your 2026 housing costs.,1,"['Article', 'Organization', 'Organization', 'ImageObject', 'WebPage', 'BreadcrumbList', 'ListItem', 'ListItem', 'ListItem', 'Organization']",False,/og-image.jpg,/og-image.jpg,ISR (3600s),False,1
/eur/blog/extra-payments-impact,src/pages/blog/[slug].tsx,200,,"index, follow (default)",['https://tryfincalc.com/blog/extra-payments-impact'],[],False,Extra Mortgage Payments Impact: 2026 Math Guide | TryFinCalc,Discover the compounding impact of extra mortgage payments in 2026. Calculate your interest savings today.,1,"['Article', 'Organization', 'Organization', 'ImageObject', 'WebPage', 'BreadcrumbList', 'ListItem', 'ListItem', 'ListItem', 'FAQPage', 'Question', 'Answer', 'Question', 'Answer', 'Question', 'Answer', 'Question', 'Answer', 'Question', 'Answer', 'Organization']",False,/og-image.jpg,/og-image.jpg,ISR (3600s),False,1
/eur/blog/fixed-vs-variable-mortgage,src/pages/blog/[slug].tsx,200,,"index, follow (default)",['https://tryfincalc.com/blog/fixed-vs-variable-mortgage'],[],False,Fixed vs Variable Mortgage: 2026 Comparison | TryFinCalc,Deciding between a fixed vs variable mortgage? Compare the risk and savings of each loan type for 2026.,1,"['Article', 'Organization', 'Organization', 'ImageObject', 'WebPage', 'BreadcrumbList', 'ListItem', 'ListItem', 'ListItem', 'FAQPage', 'Question', 'Answer', 'Question', 'Answer', 'Question', 'Answer', 'Organization']",False,/og-image.jpg,/og-image.jpg,ISR (3600s),False,1
/eur/blog/home-purchase-budgeting,src/pages/blog/[slug].tsx,200,,"index, follow (default)",['https://tryfincalc.com/blog/home-purchase-budgeting'],[],False,Home Purchase Budget: 2026 Savings & Cost Guide | TryFinCalc,Build a complete home purchase budget for the 2026 housing market. Account for every hidden closing cost.,1,"['Article', 'Organization', 'Organization', 'ImageObject', 'WebPage', 'BreadcrumbList', 'ListItem', 'ListItem', 'ListItem', 'FAQPage', 'Question', 'Answer', 'Question', 'Answer', 'Question', 'Answer', 'Question', 'Answer', 'Question', 'Answer', 'Organization']",False,/og-image.jpg,/og-image.jpg,ISR (3600s),False,1
/eur/blog/how-much-can-i-borrow,src/pages/blog/[slug].tsx,200,,"index, follow (default)",['https://tryfincalc.com/blog/how-much-can-i-borrow'],[],False,How much can I borrow? Mortgage affordability calculator (2026) | TryFinCalc,Calculate your borrowing power with our 2026 mortgage affordability tool. Learn the 28/36 rule and what salary you need for a $400k loan.,1,"['Article', 'Organization', 'Organization', 'ImageObject', 'WebPage', 'BreadcrumbList', 'ListItem', 'ListItem', 'ListItem', 'FAQPage', 'Question', 'Answer', 'Question', 'Answer', 'Question', 'Answer', 'Organization']",False,/og-image.jpg,/og-image.jpg,ISR (3600s),False,1
/eur/blog/how-much-house-can-i-afford,src/pages/blog/[slug].tsx,200,,"index, follow (default)",['https://tryfincalc.com/blog/how-much-house-can-i-afford'],[],False,Home Affordability Guide: How Much House? | TryFinCalc,Find out how much house you can afford based on your 2026 income. Get a detailed budget breakdown for your search.,1,"['Article', 'Organization', 'Organization', 'ImageObject', 'WebPage', 'BreadcrumbList', 'ListItem', 'ListItem', 'ListItem', 'Organization']",False,/og-image.jpg,/og-image.jpg,ISR (3600s),False,2
/eur/blog/interest-rate-impact,src/pages/blog/[slug].tsx,200,,"index, follow (default)",['https://tryfincalc.com/blog/interest-rate-impact'],[],False,How Interest Rates Affect Your Mortgage | TryFinCalc,Discover how even a 1% rate change affects your lifetime costs. Learn 2026 interest saving strategies.,1,"['Article', 'Organization', 'Organization', 'ImageObject', 'WebPage', 'BreadcrumbList', 'ListItem', 'ListItem', 'ListItem', 'Organization']",False,/og-image.jpg,/og-image.jpg,ISR (3600s),False,1
/eur/blog/loan-calculator-explained,src/pages/blog/[slug].tsx,200,,"index, follow (default)",['https://tryfincalc.com/blog/loan-calculator-explained'],[],False,How to Use a Loan Calculator: 2026 Complete Guide | TryFinCalc,Master our loan calculator with the complete 2026 guide. Understand the true cost of borrowing today.,1,"['Article', 'Organization', 'Organization', 'ImageObject', 'WebPage', 'BreadcrumbList', 'ListItem', 'ListItem', 'ListItem', 'FAQPage', 'Question', 'Answer', 'Question', 'Answer', 'Question', 'Answer', 'HowTo', 'HowToStep', 'HowToStep', 'HowToStep', 'HowToStep', 'HowToStep', 'Organization']",False,/og-image.jpg,/og-image.jpg,ISR (3600s),False,1
/eur/blog/loan-eligibility-by-income,src/pages/blog/[slug].tsx,200,,"index, follow (default)",['https://tryfincalc.com/blog/loan-eligibility-by-income'],[],False,Loan Eligibility by Income: 2026 Borrowing Guide | TryFinCalc,"Explore how income, debts, rate, term, and editable DTI assumptions change a borrowing estimate without predicting lender approval.",1,"['Article', 'Organization', 'Organization', 'ImageObject', 'WebPage', 'BreadcrumbList', 'ListItem', 'ListItem', 'ListItem', 'Organization']",False,/og-image.jpg,/og-image.jpg,ISR (3600s),False,1
/eur/blog/loan-eligibility-by-income-detail,src/pages/blog/[slug].tsx,200,,"index, follow (default)",['https://tryfincalc.com/blog/loan-eligibility-by-income-detail'],[],False,Loan Eligibility by Income: 2026 Salary Tables | TryFinCalc,"Compare illustrative salary-to-payment tables using editable DTI, rate, term, and debt assumptions without predicting approval.",1,"['Article', 'Organization', 'Organization', 'ImageObject', 'WebPage', 'BreadcrumbList', 'ListItem', 'ListItem', 'ListItem', 'FAQPage', 'Question', 'Answer', 'Question', 'Answer', 'Question', 'Answer', 'Question', 'Answer', 'Question', 'Answer', 'Organization']",False,/og-image.jpg,/og-image.jpg,ISR (3600s),False,1
/eur/blog/monthly-payment-formula,src/pages/blog/[slug].tsx,200,,"index, follow (default)",['https://tryfincalc.com/blog/monthly-payment-formula'],[],False,Loan Payment Formula 2026: Exact Formula + $300k Example | TryFinCalc,"The loan payment formula banks use to calculate your monthly bill — see it solved step-by-step on a $300,000 mortgage at 6.8%. Try the free calculator now.",1,"['Article', 'Organization', 'Organization', 'ImageObject', 'WebPage', 'BreadcrumbList', 'ListItem', 'ListItem', 'ListItem', 'Organization']",False,/og-image.jpg,/og-image.jpg,ISR (3600s),False,3
/eur/blog/mortgage-payment-guide,src/pages/blog/[slug].tsx,200,,"index, follow (default)",['https://tryfincalc.com/blog/mortgage-payment-guide'],[],False,How to Calculate Mortgage Payments: 2026 Formula | TryFinCalc,"Learn the exact formula for calculating mortgage payments in 2026. Understand PITI, taxes, and interest costs.",1,"['Article', 'Organization', 'Organization', 'ImageObject', 'WebPage', 'BreadcrumbList', 'ListItem', 'ListItem', 'ListItem', 'Organization']",False,/og-image.jpg,/og-image.jpg,ISR (3600s),False,22
/eur/blog/reduce-mortgage-payment,src/pages/blog/[slug].tsx,200,,"index, follow (default)",['https://tryfincalc.com/blog/reduce-mortgage-payment'],[],False,How to Reduce Mortgage Payment: 8 Proven 2026 Tips | TryFinCalc,"Compare eight ways a mortgage payment might change, including refinance, insurance, taxes, term, and loan-modification questions.",1,"['Article', 'Organization', 'Organization', 'ImageObject', 'WebPage', 'BreadcrumbList', 'ListItem', 'ListItem', 'ListItem', 'Organization']",False,/og-image.jpg,/og-image.jpg,ISR (3600s),False,3
/eur/blog/refinance-calculator-guide,src/pages/blog/[slug].tsx,200,,"index, follow (default)",['https://tryfincalc.com/blog/refinance-calculator-guide'],[],False,How to Use Refinance Calculator: 2026 Step-by-Step | TryFinCalc,Master our refinance calculator with this 2026 step-by-step guide. Find your break-even point instantly.,1,"['Article', 'Organization', 'Organization', 'ImageObject', 'WebPage', 'BreadcrumbList', 'ListItem', 'ListItem', 'ListItem', 'FAQPage', 'Question', 'Answer', 'Question', 'Answer', 'Question', 'Answer', 'Question', 'Answer', 'Question', 'Answer', 'Organization']",False,/og-image.jpg,/og-image.jpg,ISR (3600s),False,2
/eur/blog/rent-vs-buy-2026,src/pages/blog/[slug].tsx,200,,"index, follow (default)",['https://tryfincalc.com/blog/rent-vs-buy-2026'],[],False,Rent vs Buy 2026: Real Cost & Break-Even Analysis | TryFinCalc,Evaluate the real cost of renting vs buying in 2026. Use our data-driven breakdown to decide.,1,"['Article', 'Organization', 'Organization', 'ImageObject', 'WebPage', 'BreadcrumbList', 'ListItem', 'ListItem', 'ListItem', 'Organization']",False,/og-image.jpg,/og-image.jpg,ISR (3600s),False,1
/eur/blog/total-interest-explained,src/pages/blog/[slug].tsx,200,,"index, follow (default)",['https://tryfincalc.com/blog/total-interest-explained'],[],False,Total Interest Paid 2026: Lifetime Loan Cost | TryFinCalc,Discover the true cost of your debt across different loan terms. Learn how to reduce total interest significantly.,1,"['Article', 'Organization', 'Organization', 'ImageObject', 'WebPage', 'BreadcrumbList', 'ListItem', 'ListItem', 'ListItem', 'Organization']",False,/og-image.jpg,/og-image.jpg,ISR (3600s),False,9
/eur/blog/va-loans-guide,src/pages/blog/[slug].tsx,200,,"index, follow (default)",['https://tryfincalc.com/blog/va-loans-guide'],[],False,VA Loans Guide 2026: Requirements & Benefits | TryFinCalc,"Review VA home-loan eligibility, benefit, funding-fee, appraisal, and application questions with links to current official VA guidance.",1,"['Article', 'Organization', 'Organization', 'ImageObject', 'WebPage', 'BreadcrumbList', 'ListItem', 'ListItem', 'ListItem', 'Organization']",False,/og-image.jpg,/og-image.jpg,ISR (3600s),False,1
/eur/blog/when-to-refinance,src/pages/blog/[slug].tsx,200,,"index, follow (default)",['https://tryfincalc.com/blog/when-to-refinance'],[],False,When to Refinance Mortgage: 2026 Break-Even Guide | TryFinCalc,Find out when refinancing your mortgage makes sense in 2026. Calculate your exact break-even point today.,1,"['Article', 'Organization', 'Organization', 'ImageObject', 'WebPage', 'BreadcrumbList', 'ListItem', 'ListItem', 'ListItem', 'Organization']",False,/og-image.jpg,/og-image.jpg,ISR (3600s),False,1
/eur/calculator/10k-personal-loan-repayment-10-percent,src/pages/calculator/[slug].tsx,200,,"index, follow (default)",['https://tryfincalc.com/calculator/10k-personal-loan-repayment-10-percent'],[],False,"$10,000 Personal Loan at 10%: Full Repayment Breakdown | TryFinCalc","What are the monthly payments on a $10,000 personal loan at 10% interest? See exact payments by term, total interest, rate sensitivity, and offer-comparison questions.",1,"['FAQPage', 'Question', 'Answer', 'Question', 'Answer', 'Question', 'Answer', 'Question', 'Answer', 'BreadcrumbList', 'ListItem', 'ListItem', 'Organization']",False,/og-image.jpg,/og-image.jpg,SSG,False,6
/eur/calculator/150k-mortgage-monthly-payment-3-5-percent-eur,src/pages/calculator/[slug].tsx,200,,"index, follow (default)",['https://tryfincalc.com/eur/calculator/150k-mortgage-monthly-payment-3-5-percent-eur'],"[{'rel': 'alternate', 'hreflang': 'en', 'href': 'https://tryfincalc.com/eur/calculator/150k-mortgage-monthly-payment-3-5-percent-eur', 'data-next-head': ''}, {'rel': 'alternate', 'hreflang': 'x-default', 'href': 'https://tryfincalc.com/calculator/150k-mortgage-monthly-payment-3-5-percent-eur', 'data-next-head': ''}]",True,"€150,000 Mortgage at 3.5%: Monthly Payment & Affordability Guide | TryFinCalc","€150,000 mortgage at 3.5% over 25 years in. Exact monthly payment, rate table, illustrative affordability check, and Euribor vs fixed rate guidance.",1,"['FAQPage', 'Question', 'Answer', 'Question', 'Answer', 'Question', 'Answer', 'Question', 'Answer', 'BreadcrumbList', 'ListItem', 'ListItem', 'Organization']",False,/og-image.jpg,/og-image.jpg,SSG,False,0
/eur/calculator/15k-loan-monthly-payment-10-percent,src/pages/calculator/[slug].tsx,200,,"index, follow (default)",['https://tryfincalc.com/calculator/15k-loan-monthly-payment-10-percent'],[],False,"$15,000 Personal Loan at 10%: Full Repayment Breakdown | TryFinCalc","$15,000 personal loan at 10%: $484/month over 3 years and $2,424 total interest. Compare terms, example rates, and written offers.",1,"['FAQPage', 'Question', 'Answer', 'Question', 'Answer', 'Question', 'Answer', 'Question', 'Answer', 'BreadcrumbList', 'ListItem', 'ListItem', 'Organization']",False,/og-image.jpg,/og-image.jpg,SSG,False,0
/eur/calculator/200k-mortgage-monthly-payment-3-5-percent-eur,src/pages/calculator/[slug].tsx,200,,"index, follow (default)",['https://tryfincalc.com/eur/calculator/200k-mortgage-monthly-payment-3-5-percent-eur'],"[{'rel': 'alternate', 'hreflang': 'en', 'href': 'https://tryfincalc.com/eur/calculator/200k-mortgage-monthly-payment-3-5-percent-eur', 'data-next-head': ''}, {'rel': 'alternate', 'hreflang': 'x-default', 'href': 'https://tryfincalc.com/calculator/200k-mortgage-monthly-payment-3-5-percent-eur', 'data-next-head': ''}]",True,"€200,000 Mortgage at 3.5%: Monthly Payment, Payments & Rate Guide | TryFinCalc","€200,000 mortgage at 3.5% over 25 years in. Monthly payment €1,001, income at 33% DTI, rate table, and country notes for Belgium and France.",1,"['FAQPage', 'Question', 'Answer', 'Question', 'Answer', 'Question', 'Answer', 'Question', 'Answer', 'BreadcrumbList', 'ListItem', 'ListItem', 'Organization']",False,/og-image.jpg,/og-image.jpg,SSG,False,0
/eur/calculator/20k-loan-monthly-payment-10-percent,src/pages/calculator/[slug].tsx,200,,"index, follow (default)",['https://tryfincalc.com/calculator/20k-loan-monthly-payment-10-percent'],[],False,"$20,000 Personal Loan at 10%: Payment & Total Cost Guide | TryFinCalc","$20,000 personal loan at a 10% example rate: compare monthly payments, total interest, terms, and editable borrower assumptions.",1,"['FAQPage', 'Question', 'Answer', 'Question', 'Answer', 'Question', 'Answer', 'Question', 'Answer', 'BreadcrumbList', 'ListItem', 'ListItem', 'Organization']",False,/og-image.jpg,/og-image.jpg,SSG,False,0
/eur/calculator/250k-mortgage-monthly-payment-3-5-percent,src/pages/calculator/[slug].tsx,200,,"index, follow (default)",['https://tryfincalc.com/calculator/250k-mortgage-monthly-payment-3-5-percent'],[],False,"$250,000 Mortgage at 3.5%: Your Complete Payment Breakdown | TryFinCalc","What is the monthly payment on a $250,000 mortgage at a 3.5% example rate? See P&I, total interest, editable cost assumptions, and rate sensitivity.",1,"['FAQPage', 'Question', 'Answer', 'Question', 'Answer', 'Question', 'Answer', 'Question', 'Answer', 'BreadcrumbList', 'ListItem', 'ListItem', 'Organization']",False,/og-image.jpg,/og-image.jpg,SSG,False,1
/eur/calculator/250k-mortgage-monthly-payment-3-5-percent-eur,src/pages/calculator/[slug].tsx,200,,"index, follow (default)",['https://tryfincalc.com/eur/calculator/250k-mortgage-monthly-payment-3-5-percent-eur'],"[{'rel': 'alternate', 'hreflang': 'en', 'href': 'https://tryfincalc.com/eur/calculator/250k-mortgage-monthly-payment-3-5-percent-eur', 'data-next-head': ''}, {'rel': 'alternate', 'hreflang': 'x-default', 'href': 'https://tryfincalc.com/calculator/250k-mortgage-monthly-payment-3-5-percent-eur', 'data-next-head': ''}]",True,"€250,000 Mortgage at 3.5%: Monthly Payment & Affordability Guide | TryFinCalc","€250,000 mortgage at a 3.5% example rate for 25 years: €1,252 monthly principal and interest, an editable stress test, and rate sensitivity.",1,"['FAQPage', 'Question', 'Answer', 'Question', 'Answer', 'Question', 'Answer', 'Question', 'Answer', 'BreadcrumbList', 'ListItem', 'ListItem', 'Organization']",False,/og-image.jpg,/og-image.jpg,SSG,False,0
/eur/calculator/25k-personal-loan-repayment-8-percent,src/pages/calculator/[slug].tsx,200,,"index, follow (default)",['https://tryfincalc.com/calculator/25k-personal-loan-repayment-8-percent'],[],False,"$25,000 Personal Loan at 8%: Full Repayment Breakdown | TryFinCalc","What are the monthly payments on a $25,000 personal loan at 8% interest? See exact payments by term, total interest, rate sensitivity, and offer-comparison questions.",1,"['FAQPage', 'Question', 'Answer', 'Question', 'Answer', 'Question', 'Answer', 'Question', 'Answer', 'BreadcrumbList', 'ListItem', 'ListItem', 'Organization']",False,/og-image.jpg,/og-image.jpg,SSG,False,6
/eur/calculator/300k-mortgage-monthly-payment-3-5-percent-eur,src/pages/calculator/[slug].tsx,200,,"index, follow (default)",['https://tryfincalc.com/eur/calculator/300k-mortgage-monthly-payment-3-5-percent-eur'],"[{'rel': 'alternate', 'hreflang': 'en', 'href': 'https://tryfincalc.com/eur/calculator/300k-mortgage-monthly-payment-3-5-percent-eur', 'data-next-head': ''}, {'rel': 'alternate', 'hreflang': 'x-default', 'href': 'https://tryfincalc.com/calculator/300k-mortgage-monthly-payment-3-5-percent-eur', 'data-next-head': ''}]",True,"€300,000 Mortgage at 3.5%: Monthly Payment & Income Guide | TryFinCalc","€300,000 mortgage at 3.5% over 25 years in: exact monthly payment, full rate table, illustrative affordability check, and country notes for buyers.",1,"['FAQPage', 'Question', 'Answer', 'Question', 'Answer', 'Question', 'Answer', 'Question', 'Answer', 'BreadcrumbList', 'ListItem', 'ListItem', 'Organization']",False,/og-image.jpg,/og-image.jpg,SSG,False,0
/eur/calculator/300k-mortgage-monthly-payment-6-percent,src/pages/calculator/[slug].tsx,200,,"index, follow (default)",['https://tryfincalc.com/calculator/300k-mortgage-monthly-payment-6-percent'],[],False,"$300,000 Mortgage at 6%: Your Complete Payment Breakdown | TryFinCalc","What is the monthly payment on a $300,000 mortgage at a 6% example rate? See P&I, editable cost inputs, total interest, illustrative income scenarios, and amortization.",1,"['FAQPage', 'Question', 'Answer', 'Question', 'Answer', 'Question', 'Answer', 'Question', 'Answer', 'BreadcrumbList', 'ListItem', 'ListItem', 'Organization']",False,/og-image.jpg,/og-image.jpg,SSG,False,16
/eur/calculator/30k-loan-monthly-payment-9-percent,src/pages/calculator/[slug].tsx,200,,"index, follow (default)",['https://tryfincalc.com/calculator/30k-loan-monthly-payment-9-percent'],[],False,"$30,000 Personal Loan at 9%: Payments, Costs & Savings | TryFinCalc","$30,000 personal loan at 9%: $623/month for 5 years and $7,380 total interest. See term, rate-sensitivity, and consolidation scenarios.",1,"['FAQPage', 'Question', 'Answer', 'Question', 'Answer', 'Question', 'Answer', 'Question', 'Answer', 'BreadcrumbList', 'ListItem', 'ListItem', 'Organization']",False,/og-image.jpg,/og-image.jpg,SSG,False,0
/eur/calculator/350k-mortgage-monthly-payment-3-5-percent-eur,src/pages/calculator/[slug].tsx,200,,"index, follow (default)",['https://tryfincalc.com/eur/calculator/350k-mortgage-monthly-payment-3-5-percent-eur'],"[{'rel': 'alternate', 'hreflang': 'en', 'href': 'https://tryfincalc.com/eur/calculator/350k-mortgage-monthly-payment-3-5-percent-eur', 'data-next-head': ''}, {'rel': 'alternate', 'hreflang': 'x-default', 'href': 'https://tryfincalc.com/calculator/350k-mortgage-monthly-payment-3-5-percent-eur', 'data-next-head': ''}]",True,"€350,000 Mortgage at 3.5%: Payments, Payments & Rate Guide | TryFinCalc","€350,000 mortgage at a 3.5% example rate for 25 years: €1,752 monthly principal and interest, an editable stress test, and rate sensitivity.",1,"['FAQPage', 'Question', 'Answer', 'Question', 'Answer', 'Question', 'Answer', 'Question', 'Answer', 'BreadcrumbList', 'ListItem', 'ListItem', 'Organization']",False,/og-image.jpg,/og-image.jpg,SSG,False,0
/eur/calculator/350k-mortgage-monthly-payment-6-5-percent,src/pages/calculator/[slug].tsx,200,,"index, follow (default)",['https://tryfincalc.com/calculator/350k-mortgage-monthly-payment-6-5-percent'],[],False,"$350,000 Mortgage at 6.5%: Your Complete Payment Breakdown | TryFinCalc","What is the monthly payment on a $350,000 mortgage at a 6.5% example rate? See P&I, editable housing-cost assumptions, and rate sensitivity.",1,"['FAQPage', 'Question', 'Answer', 'Question', 'Answer', 'Question', 'Answer', 'Question', 'Answer', 'BreadcrumbList', 'ListItem', 'ListItem', 'Organization']",False,/og-image.jpg,/og-image.jpg,SSG,False,16
/eur/calculator/400k-mortgage-monthly-payment-3-5-percent-eur,src/pages/calculator/[slug].tsx,200,,"index, follow (default)",['https://tryfincalc.com/eur/calculator/400k-mortgage-monthly-payment-3-5-percent-eur'],"[{'rel': 'alternate', 'hreflang': 'en', 'href': 'https://tryfincalc.com/eur/calculator/400k-mortgage-monthly-payment-3-5-percent-eur', 'data-next-head': ''}, {'rel': 'alternate', 'hreflang': 'x-default', 'href': 'https://tryfincalc.com/calculator/400k-mortgage-monthly-payment-3-5-percent-eur', 'data-next-head': ''}]",True,"€400,000 Mortgage at 3.5%: Jumbo Loan Payment & Income Guide | TryFinCalc","€400,000 mortgage at 3.5% over 25 years in: monthly payment €2,002, illustrative affordability check, jumbo-loan notes, and full rate sensitivity table.",1,"['FAQPage', 'Question', 'Answer', 'Question', 'Answer', 'Question', 'Answer', 'Question', 'Answer', 'BreadcrumbList', 'ListItem', 'ListItem', 'Organization']",False,/og-image.jpg,/og-image.jpg,SSG,False,0
/eur/calculator/400k-mortgage-monthly-payment-4-percent,src/pages/calculator/[slug].tsx,200,,"index, follow (default)",['https://tryfincalc.com/calculator/400k-mortgage-monthly-payment-4-percent'],[],False,"$400,000 Mortgage at 4%: Your Complete Payment Breakdown | TryFinCalc","What is the monthly payment on a $400,000 mortgage at a 4% example rate? See P&I, total interest, editable cost assumptions, and rate sensitivity.",1,"['FAQPage', 'Question', 'Answer', 'Question', 'Answer', 'Question', 'Answer', 'Question', 'Answer', 'BreadcrumbList', 'ListItem', 'ListItem', 'Organization']",False,/og-image.jpg,/og-image.jpg,SSG,False,1
/eur/calculator/50k-loan-monthly-payment-8-percent,src/pages/calculator/[slug].tsx,200,,"index, follow (default)",['https://tryfincalc.com/calculator/50k-loan-monthly-payment-8-percent'],[],False,"$50,000 Personal Loan at 8%: Payment, Costs & HELOC Guide | TryFinCalc","$50,000 personal loan at an 8% example rate: $780/month for 7 years and $15,520 total interest, with term and APR sensitivity tables.",1,"['FAQPage', 'Question', 'Answer', 'Question', 'Answer', 'Question', 'Answer', 'Question', 'Answer', 'BreadcrumbList', 'ListItem', 'ListItem', 'Organization']",False,/og-image.jpg,/og-image.jpg,SSG,False,0
/eur/calculator/5k-loan-monthly-payment-12-percent,src/pages/calculator/[slug].tsx,200,,"index, follow (default)",['https://tryfincalc.com/calculator/5k-loan-monthly-payment-12-percent'],[],False,"$5,000 Personal Loan at 12%: Payments, Costs & Timeline | TryFinCalc","Monthly payment on a $5,000 personal loan at 12% is $166 over 3 years — $976 total interest. Full term table, rate sensitivity, and offer-comparison guide.",1,"['FAQPage', 'Question', 'Answer', 'Question', 'Answer', 'Question', 'Answer', 'Question', 'Answer', 'BreadcrumbList', 'ListItem', 'ListItem', 'Organization']",False,/og-image.jpg,/og-image.jpg,SSG,False,2
/eur/calculator/700k-mortgage-monthly-payment-7-percent,src/pages/calculator/[slug].tsx,200,,"index, follow (default)",['https://tryfincalc.com/calculator/700k-mortgage-monthly-payment-7-percent'],[],False,"$700,000 Mortgage at 7%: Your Complete Payment Breakdown | TryFinCalc","What is the monthly payment on a $700,000 mortgage at a 7% example rate? See P&I, editable cost inputs, illustrative income scenarios, and rate sensitivity.",1,"['FAQPage', 'Question', 'Answer', 'Question', 'Answer', 'Question', 'Answer', 'Question', 'Answer', 'BreadcrumbList', 'ListItem', 'ListItem', 'Organization']",False,/og-image.jpg,/og-image.jpg,SSG,False,2
/eur/calculator/how-much-house-can-i-afford-100k-salary,src/pages/calculator/[slug].tsx,200,,"index, follow (default)",['https://tryfincalc.com/calculator/how-much-house-can-i-afford-100k-salary'],[],False,How Much House Can I Afford on a $100k Salary in 2026? | TryFinCalc,"Explore a $100,000 salary scenario with editable payment, debt, down-payment, rate, tax, and insurance assumptions.",1,"['FAQPage', 'Question', 'Answer', 'Question', 'Answer', 'Question', 'Answer', 'Question', 'Answer', 'BreadcrumbList', 'ListItem', 'ListItem', 'Organization']",False,/og-image.jpg,/og-image.jpg,SSG,False,5
/eur/calculator/how-much-house-can-i-afford-50k-salary,src/pages/calculator/[slug].tsx,200,,"index, follow (default)",['https://tryfincalc.com/calculator/how-much-house-can-i-afford-50k-salary'],[],False,"How Much House Can I Afford on a $50,000 Salary in 2026? | TryFinCalc","Explore a $50,000 salary scenario with editable payment, debt, down-payment, rate, tax, and insurance assumptions.",1,"['FAQPage', 'Question', 'Answer', 'Question', 'Answer', 'Question', 'Answer', 'Question', 'Answer', 'BreadcrumbList', 'ListItem', 'ListItem', 'Organization']",False,/og-image.jpg,/og-image.jpg,SSG,False,5
/eur/calculator/how-much-house-can-i-afford-60k-salary,src/pages/calculator/[slug].tsx,200,,"index, follow (default)",['https://tryfincalc.com/calculator/how-much-house-can-i-afford-60k-salary'],[],False,"How Much House Can I Afford on a $60,000 Salary in 2026? | TryFinCalc","Explore a $60,000 salary scenario with editable payment, debt, down-payment, rate, tax, and insurance assumptions.",1,"['FAQPage', 'Question', 'Answer', 'Question', 'Answer', 'Question', 'Answer', 'Question', 'Answer', 'BreadcrumbList', 'ListItem', 'ListItem', 'Organization']",False,/og-image.jpg,/og-image.jpg,SSG,False,3
/eur/calculator/how-much-house-can-i-afford-70k-salary,src/pages/calculator/[slug].tsx,200,,"index, follow (default)",['https://tryfincalc.com/calculator/how-much-house-can-i-afford-70k-salary'],[],False,"How Much House Can I Afford on a $70,000 Salary in 2026? | TryFinCalc","How much house can you afford on a $70,000 salary? Compare editable rate, debt, down-payment, tax, and insurance scenarios.",1,"['FAQPage', 'Question', 'Answer', 'Question', 'Answer', 'Question', 'Answer', 'Question', 'Answer', 'BreadcrumbList', 'ListItem', 'ListItem', 'Organization']",False,/og-image.jpg,/og-image.jpg,SSG,False,1
/eur/calculator/how-much-house-can-i-afford-80k-salary,src/pages/calculator/[slug].tsx,200,,"index, follow (default)",['https://tryfincalc.com/calculator/how-much-house-can-i-afford-80k-salary'],[],False,"How Much House Can I Afford on an $80,000 Salary in 2026? | TryFinCalc","How much house can you afford on an $80,000 salary in 2026? Get your max home price, monthly PITI breakdown, debt tables, and down payment analysis.",1,"['FAQPage', 'Question', 'Answer', 'Question', 'Answer', 'Question', 'Answer', 'Question', 'Answer', 'BreadcrumbList', 'ListItem', 'ListItem', 'Organization']",False,/og-image.jpg,/og-image.jpg,SSG,False,1
/eur/calculator/how-much-house-can-i-afford-90k-salary,src/pages/calculator/[slug].tsx,200,,"index, follow (default)",['https://tryfincalc.com/calculator/how-much-house-can-i-afford-90k-salary'],[],False,"How Much House Can I Afford on a $90,000 Salary in 2026? | TryFinCalc","How much house can you afford on a $90,000 salary? Compare editable rate, debt, down-payment, tax, and insurance scenarios.",1,"['FAQPage', 'Question', 'Answer', 'Question', 'Answer', 'Question', 'Answer', 'Question', 'Answer', 'BreadcrumbList', 'ListItem', 'ListItem', 'Organization']",False,/og-image.jpg,/og-image.jpg,SSG,False,0
/eur/calculator/income-required-for-200k-house,src/pages/calculator/[slug].tsx,200,,"index, follow (default)",['https://tryfincalc.com/calculator/income-required-for-200k-house'],[],False,"What Income Do You Need to Buy a $200,000 House in 2026? | TryFinCalc","Planning to buy a $200,000 home? See illustrative income scenarios, an editable cost breakdown, and how existing debts change the selected planning ratios.",1,"['FAQPage', 'Question', 'Answer', 'Question', 'Answer', 'Question', 'Answer', 'Question', 'Answer', 'BreadcrumbList', 'ListItem', 'ListItem', 'Organization']",False,/og-image.jpg,/og-image.jpg,SSG,False,0
/eur/calculator/income-required-for-300k-house,src/pages/calculator/[slug].tsx,200,,"index, follow (default)",['https://tryfincalc.com/calculator/income-required-for-300k-house'],[],False,"How Much Income Do You Need for a $300,000 Home in 2026? | TryFinCalc","What income do you need for a $300,000 house? See illustrative income scenarios, an editable cost breakdown, and how existing debts change the selected planning ratios.",1,"['FAQPage', 'Question', 'Answer', 'Question', 'Answer', 'Question', 'Answer', 'Question', 'Answer', 'BreadcrumbList', 'ListItem', 'ListItem', 'Organization']",False,/og-image.jpg,/og-image.jpg,SSG,False,0
/eur/calculator/income-required-for-400k-house,src/pages/calculator/[slug].tsx,200,,"index, follow (default)",['https://tryfincalc.com/calculator/income-required-for-400k-house'],[],False,"What Annual Income Do You Need for a $400,000 House in 2026? | TryFinCalc","What income do you need for a $400,000 house? See illustrative income scenarios, an editable cost breakdown, and how debt changes the result at a 6.8% example rate.",1,"['FAQPage', 'Question', 'Answer', 'Question', 'Answer', 'Question', 'Answer', 'Question', 'Answer', 'BreadcrumbList', 'ListItem', 'ListItem', 'Organization']",False,/og-image.jpg,/og-image.jpg,SSG,False,0
/eur/calculator/income-required-for-500k-house,src/pages/calculator/[slug].tsx,200,,"index, follow (default)",['https://tryfincalc.com/calculator/income-required-for-500k-house'],[],False,"What Income Is Required to Buy a $500,000 House in 2026? | TryFinCalc","Buying a $500,000 home takes strong income. See illustrative income scenarios, editable tax and insurance assumptions, and a down-payment impact analysis.",1,"['FAQPage', 'Question', 'Answer', 'Question', 'Answer', 'Question', 'Answer', 'Question', 'Answer', 'BreadcrumbList', 'ListItem', 'ListItem', 'Organization']",False,/og-image.jpg,/og-image.jpg,SSG,False,0
/eur/calculator/income-required-for-600k-house,src/pages/calculator/[slug].tsx,200,,"index, follow (default)",['https://tryfincalc.com/calculator/income-required-for-600k-house'],[],False,"What Salary Do You Need to Afford a $600,000 Home in 2026? | TryFinCalc","What income do you need for a $600,000 house? See illustrative income scenarios, editable cost assumptions, debt sensitivity, and down-payment options.",1,"['FAQPage', 'Question', 'Answer', 'Question', 'Answer', 'Question', 'Answer', 'Question', 'Answer', 'BreadcrumbList', 'ListItem', 'ListItem', 'Organization']",False,/og-image.jpg,/og-image.jpg,SSG,False,0
/eur/calculator/income-required-for-700k-house,src/pages/calculator/[slug].tsx,200,,"index, follow (default)",['https://tryfincalc.com/calculator/income-required-for-700k-house'],[],False,"Illustrative Income for a $700,000 House | TryFinCalc","Buying a $700,000 home puts you in a top income bracket. See illustrative income scenarios, editable cost assumptions, a debt-impact table, and down-payment scenarios.",1,"['FAQPage', 'Question', 'Answer', 'Question', 'Answer', 'Question', 'Answer', 'Question', 'Answer', 'BreadcrumbList', 'ListItem', 'ListItem', 'Organization']",False,/og-image.jpg,/og-image.jpg,SSG,False,0
/eur/contact,src/pages/contact.tsx,200,,"noindex, follow",['https://tryfincalc.com/contact'],[],False,Contact TryFinCalc: Get Expert Financial Advice | TryFinCalc,"Contact TryFinCalc with questions, feedback or calculator requests.",1,['Organization'],False,/og-image.jpg,/og-image.jpg,static HTML with client hydration,False,82
/eur/editorial-policy,src/pages/editorial-policy.tsx,200,,"index, follow (default)",['https://tryfincalc.com/editorial-policy'],[],False,Editorial Policy and Corrections | TryFinCalc,"Authorship, source selection, substantive updates, funding disclosures and error correction at TryFinCalc.",1,['Organization'],False,/og-image.jpg,/og-image.jpg,static HTML with client hydration,False,82
/eur/faq,src/pages/faq.tsx,200,,"index, follow (default)",['https://tryfincalc.com/faq'],[],False,"Financial Calculator FAQs — Mortgage, Loan & Affordability Questions Answered | TryFinCalc","Answers to the most common mortgage, loan, affordability, and refinancing questions. Includes real examples, formulas, and links to free calculators.",1,"['BreadcrumbList', 'ListItem', 'FAQPage', 'Question', 'Answer', 'Question', 'Answer', 'Question', 'Answer', 'Question', 'Answer', 'Question', 'Answer', 'Question', 'Answer', 'Question', 'Answer', 'Question', 'Answer', 'Question', 'Answer', 'Question', 'Answer', 'Question', 'Answer', 'Question', 'Answer', 'Question', 'Answer', 'Question', 'Answer', 'Question', 'Answer', 'Question', 'Answer', 'Question', 'Answer', 'Question', 'Answer', 'Question', 'Answer', 'Question', 'Answer', 'Organization']",False,/og-image.jpg,/og-image.jpg,static HTML with client hydration,False,82
/eur/loan-calculator,src/pages/loan-calculator.tsx,200,,"index, follow (default)",['https://tryfincalc.com/loan-calculator'],[],False,Personal Loan Calculator: Estimator & FAQ | TryFinCalc,Estimate installments for any personal or auto loan. See your monthly payment in seconds and compare total interest costs across various 2026 terms.,1,"['WebApplication', 'Offer', 'BreadcrumbList', 'ListItem', 'ListItem', 'Organization']",False,/og-image.jpg,/og-image.jpg,static HTML with client hydration,False,82
/eur/methodology,src/pages/methodology.tsx,200,,"index, follow (default)",['https://tryfincalc.com/methodology'],[],False,Calculation Methodology and Assumptions | TryFinCalc,"Payment formulas, rounding, financial model assumptions, exclusions and tested examples for TryFinCalc calculators.",1,['Organization'],False,/og-image.jpg,/og-image.jpg,static HTML with client hydration,False,82
/eur/monthly-payment-calculator,src/pages/monthly-payment-calculator.tsx,200,,"index, follow (default)",['https://tryfincalc.com/monthly-payment-calculator'],[],False,Monthly Payment Calculator: Fast Loan Estimates | TryFinCalc,Get an instant breakdown of your monthly obligation for any loan. See your monthly payment in seconds with our 2026 calculator. No sign-up required.,1,['Organization'],False,/og-image.jpg,/og-image.jpg,static HTML with client hydration,False,82
/eur/mortgage-calculator,src/pages/mortgage-calculator.tsx,200,,"index, follow (default)",['https://tryfincalc.com/mortgage-calculator'],[],False,Mortgage Calculator 2026: Monthly Payment Tool | TryFinCalc,Calculate your monthly mortgage payment with taxes and insurance. Compare rate scenarios and see your estimated monthly payment with our free 2026 tool.,1,"['WebApplication', 'Offer', 'BreadcrumbList', 'ListItem', 'ListItem', 'Organization']",False,/og-image.jpg,/og-image.jpg,static HTML with client hydration,False,82
/eur/privacy-policy,src/pages/privacy-policy.tsx,200,,"noindex, follow",['https://tryfincalc.com/privacy-policy'],[],False,Privacy Policy | TryFinCalc,"TryFinCalc privacy policy: how we handle your data, cookies, Google AdSense advertising, and your rights under GDPR and CCPA.",1,['Organization'],False,/og-image.jpg,/og-image.jpg,static HTML with client hydration,False,82
/eur/refinancing-calculator,src/pages/refinancing-calculator.tsx,200,,"index, follow (default)",['https://tryfincalc.com/refinancing-calculator'],[],False,Mortgage Refinance Calculator: Break-Even Tool | TryFinCalc,"Compare current and proposed loan payments, estimated lifetime savings and the time needed to recover refinancing costs.",1,"['WebApplication', 'Offer', 'BreadcrumbList', 'ListItem', 'ListItem', 'Organization']",False,/og-image.jpg,/og-image.jpg,static HTML with client hydration,False,82
/eur/rent-vs-buy,src/pages/rent-vs-buy.tsx,200,,"index, follow (default)",['https://tryfincalc.com/rent-vs-buy'],[],False,Rent vs Buy: Cost and Sensitivity Calculator | TryFinCalc,"Compare estimated discounted renting and ownership costs, sale equity, opportunity cost and sensitivity to appreciation and investment returns.",1,"['WebApplication', 'Offer', 'Organization']",False,/og-image.jpg,/og-image.jpg,static HTML with client hydration,False,82
/eur/search,src/pages/search.tsx,200,,"noindex, follow",[],[],False,"Search results for """" | TryFinCalc",Search results for articles and calculators on TryFinCalc.,1,['Organization'],False,/og-image.jpg,/og-image.jpg,static HTML with client hydration,False,0
/eur/terms-of-service,src/pages/terms-of-service.tsx,200,,"noindex, follow",['https://tryfincalc.com/terms-of-service'],[],False,Terms of Service: Usage Rules & Disclaimer | TryFinCalc,Review our terms of service and usage rules. Learn how to see your monthly payment in seconds safely using our free and transparent 2026 tools.,1,['Organization'],False,/og-image.jpg,/og-image.jpg,static HTML with client hydration,False,82
/eur/total-interest-calculator,src/pages/total-interest-calculator.tsx,200,,"index, follow (default)",['https://tryfincalc.com/total-interest-calculator'],[],False,Total Interest Calculator: Lifetime Loan Cost | TryFinCalc,"Calculate total interest and total repayment for a fixed-rate loan from its principal, annual interest rate and term.",1,['Organization'],False,/og-image.jpg,/og-image.jpg,static HTML with client hydration,False,82
/faq,src/pages/faq.tsx,200,,"index, follow (default)",['https://tryfincalc.com/faq'],[],True,"Financial Calculator FAQs — Mortgage, Loan & Affordability Questions Answered | TryFinCalc","Answers to the most common mortgage, loan, affordability, and refinancing questions. Includes real examples, formulas, and links to free calculators.",1,"['BreadcrumbList', 'ListItem', 'FAQPage', 'Question', 'Answer', 'Question', 'Answer', 'Question', 'Answer', 'Question', 'Answer', 'Question', 'Answer', 'Question', 'Answer', 'Question', 'Answer', 'Question', 'Answer', 'Question', 'Answer', 'Question', 'Answer', 'Question', 'Answer', 'Question', 'Answer', 'Question', 'Answer', 'Question', 'Answer', 'Question', 'Answer', 'Question', 'Answer', 'Question', 'Answer', 'Question', 'Answer', 'Question', 'Answer', 'Question', 'Answer', 'Organization']",False,/og-image.jpg,/og-image.jpg,static HTML with client hydration,False,164
/loan-calculator,src/pages/loan-calculator.tsx,200,,"index, follow (default)",['https://tryfincalc.com/loan-calculator'],[],True,Personal Loan Calculator: Estimator & FAQ | TryFinCalc,Estimate installments for any personal or auto loan. See your monthly payment in seconds and compare total interest costs across various 2026 terms.,1,"['WebApplication', 'Offer', 'BreadcrumbList', 'ListItem', 'ListItem', 'Organization']",False,/og-image.jpg,/og-image.jpg,static HTML with client hydration,False,187
/logo.png,public asset / redirect / discovered route,404,,"index, follow (default)",[],[],False,404: This page could not be found,,1,['Organization'],False,,,static HTML with client hydration,False,0
/methodology,src/pages/methodology.tsx,200,,"index, follow (default)",['https://tryfincalc.com/methodology'],[],False,Calculation Methodology and Assumptions | TryFinCalc,"Payment formulas, rounding, financial model assumptions, exclusions and tested examples for TryFinCalc calculators.",1,['Organization'],False,/og-image.jpg,/og-image.jpg,static HTML with client hydration,False,164
/monthly-payment-calculator,src/pages/monthly-payment-calculator.tsx,200,,"index, follow (default)",['https://tryfincalc.com/monthly-payment-calculator'],[],True,Monthly Payment Calculator: Fast Loan Estimates | TryFinCalc,Get an instant breakdown of your monthly obligation for any loan. See your monthly payment in seconds with our 2026 calculator. No sign-up required.,1,['Organization'],False,/og-image.jpg,/og-image.jpg,static HTML with client hydration,False,171
/mortgage-calculator,src/pages/mortgage-calculator.tsx,200,,"index, follow (default)",['https://tryfincalc.com/mortgage-calculator'],[],True,Mortgage Calculator 2026: Monthly Payment Tool | TryFinCalc,Calculate your monthly mortgage payment with taxes and insurance. Compare rate scenarios and see your estimated monthly payment with our free 2026 tool.,1,"['WebApplication', 'Offer', 'BreadcrumbList', 'ListItem', 'ListItem', 'Organization']",False,/og-image.jpg,/og-image.jpg,static HTML with client hydration,False,220
/og-image.jpg,public asset / redirect / discovered route,404,,"index, follow (default)",[],[],False,404: This page could not be found,,1,['Organization'],False,,,static HTML with client hydration,False,0
/og-image.png,public asset / redirect / discovered route,404,,"index, follow (default)",[],[],False,404: This page could not be found,,1,['Organization'],False,,,static HTML with client hydration,False,0
/privacy-policy,src/pages/privacy-policy.tsx,200,,"noindex, follow",['https://tryfincalc.com/privacy-policy'],[],True,Privacy Policy | TryFinCalc,"TryFinCalc privacy policy: how we handle your data, cookies, Google AdSense advertising, and your rights under GDPR and CCPA.",1,['Organization'],False,/og-image.jpg,/og-image.jpg,static HTML with client hydration,False,164
/refinancing-calculator,src/pages/refinancing-calculator.tsx,200,,"index, follow (default)",['https://tryfincalc.com/refinancing-calculator'],[],True,Mortgage Refinance Calculator: Break-Even Tool | TryFinCalc,"Compare current and proposed loan payments, estimated lifetime savings and the time needed to recover refinancing costs.",1,"['WebApplication', 'Offer', 'BreadcrumbList', 'ListItem', 'ListItem', 'Organization']",False,/og-image.jpg,/og-image.jpg,static HTML with client hydration,False,179
/rent-vs-buy,src/pages/rent-vs-buy.tsx,200,,"index, follow (default)",['https://tryfincalc.com/rent-vs-buy'],[],True,Rent vs Buy: Cost and Sensitivity Calculator | TryFinCalc,"Compare estimated discounted renting and ownership costs, sale equity, opportunity cost and sensitivity to appreciation and investment returns.",1,"['WebApplication', 'Offer', 'Organization']",False,/og-image.jpg,/og-image.jpg,static HTML with client hydration,False,166
/robots.txt,public asset / redirect / discovered route,200,,"index, follow (default)",[],[],False,,,0,[],False,,,static HTML with client hydration,False,0
/search,src/pages/search.tsx,200,,"noindex, follow",[],[],False,"Search results for """" | TryFinCalc",Search results for articles and calculators on TryFinCalc.,1,['Organization'],False,/og-image.jpg,/og-image.jpg,static HTML with client hydration,False,0
/terms-of-service,src/pages/terms-of-service.tsx,200,,"noindex, follow",['https://tryfincalc.com/terms-of-service'],[],True,Terms of Service: Usage Rules & Disclaimer | TryFinCalc,Review our terms of service and usage rules. Learn how to see your monthly payment in seconds safely using our free and transparent 2026 tools.,1,['Organization'],False,/og-image.jpg,/og-image.jpg,static HTML with client hydration,False,164
/total-interest-calculator,src/pages/total-interest-calculator.tsx,200,,"index, follow (default)",['https://tryfincalc.com/total-interest-calculator'],[],True,Total Interest Calculator: Lifetime Loan Cost | TryFinCalc,"Calculate total interest and total repayment for a fixed-rate loan from its principal, annual interest rate and term.",1,['Organization'],False,/og-image.jpg,/og-image.jpg,static HTML with client hydration,False,186
/usd/,src/pages/index.tsx,200,,"index, follow (default)",['https://tryfincalc.com'],[],False,Free Mortgage & Loan Calculators | TryFinCalc,"Calculate your exact monthly payment, total interest, and home affordability in seconds. Free calculators for the US and Europe. No sign-up required.",1,"['WebSite', 'SearchAction', 'Organization']",False,/og-image.jpg,/og-image.jpg,static HTML with client hydration,False,0
/usd/about,src/pages/about.tsx,200,,"index, follow (default)",['https://tryfincalc.com/about'],[],False,About TryFinCalc and Youssef Aaouam,"Who builds TryFinCalc, how the calculators are tested, and how the independent site may be funded.",1,['Organization'],False,/og-image.jpg,/og-image.jpg,static HTML with client hydration,False,0
/usd/affordability-calculator,src/pages/affordability-calculator.tsx,200,,"index, follow (default)",['https://tryfincalc.com/affordability-calculator'],[],False,Home Affordability Calculator: How Much House? | TryFinCalc,"Estimate a home price range and loan amount from your monthly income, debts, down payment, interest rate and loan term.",1,"['WebApplication', 'Offer', 'BreadcrumbList', 'ListItem', 'ListItem', 'Organization']",False,/og-image.jpg,/og-image.jpg,static HTML with client hydration,False,0
/usd/amortization-schedule,src/pages/amortization-schedule.tsx,200,,"index, follow (default)",['https://tryfincalc.com/amortization-schedule'],[],False,Amortization Schedule 2026: Loan Payoff Details | TryFinCalc,"Generate a month-by-month amortization schedule showing principal, interest, and remaining balance for every payment.",1,"['WebApplication', 'Offer', 'BreadcrumbList', 'ListItem', 'ListItem', 'Organization']",False,/og-image.jpg,/og-image.jpg,static HTML with client hydration,False,0
/usd/blog,src/pages/blog/index.tsx,200,,"index, follow (default)",['https://tryfincalc.com/blog'],[],False,Mortgage Guides & Financial Market Insights 2026 | TryFinCalc,"Read guides to mortgage payments, loan costs, refinancing and home purchase budgeting.",1,['Organization'],False,/og-image.jpg,/og-image.jpg,static HTML with client hydration,False,0
/usd/blog/100k-mortgage-monthly-payment,src/pages/blog/[slug].tsx,200,,"index, follow (default)",['https://tryfincalc.com/blog/100k-mortgage-monthly-payment'],[],False,100k Mortgage Monthly Payment: 2026 Cost Guide | TryFinCalc,"Calculate the monthly payment for a 100,000 mortgage in 2026. Review total interest over different terms.",1,"['Article', 'Organization', 'Organization', 'ImageObject', 'WebPage', 'BreadcrumbList', 'ListItem', 'ListItem', 'ListItem', 'Organization']",False,/og-image.jpg,/og-image.jpg,ISR (3600s),False,0
/usd/blog/15-vs-30-year-mortgage,src/pages/blog/[slug].tsx,200,,"index, follow (default)",['https://tryfincalc.com/blog/15-vs-30-year-mortgage'],[],False,15-Year vs 30-Year Fixed-Rate Mortgage Comparison | TryFinCalc,"Compare 15-year and 30-year mortgage scenarios for a $350k loan, including payment, total interest, flexibility, and opportunity cost.",1,"['Article', 'Organization', 'Organization', 'ImageObject', 'WebPage', 'BreadcrumbList', 'ListItem', 'ListItem', 'ListItem', 'FAQPage', 'Question', 'Answer', 'Question', 'Answer', 'Question', 'Answer', 'Question', 'Answer', 'Question', 'Answer', 'Organization']",False,/og-image.jpg,/og-image.jpg,ISR (3600s),False,0
/usd/blog/200k-euro-mortgage,src/pages/blog/[slug].tsx,200,,"index, follow (default)",['https://tryfincalc.com/blog/200k-euro-mortgage'],[],False,200k Euro Mortgage Monthly Payment Guide | TryFinCalc,"Calculate a 200,000 euro mortgage payment and compare editable interest-rate, term, and income-planning scenarios.",1,"['Article', 'Organization', 'Organization', 'ImageObject', 'WebPage', 'BreadcrumbList', 'ListItem', 'ListItem', 'ListItem', 'FAQPage', 'Question', 'Answer', 'Question', 'Answer', 'Question', 'Answer', 'Organization']",False,/og-image.jpg,/og-image.jpg,ISR (3600s),False,0
/usd/blog/200k-mortgage-monthly-payment,src/pages/blog/[slug].tsx,200,,"index, follow (default)",['https://tryfincalc.com/blog/200k-mortgage-monthly-payment'],[],False,200k Mortgage Monthly Payment: 2026 Cost Guide | TryFinCalc,"Model a $200,000 mortgage payment across editable rates, terms, taxes, insurance, and planning-ratio assumptions.",1,"['Article', 'Organization', 'Organization', 'ImageObject', 'WebPage', 'BreadcrumbList', 'ListItem', 'ListItem', 'ListItem', 'Organization']",False,/og-image.jpg,/og-image.jpg,ISR (3600s),False,0
/usd/blog/2026-homebuyers-playbook,src/pages/blog/[slug].tsx,200,,"index, follow (default)",['https://tryfincalc.com/blog/2026-homebuyers-playbook'],[],False,2026 Homebuyer's Playbook: Strategy & Guide | TryFinCalc,"Plan a home purchase with an affordability budget, written loan estimates, inspection questions, and closing documents.",1,"['Article', 'Organization', 'Organization', 'ImageObject', 'WebPage', 'BreadcrumbList', 'ListItem', 'ListItem', 'ListItem', 'FAQPage', 'Question', 'Answer', 'Question', 'Answer', 'Question', 'Answer', 'Question', 'Answer', 'Question', 'Answer', 'Organization']",False,/og-image.jpg,/og-image.jpg,ISR (3600s),False,0
/usd/blog/2026-homebuyers-playbook-step-by-step,src/pages/blog/[slug].tsx,200,,"index, follow (default)",['https://tryfincalc.com/blog/2026-homebuyers-playbook-step-by-step'],[],False,2026 Homebuyer's Playbook: Step-by-Step Strategy | TryFinCalc,"Plan a 2026 home purchase with editable affordability assumptions, written loan terms, inspection questions, and closing steps.",1,"['Article', 'Organization', 'Organization', 'ImageObject', 'WebPage', 'BreadcrumbList', 'ListItem', 'ListItem', 'ListItem', 'FAQPage', 'Question', 'Answer', 'Question', 'Answer', 'Question', 'Answer', 'Question', 'Answer', 'Question', 'Answer', 'Organization']",False,/og-image.jpg,/og-image.jpg,ISR (3600s),False,0
/usd/blog/28-36-rule-explained,src/pages/blog/[slug].tsx,200,,"index, follow (default)",['https://tryfincalc.com/blog/28-36-rule-explained'],[],False,28/36 Rule Explained: 2026 Mortgage Qualifier | TryFinCalc,"Understand the 28/36 planning rule, calculate both ratios, and compare the result with your budget and a lender's actual criteria.",1,"['Article', 'Organization', 'Organization', 'ImageObject', 'WebPage', 'BreadcrumbList', 'ListItem', 'ListItem', 'ListItem', 'FAQPage', 'Question', 'Answer', 'Question', 'Answer', 'Question', 'Answer', 'Question', 'Answer', 'Question', 'Answer', 'Organization']",False,/og-image.jpg,/og-image.jpg,ISR (3600s),False,0
/usd/blog/300k-euro-mortgage,src/pages/blog/[slug].tsx,200,,"index, follow (default)",['https://tryfincalc.com/blog/300k-euro-mortgage'],[],False,300k Euro Mortgage Monthly Payment Guide | TryFinCalc,"Calculate the monthly payment for a 300,000 euro mortgage. Explore payment scenarios for European mortgages.",1,"['Article', 'Organization', 'Organization', 'ImageObject', 'WebPage', 'BreadcrumbList', 'ListItem', 'ListItem', 'ListItem', 'FAQPage', 'Question', 'Answer', 'Question', 'Answer', 'Question', 'Answer', 'Organization']",False,/og-image.jpg,/og-image.jpg,ISR (3600s),False,0
/usd/blog/300k-mortgage-monthly-payment,src/pages/blog/[slug].tsx,200,,"index, follow (default)",['https://tryfincalc.com/blog/300k-mortgage-monthly-payment'],[],False,300k Mortgage Monthly Payment: 2026 Cost Guide | TryFinCalc,"Calculate the payments for a 300,000 mortgage across various terms. Review income requirements for a new home.",1,"['Article', 'Organization', 'Organization', 'ImageObject', 'WebPage', 'BreadcrumbList', 'ListItem', 'ListItem', 'ListItem', 'Organization']",False,/og-image.jpg,/og-image.jpg,ISR (3600s),False,0
/usd/blog/400k-mortgage-monthly-payment,src/pages/blog/[slug].tsx,200,,"index, follow (default)",['https://tryfincalc.com/blog/400k-mortgage-monthly-payment'],[],False,400k Mortgage Monthly Payment: 2026 Cost Guide | TryFinCalc,"Calculate the payments for a 400,000 mortgage across various terms. Review income requirements for a new home.",1,"['Article', 'Organization', 'Organization', 'ImageObject', 'WebPage', 'BreadcrumbList', 'ListItem', 'ListItem', 'ListItem', 'FAQPage', 'Question', 'Answer', 'Question', 'Answer', 'Question', 'Answer', 'Organization']",False,/og-image.jpg,/og-image.jpg,ISR (3600s),False,0
/usd/blog/amortization-schedule-explained,src/pages/blog/[slug].tsx,200,,"index, follow (default)",['https://tryfincalc.com/blog/amortization-schedule-explained'],[],False,Amortization Schedule Explained: 2026 Guide | TryFinCalc,Discover how amortization works and see your payoff details. Track how your principal and interest change.,1,"['Article', 'Organization', 'Organization', 'ImageObject', 'WebPage', 'BreadcrumbList', 'ListItem', 'ListItem', 'ListItem', 'FAQPage', 'Question', 'Answer', 'Question', 'Answer', 'Question', 'Answer', 'HowTo', 'HowToStep', 'HowToStep', 'HowToStep', 'HowToStep', 'HowToStep', 'Organization']",False,/og-image.jpg,/og-image.jpg,ISR (3600s),False,0
/usd/blog/calculator-mistakes,src/pages/blog/[slug].tsx,200,,"index, follow (default)",['https://tryfincalc.com/blog/calculator-mistakes'],[],False,7 Mortgage Calculator Mistakes to Avoid in 2026 | TryFinCalc,Avoid the 7 most common mortgage calculator mistakes in 2026. Build a bulletproof housing budget today.,1,"['Article', 'Organization', 'Organization', 'ImageObject', 'WebPage', 'BreadcrumbList', 'ListItem', 'ListItem', 'ListItem', 'Organization']",False,/og-image.jpg,/og-image.jpg,ISR (3600s),False,0
/usd/blog/closing-costs-breakdown,src/pages/blog/[slug].tsx,200,,"index, follow (default)",['https://tryfincalc.com/blog/closing-costs-breakdown'],[],False,Closing Costs Breakdown: 2026 Homebuyer Guide | TryFinCalc,"Review closing-cost categories, editable examples, Loan Estimate fields, and questions for comparing transaction charges.",1,"['Article', 'Organization', 'Organization', 'ImageObject', 'WebPage', 'BreadcrumbList', 'ListItem', 'ListItem', 'ListItem', 'Organization']",False,/og-image.jpg,/og-image.jpg,ISR (3600s),False,0
/usd/blog/compare-loan-offers,src/pages/blog/[slug].tsx,200,,"index, follow (default)",['https://tryfincalc.com/blog/compare-loan-offers'],[],False,How to Compare Loan Offers: 2026 Checklist | TryFinCalc,Master the art of comparing loan estimates and terms. Avoid overpaying on your next 2026 loan.,1,"['Article', 'Organization', 'Organization', 'ImageObject', 'WebPage', 'BreadcrumbList', 'ListItem', 'ListItem', 'ListItem', 'Organization']",False,/og-image.jpg,/og-image.jpg,ISR (3600s),False,0
/usd/blog/down-payment-guide,src/pages/blog/[slug].tsx,200,,"index, follow (default)",['https://tryfincalc.com/blog/down-payment-guide'],[],False,Down Payment Guide: How Much Do You Need in 2026? | TryFinCalc,"Compare down-payment scenarios, mortgage-insurance assumptions, saving timelines, and loan-program questions to verify.",1,"['Article', 'Organization', 'Organization', 'ImageObject', 'WebPage', 'BreadcrumbList', 'ListItem', 'ListItem', 'ListItem', 'Organization']",False,/og-image.jpg,/og-image.jpg,ISR (3600s),False,0
/usd/blog/early-mortgage-payoff,src/pages/blog/[slug].tsx,200,,"index, follow (default)",['https://tryfincalc.com/blog/early-mortgage-payoff'],[],False,Loan Payoff Formula: Save $58k Paying Off Early in 2026 | TryFinCalc,"The loan payoff formula that cuts years off your mortgage — one extra payment a year saves $58,000 in interest on a $300k loan. See your exact payoff plan.",1,"['Article', 'Organization', 'Organization', 'ImageObject', 'WebPage', 'BreadcrumbList', 'ListItem', 'ListItem', 'ListItem', 'Organization']",False,/og-image.jpg,/og-image.jpg,ISR (3600s),False,0
/usd/blog/escrow-accounts-explained,src/pages/blog/[slug].tsx,200,,"index, follow (default)",['https://tryfincalc.com/blog/escrow-accounts-explained'],[],False,Escrow Accounts Explained: 2026 Homeowner Guide | TryFinCalc,Understand exactly how escrow accounts handle your taxes and insurance. Manage your 2026 housing costs.,1,"['Article', 'Organization', 'Organization', 'ImageObject', 'WebPage', 'BreadcrumbList', 'ListItem', 'ListItem', 'ListItem', 'Organization']",False,/og-image.jpg,/og-image.jpg,ISR (3600s),False,0
/usd/blog/extra-payments-impact,src/pages/blog/[slug].tsx,200,,"index, follow (default)",['https://tryfincalc.com/blog/extra-payments-impact'],[],False,Extra Mortgage Payments Impact: 2026 Math Guide | TryFinCalc,Discover the compounding impact of extra mortgage payments in 2026. Calculate your interest savings today.,1,"['Article', 'Organization', 'Organization', 'ImageObject', 'WebPage', 'BreadcrumbList', 'ListItem', 'ListItem', 'ListItem', 'FAQPage', 'Question', 'Answer', 'Question', 'Answer', 'Question', 'Answer', 'Question', 'Answer', 'Question', 'Answer', 'Organization']",False,/og-image.jpg,/og-image.jpg,ISR (3600s),False,0
/usd/blog/fixed-vs-variable-mortgage,src/pages/blog/[slug].tsx,200,,"index, follow (default)",['https://tryfincalc.com/blog/fixed-vs-variable-mortgage'],[],False,Fixed vs Variable Mortgage: 2026 Comparison | TryFinCalc,Deciding between a fixed vs variable mortgage? Compare the risk and savings of each loan type for 2026.,1,"['Article', 'Organization', 'Organization', 'ImageObject', 'WebPage', 'BreadcrumbList', 'ListItem', 'ListItem', 'ListItem', 'FAQPage', 'Question', 'Answer', 'Question', 'Answer', 'Question', 'Answer', 'Organization']",False,/og-image.jpg,/og-image.jpg,ISR (3600s),False,0
/usd/blog/home-purchase-budgeting,src/pages/blog/[slug].tsx,200,,"index, follow (default)",['https://tryfincalc.com/blog/home-purchase-budgeting'],[],False,Home Purchase Budget: 2026 Savings & Cost Guide | TryFinCalc,Build a complete home purchase budget for the 2026 housing market. Account for every hidden closing cost.,1,"['Article', 'Organization', 'Organization', 'ImageObject', 'WebPage', 'BreadcrumbList', 'ListItem', 'ListItem', 'ListItem', 'FAQPage', 'Question', 'Answer', 'Question', 'Answer', 'Question', 'Answer', 'Question', 'Answer', 'Question', 'Answer', 'Organization']",False,/og-image.jpg,/og-image.jpg,ISR (3600s),False,0
/usd/blog/how-much-can-i-borrow,src/pages/blog/[slug].tsx,200,,"index, follow (default)",['https://tryfincalc.com/blog/how-much-can-i-borrow'],[],False,How much can I borrow? Mortgage affordability calculator (2026) | TryFinCalc,Calculate your borrowing power with our 2026 mortgage affordability tool. Learn the 28/36 rule and what salary you need for a $400k loan.,1,"['Article', 'Organization', 'Organization', 'ImageObject', 'WebPage', 'BreadcrumbList', 'ListItem', 'ListItem', 'ListItem', 'FAQPage', 'Question', 'Answer', 'Question', 'Answer', 'Question', 'Answer', 'Organization']",False,/og-image.jpg,/og-image.jpg,ISR (3600s),False,0
/usd/blog/how-much-house-can-i-afford,src/pages/blog/[slug].tsx,200,,"index, follow (default)",['https://tryfincalc.com/blog/how-much-house-can-i-afford'],[],False,Home Affordability Guide: How Much House? | TryFinCalc,Find out how much house you can afford based on your 2026 income. Get a detailed budget breakdown for your search.,1,"['Article', 'Organization', 'Organization', 'ImageObject', 'WebPage', 'BreadcrumbList', 'ListItem', 'ListItem', 'ListItem', 'Organization']",False,/og-image.jpg,/og-image.jpg,ISR (3600s),False,0
/usd/blog/interest-rate-impact,src/pages/blog/[slug].tsx,200,,"index, follow (default)",['https://tryfincalc.com/blog/interest-rate-impact'],[],False,How Interest Rates Affect Your Mortgage | TryFinCalc,Discover how even a 1% rate change affects your lifetime costs. Learn 2026 interest saving strategies.,1,"['Article', 'Organization', 'Organization', 'ImageObject', 'WebPage', 'BreadcrumbList', 'ListItem', 'ListItem', 'ListItem', 'Organization']",False,/og-image.jpg,/og-image.jpg,ISR (3600s),False,0
/usd/blog/loan-calculator-explained,src/pages/blog/[slug].tsx,200,,"index, follow (default)",['https://tryfincalc.com/blog/loan-calculator-explained'],[],False,How to Use a Loan Calculator: 2026 Complete Guide | TryFinCalc,Master our loan calculator with the complete 2026 guide. Understand the true cost of borrowing today.,1,"['Article', 'Organization', 'Organization', 'ImageObject', 'WebPage', 'BreadcrumbList', 'ListItem', 'ListItem', 'ListItem', 'FAQPage', 'Question', 'Answer', 'Question', 'Answer', 'Question', 'Answer', 'HowTo', 'HowToStep', 'HowToStep', 'HowToStep', 'HowToStep', 'HowToStep', 'Organization']",False,/og-image.jpg,/og-image.jpg,ISR (3600s),False,0
/usd/blog/loan-eligibility-by-income,src/pages/blog/[slug].tsx,200,,"index, follow (default)",['https://tryfincalc.com/blog/loan-eligibility-by-income'],[],False,Loan Eligibility by Income: 2026 Borrowing Guide | TryFinCalc,"Explore how income, debts, rate, term, and editable DTI assumptions change a borrowing estimate without predicting lender approval.",1,"['Article', 'Organization', 'Organization', 'ImageObject', 'WebPage', 'BreadcrumbList', 'ListItem', 'ListItem', 'ListItem', 'Organization']",False,/og-image.jpg,/og-image.jpg,ISR (3600s),False,0
/usd/blog/loan-eligibility-by-income-detail,src/pages/blog/[slug].tsx,200,,"index, follow (default)",['https://tryfincalc.com/blog/loan-eligibility-by-income-detail'],[],False,Loan Eligibility by Income: 2026 Salary Tables | TryFinCalc,"Compare illustrative salary-to-payment tables using editable DTI, rate, term, and debt assumptions without predicting approval.",1,"['Article', 'Organization', 'Organization', 'ImageObject', 'WebPage', 'BreadcrumbList', 'ListItem', 'ListItem', 'ListItem', 'FAQPage', 'Question', 'Answer', 'Question', 'Answer', 'Question', 'Answer', 'Question', 'Answer', 'Question', 'Answer', 'Organization']",False,/og-image.jpg,/og-image.jpg,ISR (3600s),False,0
/usd/blog/monthly-payment-formula,src/pages/blog/[slug].tsx,200,,"index, follow (default)",['https://tryfincalc.com/blog/monthly-payment-formula'],[],False,Loan Payment Formula 2026: Exact Formula + $300k Example | TryFinCalc,"The loan payment formula banks use to calculate your monthly bill — see it solved step-by-step on a $300,000 mortgage at 6.8%. Try the free calculator now.",1,"['Article', 'Organization', 'Organization', 'ImageObject', 'WebPage', 'BreadcrumbList', 'ListItem', 'ListItem', 'ListItem', 'Organization']",False,/og-image.jpg,/og-image.jpg,ISR (3600s),False,0
/usd/blog/mortgage-payment-guide,src/pages/blog/[slug].tsx,200,,"index, follow (default)",['https://tryfincalc.com/blog/mortgage-payment-guide'],[],False,How to Calculate Mortgage Payments: 2026 Formula | TryFinCalc,"Learn the exact formula for calculating mortgage payments in 2026. Understand PITI, taxes, and interest costs.",1,"['Article', 'Organization', 'Organization', 'ImageObject', 'WebPage', 'BreadcrumbList', 'ListItem', 'ListItem', 'ListItem', 'Organization']",False,/og-image.jpg,/og-image.jpg,ISR (3600s),False,0
/usd/blog/reduce-mortgage-payment,src/pages/blog/[slug].tsx,200,,"index, follow (default)",['https://tryfincalc.com/blog/reduce-mortgage-payment'],[],False,How to Reduce Mortgage Payment: 8 Proven 2026 Tips | TryFinCalc,"Compare eight ways a mortgage payment might change, including refinance, insurance, taxes, term, and loan-modification questions.",1,"['Article', 'Organization', 'Organization', 'ImageObject', 'WebPage', 'BreadcrumbList', 'ListItem', 'ListItem', 'ListItem', 'Organization']",False,/og-image.jpg,/og-image.jpg,ISR (3600s),False,0
/usd/blog/refinance-calculator-guide,src/pages/blog/[slug].tsx,200,,"index, follow (default)",['https://tryfincalc.com/blog/refinance-calculator-guide'],[],False,How to Use Refinance Calculator: 2026 Step-by-Step | TryFinCalc,Master our refinance calculator with this 2026 step-by-step guide. Find your break-even point instantly.,1,"['Article', 'Organization', 'Organization', 'ImageObject', 'WebPage', 'BreadcrumbList', 'ListItem', 'ListItem', 'ListItem', 'FAQPage', 'Question', 'Answer', 'Question', 'Answer', 'Question', 'Answer', 'Question', 'Answer', 'Question', 'Answer', 'Organization']",False,/og-image.jpg,/og-image.jpg,ISR (3600s),False,0
/usd/blog/rent-vs-buy-2026,src/pages/blog/[slug].tsx,200,,"index, follow (default)",['https://tryfincalc.com/blog/rent-vs-buy-2026'],[],False,Rent vs Buy 2026: Real Cost & Break-Even Analysis | TryFinCalc,Evaluate the real cost of renting vs buying in 2026. Use our data-driven breakdown to decide.,1,"['Article', 'Organization', 'Organization', 'ImageObject', 'WebPage', 'BreadcrumbList', 'ListItem', 'ListItem', 'ListItem', 'Organization']",False,/og-image.jpg,/og-image.jpg,ISR (3600s),False,0
/usd/blog/total-interest-explained,src/pages/blog/[slug].tsx,200,,"index, follow (default)",['https://tryfincalc.com/blog/total-interest-explained'],[],False,Total Interest Paid 2026: Lifetime Loan Cost | TryFinCalc,Discover the true cost of your debt across different loan terms. Learn how to reduce total interest significantly.,1,"['Article', 'Organization', 'Organization', 'ImageObject', 'WebPage', 'BreadcrumbList', 'ListItem', 'ListItem', 'ListItem', 'Organization']",False,/og-image.jpg,/og-image.jpg,ISR (3600s),False,0
/usd/blog/va-loans-guide,src/pages/blog/[slug].tsx,200,,"index, follow (default)",['https://tryfincalc.com/blog/va-loans-guide'],[],False,VA Loans Guide 2026: Requirements & Benefits | TryFinCalc,"Review VA home-loan eligibility, benefit, funding-fee, appraisal, and application questions with links to current official VA guidance.",1,"['Article', 'Organization', 'Organization', 'ImageObject', 'WebPage', 'BreadcrumbList', 'ListItem', 'ListItem', 'ListItem', 'Organization']",False,/og-image.jpg,/og-image.jpg,ISR (3600s),False,0
/usd/blog/when-to-refinance,src/pages/blog/[slug].tsx,200,,"index, follow (default)",['https://tryfincalc.com/blog/when-to-refinance'],[],False,When to Refinance Mortgage: 2026 Break-Even Guide | TryFinCalc,Find out when refinancing your mortgage makes sense in 2026. Calculate your exact break-even point today.,1,"['Article', 'Organization', 'Organization', 'ImageObject', 'WebPage', 'BreadcrumbList', 'ListItem', 'ListItem', 'ListItem', 'Organization']",False,/og-image.jpg,/og-image.jpg,ISR (3600s),False,0
/usd/calculator/10k-personal-loan-repayment-10-percent,src/pages/calculator/[slug].tsx,200,,"index, follow (default)",['https://tryfincalc.com/calculator/10k-personal-loan-repayment-10-percent'],[],False,"$10,000 Personal Loan at 10%: Full Repayment Breakdown | TryFinCalc","What are the monthly payments on a $10,000 personal loan at 10% interest? See exact payments by term, total interest, rate sensitivity, and offer-comparison questions.",1,"['FAQPage', 'Question', 'Answer', 'Question', 'Answer', 'Question', 'Answer', 'Question', 'Answer', 'BreadcrumbList', 'ListItem', 'ListItem', 'Organization']",False,/og-image.jpg,/og-image.jpg,SSG,False,0
/usd/calculator/150k-mortgage-monthly-payment-3-5-percent-eur,src/pages/calculator/[slug].tsx,200,,"index, follow (default)",['https://tryfincalc.com/eur/calculator/150k-mortgage-monthly-payment-3-5-percent-eur'],"[{'rel': 'alternate', 'hreflang': 'en', 'href': 'https://tryfincalc.com/eur/calculator/150k-mortgage-monthly-payment-3-5-percent-eur', 'data-next-head': ''}, {'rel': 'alternate', 'hreflang': 'x-default', 'href': 'https://tryfincalc.com/calculator/150k-mortgage-monthly-payment-3-5-percent-eur', 'data-next-head': ''}]",False,"€150,000 Mortgage at 3.5%: Monthly Payment & Affordability Guide | TryFinCalc","€150,000 mortgage at 3.5% over 25 years in. Exact monthly payment, rate table, illustrative affordability check, and Euribor vs fixed rate guidance.",1,"['FAQPage', 'Question', 'Answer', 'Question', 'Answer', 'Question', 'Answer', 'Question', 'Answer', 'BreadcrumbList', 'ListItem', 'ListItem', 'Organization']",False,/og-image.jpg,/og-image.jpg,SSG,False,0
/usd/calculator/15k-loan-monthly-payment-10-percent,src/pages/calculator/[slug].tsx,200,,"index, follow (default)",['https://tryfincalc.com/calculator/15k-loan-monthly-payment-10-percent'],[],False,"$15,000 Personal Loan at 10%: Full Repayment Breakdown | TryFinCalc","$15,000 personal loan at 10%: $484/month over 3 years and $2,424 total interest. Compare terms, example rates, and written offers.",1,"['FAQPage', 'Question', 'Answer', 'Question', 'Answer', 'Question', 'Answer', 'Question', 'Answer', 'BreadcrumbList', 'ListItem', 'ListItem', 'Organization']",False,/og-image.jpg,/og-image.jpg,SSG,False,0
/usd/calculator/200k-mortgage-monthly-payment-3-5-percent-eur,src/pages/calculator/[slug].tsx,200,,"index, follow (default)",['https://tryfincalc.com/eur/calculator/200k-mortgage-monthly-payment-3-5-percent-eur'],"[{'rel': 'alternate', 'hreflang': 'en', 'href': 'https://tryfincalc.com/eur/calculator/200k-mortgage-monthly-payment-3-5-percent-eur', 'data-next-head': ''}, {'rel': 'alternate', 'hreflang': 'x-default', 'href': 'https://tryfincalc.com/calculator/200k-mortgage-monthly-payment-3-5-percent-eur', 'data-next-head': ''}]",False,"€200,000 Mortgage at 3.5%: Monthly Payment, Payments & Rate Guide | TryFinCalc","€200,000 mortgage at 3.5% over 25 years in. Monthly payment €1,001, income at 33% DTI, rate table, and country notes for Belgium and France.",1,"['FAQPage', 'Question', 'Answer', 'Question', 'Answer', 'Question', 'Answer', 'Question', 'Answer', 'BreadcrumbList', 'ListItem', 'ListItem', 'Organization']",False,/og-image.jpg,/og-image.jpg,SSG,False,0
/usd/calculator/20k-loan-monthly-payment-10-percent,src/pages/calculator/[slug].tsx,200,,"index, follow (default)",['https://tryfincalc.com/calculator/20k-loan-monthly-payment-10-percent'],[],False,"$20,000 Personal Loan at 10%: Payment & Total Cost Guide | TryFinCalc","$20,000 personal loan at a 10% example rate: compare monthly payments, total interest, terms, and editable borrower assumptions.",1,"['FAQPage', 'Question', 'Answer', 'Question', 'Answer', 'Question', 'Answer', 'Question', 'Answer', 'BreadcrumbList', 'ListItem', 'ListItem', 'Organization']",False,/og-image.jpg,/og-image.jpg,SSG,False,0
/usd/calculator/250k-mortgage-monthly-payment-3-5-percent,src/pages/calculator/[slug].tsx,200,,"index, follow (default)",['https://tryfincalc.com/calculator/250k-mortgage-monthly-payment-3-5-percent'],[],False,"$250,000 Mortgage at 3.5%: Your Complete Payment Breakdown | TryFinCalc","What is the monthly payment on a $250,000 mortgage at a 3.5% example rate? See P&I, total interest, editable cost assumptions, and rate sensitivity.",1,"['FAQPage', 'Question', 'Answer', 'Question', 'Answer', 'Question', 'Answer', 'Question', 'Answer', 'BreadcrumbList', 'ListItem', 'ListItem', 'Organization']",False,/og-image.jpg,/og-image.jpg,SSG,False,0
/usd/calculator/250k-mortgage-monthly-payment-3-5-percent-eur,src/pages/calculator/[slug].tsx,200,,"index, follow (default)",['https://tryfincalc.com/eur/calculator/250k-mortgage-monthly-payment-3-5-percent-eur'],"[{'rel': 'alternate', 'hreflang': 'en', 'href': 'https://tryfincalc.com/eur/calculator/250k-mortgage-monthly-payment-3-5-percent-eur', 'data-next-head': ''}, {'rel': 'alternate', 'hreflang': 'x-default', 'href': 'https://tryfincalc.com/calculator/250k-mortgage-monthly-payment-3-5-percent-eur', 'data-next-head': ''}]",False,"€250,000 Mortgage at 3.5%: Monthly Payment & Affordability Guide | TryFinCalc","€250,000 mortgage at a 3.5% example rate for 25 years: €1,252 monthly principal and interest, an editable stress test, and rate sensitivity.",1,"['FAQPage', 'Question', 'Answer', 'Question', 'Answer', 'Question', 'Answer', 'Question', 'Answer', 'BreadcrumbList', 'ListItem', 'ListItem', 'Organization']",False,/og-image.jpg,/og-image.jpg,SSG,False,0
/usd/calculator/25k-personal-loan-repayment-8-percent,src/pages/calculator/[slug].tsx,200,,"index, follow (default)",['https://tryfincalc.com/calculator/25k-personal-loan-repayment-8-percent'],[],False,"$25,000 Personal Loan at 8%: Full Repayment Breakdown | TryFinCalc","What are the monthly payments on a $25,000 personal loan at 8% interest? See exact payments by term, total interest, rate sensitivity, and offer-comparison questions.",1,"['FAQPage', 'Question', 'Answer', 'Question', 'Answer', 'Question', 'Answer', 'Question', 'Answer', 'BreadcrumbList', 'ListItem', 'ListItem', 'Organization']",False,/og-image.jpg,/og-image.jpg,SSG,False,0
/usd/calculator/300k-mortgage-monthly-payment-3-5-percent-eur,src/pages/calculator/[slug].tsx,200,,"index, follow (default)",['https://tryfincalc.com/eur/calculator/300k-mortgage-monthly-payment-3-5-percent-eur'],"[{'rel': 'alternate', 'hreflang': 'en', 'href': 'https://tryfincalc.com/eur/calculator/300k-mortgage-monthly-payment-3-5-percent-eur', 'data-next-head': ''}, {'rel': 'alternate', 'hreflang': 'x-default', 'href': 'https://tryfincalc.com/calculator/300k-mortgage-monthly-payment-3-5-percent-eur', 'data-next-head': ''}]",False,"€300,000 Mortgage at 3.5%: Monthly Payment & Income Guide | TryFinCalc","€300,000 mortgage at 3.5% over 25 years in: exact monthly payment, full rate table, illustrative affordability check, and country notes for buyers.",1,"['FAQPage', 'Question', 'Answer', 'Question', 'Answer', 'Question', 'Answer', 'Question', 'Answer', 'BreadcrumbList', 'ListItem', 'ListItem', 'Organization']",False,/og-image.jpg,/og-image.jpg,SSG,False,0
/usd/calculator/300k-mortgage-monthly-payment-6-percent,src/pages/calculator/[slug].tsx,200,,"index, follow (default)",['https://tryfincalc.com/calculator/300k-mortgage-monthly-payment-6-percent'],[],False,"$300,000 Mortgage at 6%: Your Complete Payment Breakdown | TryFinCalc","What is the monthly payment on a $300,000 mortgage at a 6% example rate? See P&I, editable cost inputs, total interest, illustrative income scenarios, and amortization.",1,"['FAQPage', 'Question', 'Answer', 'Question', 'Answer', 'Question', 'Answer', 'Question', 'Answer', 'BreadcrumbList', 'ListItem', 'ListItem', 'Organization']",False,/og-image.jpg,/og-image.jpg,SSG,False,0
/usd/calculator/30k-loan-monthly-payment-9-percent,src/pages/calculator/[slug].tsx,200,,"index, follow (default)",['https://tryfincalc.com/calculator/30k-loan-monthly-payment-9-percent'],[],False,"$30,000 Personal Loan at 9%: Payments, Costs & Savings | TryFinCalc","$30,000 personal loan at 9%: $623/month for 5 years and $7,380 total interest. See term, rate-sensitivity, and consolidation scenarios.",1,"['FAQPage', 'Question', 'Answer', 'Question', 'Answer', 'Question', 'Answer', 'Question', 'Answer', 'BreadcrumbList', 'ListItem', 'ListItem', 'Organization']",False,/og-image.jpg,/og-image.jpg,SSG,False,0
/usd/calculator/350k-mortgage-monthly-payment-3-5-percent-eur,src/pages/calculator/[slug].tsx,200,,"index, follow (default)",['https://tryfincalc.com/eur/calculator/350k-mortgage-monthly-payment-3-5-percent-eur'],"[{'rel': 'alternate', 'hreflang': 'en', 'href': 'https://tryfincalc.com/eur/calculator/350k-mortgage-monthly-payment-3-5-percent-eur', 'data-next-head': ''}, {'rel': 'alternate', 'hreflang': 'x-default', 'href': 'https://tryfincalc.com/calculator/350k-mortgage-monthly-payment-3-5-percent-eur', 'data-next-head': ''}]",False,"€350,000 Mortgage at 3.5%: Payments, Payments & Rate Guide | TryFinCalc","€350,000 mortgage at a 3.5% example rate for 25 years: €1,752 monthly principal and interest, an editable stress test, and rate sensitivity.",1,"['FAQPage', 'Question', 'Answer', 'Question', 'Answer', 'Question', 'Answer', 'Question', 'Answer', 'BreadcrumbList', 'ListItem', 'ListItem', 'Organization']",False,/og-image.jpg,/og-image.jpg,SSG,False,0
/usd/calculator/350k-mortgage-monthly-payment-6-5-percent,src/pages/calculator/[slug].tsx,200,,"index, follow (default)",['https://tryfincalc.com/calculator/350k-mortgage-monthly-payment-6-5-percent'],[],False,"$350,000 Mortgage at 6.5%: Your Complete Payment Breakdown | TryFinCalc","What is the monthly payment on a $350,000 mortgage at a 6.5% example rate? See P&I, editable housing-cost assumptions, and rate sensitivity.",1,"['FAQPage', 'Question', 'Answer', 'Question', 'Answer', 'Question', 'Answer', 'Question', 'Answer', 'BreadcrumbList', 'ListItem', 'ListItem', 'Organization']",False,/og-image.jpg,/og-image.jpg,SSG,False,0
/usd/calculator/400k-mortgage-monthly-payment-3-5-percent-eur,src/pages/calculator/[slug].tsx,200,,"index, follow (default)",['https://tryfincalc.com/eur/calculator/400k-mortgage-monthly-payment-3-5-percent-eur'],"[{'rel': 'alternate', 'hreflang': 'en', 'href': 'https://tryfincalc.com/eur/calculator/400k-mortgage-monthly-payment-3-5-percent-eur', 'data-next-head': ''}, {'rel': 'alternate', 'hreflang': 'x-default', 'href': 'https://tryfincalc.com/calculator/400k-mortgage-monthly-payment-3-5-percent-eur', 'data-next-head': ''}]",False,"€400,000 Mortgage at 3.5%: Jumbo Loan Payment & Income Guide | TryFinCalc","€400,000 mortgage at 3.5% over 25 years in: monthly payment €2,002, illustrative affordability check, jumbo-loan notes, and full rate sensitivity table.",1,"['FAQPage', 'Question', 'Answer', 'Question', 'Answer', 'Question', 'Answer', 'Question', 'Answer', 'BreadcrumbList', 'ListItem', 'ListItem', 'Organization']",False,/og-image.jpg,/og-image.jpg,SSG,False,0
/usd/calculator/400k-mortgage-monthly-payment-4-percent,src/pages/calculator/[slug].tsx,200,,"index, follow (default)",['https://tryfincalc.com/calculator/400k-mortgage-monthly-payment-4-percent'],[],False,"$400,000 Mortgage at 4%: Your Complete Payment Breakdown | TryFinCalc","What is the monthly payment on a $400,000 mortgage at a 4% example rate? See P&I, total interest, editable cost assumptions, and rate sensitivity.",1,"['FAQPage', 'Question', 'Answer', 'Question', 'Answer', 'Question', 'Answer', 'Question', 'Answer', 'BreadcrumbList', 'ListItem', 'ListItem', 'Organization']",False,/og-image.jpg,/og-image.jpg,SSG,False,0
/usd/calculator/50k-loan-monthly-payment-8-percent,src/pages/calculator/[slug].tsx,200,,"index, follow (default)",['https://tryfincalc.com/calculator/50k-loan-monthly-payment-8-percent'],[],False,"$50,000 Personal Loan at 8%: Payment, Costs & HELOC Guide | TryFinCalc","$50,000 personal loan at an 8% example rate: $780/month for 7 years and $15,520 total interest, with term and APR sensitivity tables.",1,"['FAQPage', 'Question', 'Answer', 'Question', 'Answer', 'Question', 'Answer', 'Question', 'Answer', 'BreadcrumbList', 'ListItem', 'ListItem', 'Organization']",False,/og-image.jpg,/og-image.jpg,SSG,False,0
/usd/calculator/5k-loan-monthly-payment-12-percent,src/pages/calculator/[slug].tsx,200,,"index, follow (default)",['https://tryfincalc.com/calculator/5k-loan-monthly-payment-12-percent'],[],False,"$5,000 Personal Loan at 12%: Payments, Costs & Timeline | TryFinCalc","Monthly payment on a $5,000 personal loan at 12% is $166 over 3 years — $976 total interest. Full term table, rate sensitivity, and offer-comparison guide.",1,"['FAQPage', 'Question', 'Answer', 'Question', 'Answer', 'Question', 'Answer', 'Question', 'Answer', 'BreadcrumbList', 'ListItem', 'ListItem', 'Organization']",False,/og-image.jpg,/og-image.jpg,SSG,False,0
/usd/calculator/700k-mortgage-monthly-payment-7-percent,src/pages/calculator/[slug].tsx,200,,"index, follow (default)",['https://tryfincalc.com/calculator/700k-mortgage-monthly-payment-7-percent'],[],False,"$700,000 Mortgage at 7%: Your Complete Payment Breakdown | TryFinCalc","What is the monthly payment on a $700,000 mortgage at a 7% example rate? See P&I, editable cost inputs, illustrative income scenarios, and rate sensitivity.",1,"['FAQPage', 'Question', 'Answer', 'Question', 'Answer', 'Question', 'Answer', 'Question', 'Answer', 'BreadcrumbList', 'ListItem', 'ListItem', 'Organization']",False,/og-image.jpg,/og-image.jpg,SSG,False,0
/usd/calculator/how-much-house-can-i-afford-100k-salary,src/pages/calculator/[slug].tsx,200,,"index, follow (default)",['https://tryfincalc.com/calculator/how-much-house-can-i-afford-100k-salary'],[],False,How Much House Can I Afford on a $100k Salary in 2026? | TryFinCalc,"Explore a $100,000 salary scenario with editable payment, debt, down-payment, rate, tax, and insurance assumptions.",1,"['FAQPage', 'Question', 'Answer', 'Question', 'Answer', 'Question', 'Answer', 'Question', 'Answer', 'BreadcrumbList', 'ListItem', 'ListItem', 'Organization']",False,/og-image.jpg,/og-image.jpg,SSG,False,0
/usd/calculator/how-much-house-can-i-afford-50k-salary,src/pages/calculator/[slug].tsx,200,,"index, follow (default)",['https://tryfincalc.com/calculator/how-much-house-can-i-afford-50k-salary'],[],False,"How Much House Can I Afford on a $50,000 Salary in 2026? | TryFinCalc","Explore a $50,000 salary scenario with editable payment, debt, down-payment, rate, tax, and insurance assumptions.",1,"['FAQPage', 'Question', 'Answer', 'Question', 'Answer', 'Question', 'Answer', 'Question', 'Answer', 'BreadcrumbList', 'ListItem', 'ListItem', 'Organization']",False,/og-image.jpg,/og-image.jpg,SSG,False,0
/usd/calculator/how-much-house-can-i-afford-60k-salary,src/pages/calculator/[slug].tsx,200,,"index, follow (default)",['https://tryfincalc.com/calculator/how-much-house-can-i-afford-60k-salary'],[],False,"How Much House Can I Afford on a $60,000 Salary in 2026? | TryFinCalc","Explore a $60,000 salary scenario with editable payment, debt, down-payment, rate, tax, and insurance assumptions.",1,"['FAQPage', 'Question', 'Answer', 'Question', 'Answer', 'Question', 'Answer', 'Question', 'Answer', 'BreadcrumbList', 'ListItem', 'ListItem', 'Organization']",False,/og-image.jpg,/og-image.jpg,SSG,False,0
/usd/calculator/how-much-house-can-i-afford-70k-salary,src/pages/calculator/[slug].tsx,200,,"index, follow (default)",['https://tryfincalc.com/calculator/how-much-house-can-i-afford-70k-salary'],[],False,"How Much House Can I Afford on a $70,000 Salary in 2026? | TryFinCalc","How much house can you afford on a $70,000 salary? Compare editable rate, debt, down-payment, tax, and insurance scenarios.",1,"['FAQPage', 'Question', 'Answer', 'Question', 'Answer', 'Question', 'Answer', 'Question', 'Answer', 'BreadcrumbList', 'ListItem', 'ListItem', 'Organization']",False,/og-image.jpg,/og-image.jpg,SSG,False,0
/usd/calculator/how-much-house-can-i-afford-80k-salary,src/pages/calculator/[slug].tsx,200,,"index, follow (default)",['https://tryfincalc.com/calculator/how-much-house-can-i-afford-80k-salary'],[],False,"How Much House Can I Afford on an $80,000 Salary in 2026? | TryFinCalc","How much house can you afford on an $80,000 salary in 2026? Get your max home price, monthly PITI breakdown, debt tables, and down payment analysis.",1,"['FAQPage', 'Question', 'Answer', 'Question', 'Answer', 'Question', 'Answer', 'Question', 'Answer', 'BreadcrumbList', 'ListItem', 'ListItem', 'Organization']",False,/og-image.jpg,/og-image.jpg,SSG,False,0
/usd/calculator/how-much-house-can-i-afford-90k-salary,src/pages/calculator/[slug].tsx,200,,"index, follow (default)",['https://tryfincalc.com/calculator/how-much-house-can-i-afford-90k-salary'],[],False,"How Much House Can I Afford on a $90,000 Salary in 2026? | TryFinCalc","How much house can you afford on a $90,000 salary? Compare editable rate, debt, down-payment, tax, and insurance scenarios.",1,"['FAQPage', 'Question', 'Answer', 'Question', 'Answer', 'Question', 'Answer', 'Question', 'Answer', 'BreadcrumbList', 'ListItem', 'ListItem', 'Organization']",False,/og-image.jpg,/og-image.jpg,SSG,False,0
/usd/calculator/income-required-for-200k-house,src/pages/calculator/[slug].tsx,200,,"index, follow (default)",['https://tryfincalc.com/calculator/income-required-for-200k-house'],[],False,"What Income Do You Need to Buy a $200,000 House in 2026? | TryFinCalc","Planning to buy a $200,000 home? See illustrative income scenarios, an editable cost breakdown, and how existing debts change the selected planning ratios.",1,"['FAQPage', 'Question', 'Answer', 'Question', 'Answer', 'Question', 'Answer', 'Question', 'Answer', 'BreadcrumbList', 'ListItem', 'ListItem', 'Organization']",False,/og-image.jpg,/og-image.jpg,SSG,False,0
/usd/calculator/income-required-for-300k-house,src/pages/calculator/[slug].tsx,200,,"index, follow (default)",['https://tryfincalc.com/calculator/income-required-for-300k-house'],[],False,"How Much Income Do You Need for a $300,000 Home in 2026? | TryFinCalc","What income do you need for a $300,000 house? See illustrative income scenarios, an editable cost breakdown, and how existing debts change the selected planning ratios.",1,"['FAQPage', 'Question', 'Answer', 'Question', 'Answer', 'Question', 'Answer', 'Question', 'Answer', 'BreadcrumbList', 'ListItem', 'ListItem', 'Organization']",False,/og-image.jpg,/og-image.jpg,SSG,False,0
/usd/calculator/income-required-for-400k-house,src/pages/calculator/[slug].tsx,200,,"index, follow (default)",['https://tryfincalc.com/calculator/income-required-for-400k-house'],[],False,"What Annual Income Do You Need for a $400,000 House in 2026? | TryFinCalc","What income do you need for a $400,000 house? See illustrative income scenarios, an editable cost breakdown, and how debt changes the result at a 6.8% example rate.",1,"['FAQPage', 'Question', 'Answer', 'Question', 'Answer', 'Question', 'Answer', 'Question', 'Answer', 'BreadcrumbList', 'ListItem', 'ListItem', 'Organization']",False,/og-image.jpg,/og-image.jpg,SSG,False,0
/usd/calculator/income-required-for-500k-house,src/pages/calculator/[slug].tsx,200,,"index, follow (default)",['https://tryfincalc.com/calculator/income-required-for-500k-house'],[],False,"What Income Is Required to Buy a $500,000 House in 2026? | TryFinCalc","Buying a $500,000 home takes strong income. See illustrative income scenarios, editable tax and insurance assumptions, and a down-payment impact analysis.",1,"['FAQPage', 'Question', 'Answer', 'Question', 'Answer', 'Question', 'Answer', 'Question', 'Answer', 'BreadcrumbList', 'ListItem', 'ListItem', 'Organization']",False,/og-image.jpg,/og-image.jpg,SSG,False,0
/usd/calculator/income-required-for-600k-house,src/pages/calculator/[slug].tsx,200,,"index, follow (default)",['https://tryfincalc.com/calculator/income-required-for-600k-house'],[],False,"What Salary Do You Need to Afford a $600,000 Home in 2026? | TryFinCalc","What income do you need for a $600,000 house? See illustrative income scenarios, editable cost assumptions, debt sensitivity, and down-payment options.",1,"['FAQPage', 'Question', 'Answer', 'Question', 'Answer', 'Question', 'Answer', 'Question', 'Answer', 'BreadcrumbList', 'ListItem', 'ListItem', 'Organization']",False,/og-image.jpg,/og-image.jpg,SSG,False,0
/usd/calculator/income-required-for-700k-house,src/pages/calculator/[slug].tsx,200,,"index, follow (default)",['https://tryfincalc.com/calculator/income-required-for-700k-house'],[],False,"Illustrative Income for a $700,000 House | TryFinCalc","Buying a $700,000 home puts you in a top income bracket. See illustrative income scenarios, editable cost assumptions, a debt-impact table, and down-payment scenarios.",1,"['FAQPage', 'Question', 'Answer', 'Question', 'Answer', 'Question', 'Answer', 'Question', 'Answer', 'BreadcrumbList', 'ListItem', 'ListItem', 'Organization']",False,/og-image.jpg,/og-image.jpg,SSG,False,0
/usd/contact,src/pages/contact.tsx,200,,"noindex, follow",['https://tryfincalc.com/contact'],[],False,Contact TryFinCalc: Get Expert Financial Advice | TryFinCalc,"Contact TryFinCalc with questions, feedback or calculator requests.",1,['Organization'],False,/og-image.jpg,/og-image.jpg,static HTML with client hydration,False,0
/usd/editorial-policy,src/pages/editorial-policy.tsx,200,,"index, follow (default)",['https://tryfincalc.com/editorial-policy'],[],False,Editorial Policy and Corrections | TryFinCalc,"Authorship, source selection, substantive updates, funding disclosures and error correction at TryFinCalc.",1,['Organization'],False,/og-image.jpg,/og-image.jpg,static HTML with client hydration,False,0
/usd/faq,src/pages/faq.tsx,200,,"index, follow (default)",['https://tryfincalc.com/faq'],[],False,"Financial Calculator FAQs — Mortgage, Loan & Affordability Questions Answered | TryFinCalc","Answers to the most common mortgage, loan, affordability, and refinancing questions. Includes real examples, formulas, and links to free calculators.",1,"['BreadcrumbList', 'ListItem', 'FAQPage', 'Question', 'Answer', 'Question', 'Answer', 'Question', 'Answer', 'Question', 'Answer', 'Question', 'Answer', 'Question', 'Answer', 'Question', 'Answer', 'Question', 'Answer', 'Question', 'Answer', 'Question', 'Answer', 'Question', 'Answer', 'Question', 'Answer', 'Question', 'Answer', 'Question', 'Answer', 'Question', 'Answer', 'Question', 'Answer', 'Question', 'Answer', 'Question', 'Answer', 'Question', 'Answer', 'Question', 'Answer', 'Organization']",False,/og-image.jpg,/og-image.jpg,static HTML with client hydration,False,0
/usd/loan-calculator,src/pages/loan-calculator.tsx,200,,"index, follow (default)",['https://tryfincalc.com/loan-calculator'],[],False,Personal Loan Calculator: Estimator & FAQ | TryFinCalc,Estimate installments for any personal or auto loan. See your monthly payment in seconds and compare total interest costs across various 2026 terms.,1,"['WebApplication', 'Offer', 'BreadcrumbList', 'ListItem', 'ListItem', 'Organization']",False,/og-image.jpg,/og-image.jpg,static HTML with client hydration,False,0
/usd/methodology,src/pages/methodology.tsx,200,,"index, follow (default)",['https://tryfincalc.com/methodology'],[],False,Calculation Methodology and Assumptions | TryFinCalc,"Payment formulas, rounding, financial model assumptions, exclusions and tested examples for TryFinCalc calculators.",1,['Organization'],False,/og-image.jpg,/og-image.jpg,static HTML with client hydration,False,0
/usd/monthly-payment-calculator,src/pages/monthly-payment-calculator.tsx,200,,"index, follow (default)",['https://tryfincalc.com/monthly-payment-calculator'],[],False,Monthly Payment Calculator: Fast Loan Estimates | TryFinCalc,Get an instant breakdown of your monthly obligation for any loan. See your monthly payment in seconds with our 2026 calculator. No sign-up required.,1,['Organization'],False,/og-image.jpg,/og-image.jpg,static HTML with client hydration,False,0
/usd/mortgage-calculator,src/pages/mortgage-calculator.tsx,200,,"index, follow (default)",['https://tryfincalc.com/mortgage-calculator'],[],False,Mortgage Calculator 2026: Monthly Payment Tool | TryFinCalc,Calculate your monthly mortgage payment with taxes and insurance. Compare rate scenarios and see your estimated monthly payment with our free 2026 tool.,1,"['WebApplication', 'Offer', 'BreadcrumbList', 'ListItem', 'ListItem', 'Organization']",False,/og-image.jpg,/og-image.jpg,static HTML with client hydration,False,0
/usd/privacy-policy,src/pages/privacy-policy.tsx,200,,"noindex, follow",['https://tryfincalc.com/privacy-policy'],[],False,Privacy Policy | TryFinCalc,"TryFinCalc privacy policy: how we handle your data, cookies, Google AdSense advertising, and your rights under GDPR and CCPA.",1,['Organization'],False,/og-image.jpg,/og-image.jpg,static HTML with client hydration,False,1
/usd/refinancing-calculator,src/pages/refinancing-calculator.tsx,200,,"index, follow (default)",['https://tryfincalc.com/refinancing-calculator'],[],False,Mortgage Refinance Calculator: Break-Even Tool | TryFinCalc,"Compare current and proposed loan payments, estimated lifetime savings and the time needed to recover refinancing costs.",1,"['WebApplication', 'Offer', 'BreadcrumbList', 'ListItem', 'ListItem', 'Organization']",False,/og-image.jpg,/og-image.jpg,static HTML with client hydration,False,0
/usd/rent-vs-buy,src/pages/rent-vs-buy.tsx,200,,"index, follow (default)",['https://tryfincalc.com/rent-vs-buy'],[],False,Rent vs Buy: Cost and Sensitivity Calculator | TryFinCalc,"Compare estimated discounted renting and ownership costs, sale equity, opportunity cost and sensitivity to appreciation and investment returns.",1,"['WebApplication', 'Offer', 'Organization']",False,/og-image.jpg,/og-image.jpg,static HTML with client hydration,False,0
/usd/search,src/pages/search.tsx,200,,"noindex, follow",[],[],False,"Search results for """" | TryFinCalc",Search results for articles and calculators on TryFinCalc.,1,['Organization'],False,/og-image.jpg,/og-image.jpg,static HTML with client hydration,False,0
/usd/terms-of-service,src/pages/terms-of-service.tsx,200,,"noindex, follow",['https://tryfincalc.com/terms-of-service'],[],False,Terms of Service: Usage Rules & Disclaimer | TryFinCalc,Review our terms of service and usage rules. Learn how to see your monthly payment in seconds safely using our free and transparent 2026 tools.,1,['Organization'],False,/og-image.jpg,/og-image.jpg,static HTML with client hydration,False,1
/usd/total-interest-calculator,src/pages/total-interest-calculator.tsx,200,,"index, follow (default)",['https://tryfincalc.com/total-interest-calculator'],[],False,Total Interest Calculator: Lifetime Loan Cost | TryFinCalc,"Calculate total interest and total repayment for a fixed-rate loan from its principal, annual interest rate and term.",1,['Organization'],False,/og-image.jpg,/og-image.jpg,static HTML with client hydration,False,0
/eur,src/pages/index.tsx,200,,"index, follow (default)",['https://tryfincalc.com'],[],False,Free Mortgage & Loan Calculators | TryFinCalc,"Calculate your exact monthly payment, total interest, and home affordability in seconds. Free calculators for the US and Europe. No sign-up required.",1,"['WebSite', 'SearchAction', 'Organization']",False,/og-image.jpg,/og-image.jpg,static HTML with client hydration,False,82
